ITEM-NBR,ITEM-ESTD-CST,ITEM-DESC,ACTL-NBR,ACTL-AMT,RQSTD-NBR,RQSTD-AMT,PROJD-NBR,PROJD-AMT
145,-86597.01,Cultivator,7000,-48888,108638,19969,742851,87500
148,-24525.91,Rear Engine Lawnmower,7001,98054,378297,-34206,336947,-54993
136,13918.34,Irrigation Pump,7002,37586,698446,-34211,844203,-56366
104,-90009.61,Combine Tractor,7003,619,519515,-48125,612982,-31398
129,-68557.69,Planter,7004,-78652,594027,-39036,640838,48852
118,77153.89,Pelican Bucket,7005,50216,580697,-15058,508646,78154
127,-24856.24,Chain Saw,7006,-72132,822806,-2187,822600,-50991
125,-96299.69,Front End Loader,7007,7973,329314,-26758,639993,2628
146,-91325.87,Harrow,7008,63003,492466,84968,231548,-13862
111,4578.19,Straw Blower,7009,-89930,385598,5981,364100,-78271
103,22604.84,Four Wheel Drive Tractor,7010,31010,852813,-75273,204876,-3652
142,85370.08,Plow,7011,83134,875924,-20781,420435,54723
100,-51670.87,Compact Utility Tractor,7012,59072,194925,24735,333342,6834
109,-76404.19,Digger,7013,43153,892452,-2733,813306,-12259
144,-57423.95,Trowel,7014,-34337,548460,10019,582526,-66920
133,67206.03,Drill Press,7015,-66901,432612,-36280,150422,10955
134,72307.42,Chop Saw,7016,-61996,934250,58723,790443,97581
123,-6113.54,Wagon,7017,-87141,771408,-16568,791502,-65074
106,-37397.62,Cotton Picker Tractor,7018,48867,831561,30833,883071,-58877
122,-11257.57,Back Hoe,7019,79978,893243,22763,642060,23419
143,-14172.89,Thresher,7020,38191,447128,-82016,160586,45370
131,83478,Grab-Hoe,7021,-40882,696941,-95977,938870,79655
147,23902.58,Lawn Tractor,7022,75943,898895,-52632,224036,83664
121,74179.62,Loader,7023,-19949,295276,-64143,106582,-8308
113,-6902.75,Slurry Tanker,7024,67442,671642,-1667,595057,-53857
130,69512.91,Spade,7025,35168,241485,28859,398113,-29495
112,-19380.22,Bale Spear,7026,-97827,837466,-81506,928713,54458
110,-84819.35,Mulch Tiller,7027,59141,221934,58403,308703,61479
138,78682.72,Bulb Planter,7028,-28610,932372,-45890,520285,-13649
120,-5154.66,Seed Drill,7029,22956,583443,-11540,490007,-3970
115,-52120.77,Backhoe,7030,-88260,863171,51681,980374,63219
141,50629.07,Rake,7031,-57021,674707,34783,117199,-34172
137,66846.62,Seed Drill,7032,-81631,693454,-77129,390002,37094
108,-21424.55,Round Baler,7033,83372,659148,-75695,779786,-48810
116,62409.7,Square Baler,7034,-43203,283454,74255,455292,44830
126,78338.83,Fertilizer Spreader,7035,19648,267305,4083,358324,-35360
139,94862.07,Pick Mattock,7036,93610,958246,-57639,385468,75136
128,-1524.9,Saw Mill,7037,-77284,921121,-44652,769109,26628
140,35658.52,Sickle,7038,60646,989620,-79129,918470,29929
119,-12100.09,Wheelbarrow,7039,-86056,989988,-8944,190955,61931
135,61057.46,Backpack Sprayer,7040,-35221,676481,-18922,328547,-93814
124,30021.94,Lawnmower,7041,92674,925477,-94733,464101,-85325
149,-25389.43,Electric Lawnmower,7042,78829,676714,13406,481948,61850
114,73835.51,Grain Auger,7043,-93710,197306,-10725,835660,9611
101,-22980.33,Utility Tractor,7044,-33472,342197,-41681,532454,34639
105,14725.63,Cotton Stripper Tractor,7045,-38632,429951,8776,938832,72766
117,7340.19,Seeder,7046,56748,849259,48068,662833,48283
107,73865.79,Sugarcane Harvester,7047,-96259,119743,-75028,684149,32233
102,65741.64,Row-Crop Tractor,7048,-59829,969059,-52931,909711,25740
132,43031.03,Work Bench,7049,-95848,557826,-90633,126283,68138
145,-28496.14,Cultivator,7050,22432,449171,-58395,672087,27217
148,4241.48,Rear Engine Lawnmower,7051,-99935,715011,-44199,561624,39822
136,85063.21,Irrigation Pump,7052,-90001,952498,70917,691289,-38241
104,82297.64,Combine Tractor,7053,-651,718675,39783,187116,52862
129,48063.09,Planter,7054,-20127,644410,-54753,356396,-78650
118,-87886.9,Pelican Bucket,7055,74352,717433,-65117,403088,-27727
127,-29598.65,Chain Saw,7056,-75080,145609,1740,362272,14766
125,-42516.84,Front End Loader,7057,86452,651193,78137,556089,-33259
146,54996.36,Harrow,7058,3888,584434,-27595,189282,-32469
111,-37132.12,Straw Blower,7059,-4179,483042,87478,528252,633
103,12772.13,Four Wheel Drive Tractor,7060,-23680,389906,56738,970973,-78853
142,75559.25,Plow,7061,86414,488844,81742,697205,72992
100,778.95,Compact Utility Tractor,7062,-98612,283924,11971,565921,-35811
109,-4920.57,Digger,7063,-1439,188545,65254,749926,67485
144,35024.45,Trowel,7064,59058,377710,-16144,856995,82752
133,-49461.08,Drill Press,7065,-3318,255836,-39378,626078,-29869
134,-80525.38,Chop Saw,7066,88537,513620,95870,235029,37100
123,-51663.5,Wagon,7067,81775,123712,-12504,111324,-21657
106,11894.13,Cotton Picker Tractor,7068,7277,977227,-53373,961043,-84734
122,42097.6,Back Hoe,7069,-14449,739652,-63544,780379,23770
143,-95324.43,Thresher,7070,37006,113015,27712,134625,-74614
131,-14532.94,Grab-Hoe,7071,-87329,214691,-72027,665911,-86898
147,-83114.67,Lawn Tractor,7072,-85872,906365,50905,148260,25713
121,-2799.67,Loader,7073,49992,201181,73890,324343,65954
113,45432.25,Slurry Tanker,7074,-4911,797421,-91133,731507,-42157
130,-58603.35,Spade,7075,6810,300287,-3739,794334,-15734
112,11347.92,Bale Spear,7076,-69560,866003,38980,427992,35712
110,-68191.09,Mulch Tiller,7077,4507,440777,-35468,917679,82655
138,42147.75,Bulb Planter,7078,-86455,139457,-23979,211841,61186
120,73024.4,Seed Drill,7079,-12908,660869,52178,494255,94924
115,11436.84,Backhoe,7080,90915,407161,-39875,816046,36406
141,61119.44,Rake,7081,-39412,596856,37103,281547,15791
137,35341.87,Seed Drill,7082,-27277,199390,10931,534857,2464
108,9281.72,Round Baler,7083,-45361,517392,-34212,934937,-54858
116,-99021.28,Square Baler,7084,-51525,287137,-44628,346955,-49860
126,-60446.06,Fertilizer Spreader,7085,59979,286801,54271,559239,-68353
139,-36116.3,Pick Mattock,7086,83637,801059,-6968,780302,59885
128,-64102.26,Saw Mill,7087,37543,437426,63207,671270,5674
140,-57884.25,Sickle,7088,17124,677775,64454,401022,41480
119,65443.25,Wheelbarrow,7089,-97328,988809,-55267,775006,64561
135,29782.86,Backpack Sprayer,7090,71852,982840,-83608,777401,20445
124,-99625.68,Lawnmower,7091,-89815,249193,-1933,685953,12847
149,-40099.95,Electric Lawnmower,7092,95858,249864,46974,673375,-43337
114,-66276.83,Grain Auger,7093,26570,937188,97066,945614,74952
101,-91348.62,Utility Tractor,7094,-52810,694838,-25896,853647,97561
105,-6742.06,Cotton Stripper Tractor,7095,72858,585520,-66888,381090,-61075
117,-45293.33,Seeder,7096,6747,930881,-81720,595459,-40635
107,35499.01,Sugarcane Harvester,7097,69146,925077,73500,377916,-8653
102,60357.03,Row-Crop Tractor,7098,57662,658269,74966,582999,86462
132,87842.22,Work Bench,7099,-84532,689308,1434,216706,48653
145,36694.51,Cultivator,7100,73160,734274,29784,279246,-53758
148,59048.09,Rear Engine Lawnmower,7101,43115,886361,-95664,761054,12156
136,56382.83,Irrigation Pump,7102,79530,121788,-64020,523936,-37728
104,-9688.49,Combine Tractor,7103,-20201,456653,99704,891884,-51931
129,90021.48,Planter,7104,-99666,786201,-15651,800776,-54105
118,-39339.43,Pelican Bucket,7105,-30674,708773,35099,776643,81467
127,-48264.49,Chain Saw,7106,-52492,199453,-26576,702567,-35844
125,-69118.77,Front End Loader,7107,4984,210769,27740,773573,17205
146,-24444.01,Harrow,7108,11907,236685,7838,677898,19967
111,-98839.08,Straw Blower,7109,-65410,336306,-5358,327120,3417
103,-83445.33,Four Wheel Drive Tractor,7110,7885,733147,-91342,651690,-37814
142,-83671.11,Plow,7111,-21026,367923,-23572,287431,38874
100,-76223.86,Compact Utility Tractor,7112,-64232,830082,-43521,580165,52092
109,-96445.1,Digger,7113,75265,886390,60240,602196,55535
144,-27989.74,Trowel,7114,50797,692657,99126,707424,65513
133,-74240.52,Drill Press,7115,82482,276065,-93680,518621,-26247
134,9927.32,Chop Saw,7116,-51602,257287,-61570,576834,45158
123,80024.29,Wagon,7117,-85265,713125,95094,211029,-85830
106,63637.07,Cotton Picker Tractor,7118,99185,592961,80087,665531,-10582
122,-77165.19,Back Hoe,7119,-54432,601147,11092,771348,-99635
143,40988.78,Thresher,7120,-4548,524133,10321,888616,10312
131,33559.39,Grab-Hoe,7121,16148,764464,-82366,106868,-71782
147,-37338.7,Lawn Tractor,7122,75137,304809,-19437,429380,25374
121,-2778.92,Loader,7123,67279,940590,-98826,747073,58494
113,-30340.26,Slurry Tanker,7124,27691,812038,47214,153351,-76429
130,-1951.51,Spade,7125,23559,414406,96603,122438,-79883
112,-86784.58,Bale Spear,7126,16263,447883,95521,416516,2165
110,-99133.56,Mulch Tiller,7127,45883,628390,-61577,219728,-93252
138,56254.57,Bulb Planter,7128,94108,699242,51973,925304,-12120
120,-43947.49,Seed Drill,7129,92074,650887,-60742,465364,-13
115,42075.61,Backhoe,7130,-64180,978481,-4236,456619,29637
141,8991.05,Rake,7131,27077,850307,52825,834040,-88667
137,48126.6,Seed Drill,7132,-54090,660155,20356,116411,-20404
108,46859.24,Round Baler,7133,78836,793150,37539,905715,97512
116,-15838.88,Square Baler,7134,-99430,240491,-99836,834261,47605
126,-42591.87,Fertilizer Spreader,7135,46864,398364,3877,200255,62437
139,62027.39,Pick Mattock,7136,34154,700299,76072,341333,96731
128,57579.7,Saw Mill,7137,-882,742571,98948,256464,25122
140,-29886.25,Sickle,7138,38750,552300,-87611,286206,-33899
119,-46152.68,Wheelbarrow,7139,55501,288906,55780,382723,83889
135,10310.26,Backpack Sprayer,7140,-73025,813670,16139,984780,-51588
124,-34917.4,Lawnmower,7141,49034,857726,-50661,687445,-20191
149,-28595.86,Electric Lawnmower,7142,-11709,501089,-62464,434153,-70929
114,-1130.54,Grain Auger,7143,-65573,863435,-13571,110336,74209
101,-83456.79,Utility Tractor,7144,2401,302433,-68460,938354,49166
105,-56198.02,Cotton Stripper Tractor,7145,-53997,386512,-76522,235256,39988
117,-81299.29,Seeder,7146,-14115,931719,23430,560651,76879
107,7532.6,Sugarcane Harvester,7147,24819,822440,49764,641323,-29565
102,63110.53,Row-Crop Tractor,7148,87979,153747,-57962,251000,58697
132,83371.75,Work Bench,7149,81598,270999,4977,413877,14964
145,-796.49,Cultivator,7150,-86541,309498,44049,414473,11279
148,72967.58,Rear Engine Lawnmower,7151,-77768,456878,-52796,518626,-49340
136,-16532.88,Irrigation Pump,7152,-2016,761755,85361,796121,99812
104,-53035.2,Combine Tractor,7153,44060,290864,-82146,938983,-77393
129,-78692.63,Planter,7154,43292,238182,50451,760250,-20354
118,-1577,Pelican Bucket,7155,52410,277941,-50577,122249,50098
127,-57428.45,Chain Saw,7156,-67266,982239,-32642,947309,27109
125,30183.84,Front End Loader,7157,43669,638709,4622,658800,27660
146,51741.04,Harrow,7158,7207,360397,-82988,798003,10480
111,19250.66,Straw Blower,7159,94371,634206,-23462,383124,-46092
103,77852.63,Four Wheel Drive Tractor,7160,-59992,535413,-97582,346407,38770
142,13169.1,Plow,7161,-27973,272225,23779,906799,80793
100,45153.26,Compact Utility Tractor,7162,82021,584425,40637,249382,-31255
109,-7117.22,Digger,7163,-72973,229313,34360,294037,-83881
144,93660.75,Trowel,7164,-66174,176758,63160,549636,41992
133,99275.7,Drill Press,7165,14722,568043,-31465,446253,6269
134,-94081.93,Chop Saw,7166,67321,431546,56236,592372,24230
123,69776.91,Wagon,7167,82291,956131,94757,414621,-92772
106,-67120.12,Cotton Picker Tractor,7168,-15144,807655,-68717,724541,-98744
122,-40991.27,Back Hoe,7169,-86673,756141,-98357,775376,97278
143,-23002.08,Thresher,7170,56904,212062,-40453,886836,-39863
131,29390.43,Grab-Hoe,7171,50275,505058,71094,253580,31129
147,80687.07,Lawn Tractor,7172,48868,220316,-49639,856848,84194
121,-78926.62,Loader,7173,99976,879186,78280,976178,-78661
113,62969.14,Slurry Tanker,7174,-17765,532886,-57780,590876,-34210
130,-9396.69,Spade,7175,-87723,291296,3200,316886,-41744
112,82884.72,Bale Spear,7176,-47178,817398,-3071,613046,26077
110,-63058.65,Mulch Tiller,7177,64671,280264,98607,729790,84850
138,-94990.1,Bulb Planter,7178,13759,795747,-1705,392495,-2312
120,87407.49,Seed Drill,7179,-53620,257779,13790,650617,-31478
115,-88040.26,Backhoe,7180,-49127,762682,-58980,917459,-53390
141,-46535.04,Rake,7181,41922,297695,-15378,967660,-29920
137,51429.35,Seed Drill,7182,81257,769931,-22106,866387,78332
108,11447,Round Baler,7183,-15648,763742,-9015,155861,-36919
116,-95554.85,Square Baler,7184,-25427,253014,32188,424290,-54694
126,58390.89,Fertilizer Spreader,7185,-48362,819553,-55411,598752,-77158
139,-87470.63,Pick Mattock,7186,81722,260742,-48076,744561,-90561
128,70972.41,Saw Mill,7187,-72325,593495,-66953,316777,-59802
140,32647.9,Sickle,7188,34385,395184,56219,161089,-62830
119,-92278.8,Wheelbarrow,7189,28617,247129,-82662,987179,-47410
135,77561.43,Backpack Sprayer,7190,-75462,193224,77614,924376,-48303
124,-87311.95,Lawnmower,7191,-57142,854192,5642,960668,68482
149,3048.67,Electric Lawnmower,7192,-20066,384466,63517,943029,89950
114,-94838.36,Grain Auger,7193,-77666,529603,-24278,826045,-20662
101,-67725.94,Utility Tractor,7194,51850,842416,-56213,807988,63306
105,-706.28,Cotton Stripper Tractor,7195,-5683,228227,-63557,382830,25949
117,-93169.66,Seeder,7196,28725,994625,97357,116218,-49190
107,-72382.92,Sugarcane Harvester,7197,-1289,479132,-52063,392368,-52833
102,-62440.82,Row-Crop Tractor,7198,-38801,595612,7254,440769,589
132,90923.25,Work Bench,7199,85729,495634,47977,648851,-79560
145,-3794.85,Cultivator,7200,80925,671188,11884,788697,77174
148,45401.8,Rear Engine Lawnmower,7201,9180,282167,51729,164602,-30815
136,30947.81,Irrigation Pump,7202,-22284,749700,-93088,154718,-97286
104,-71383.7,Combine Tractor,7203,-33214,392622,76448,765282,23726
129,-8016.04,Planter,7204,-45344,200982,-801,556547,78587
118,21644.27,Pelican Bucket,7205,-74333,482769,-32286,420856,69897
127,-99008.14,Chain Saw,7206,-70064,342235,7565,209158,-83007
125,73633.4,Front End Loader,7207,1455,716441,93832,572810,-41598
146,65093.08,Harrow,7208,47881,460352,-68091,683183,90177
111,80798.94,Straw Blower,7209,48638,820454,91142,393319,-90375
103,-40915.6,Four Wheel Drive Tractor,7210,-96179,735643,24537,333980,-64243
142,-48471.01,Plow,7211,-27480,741079,54841,951825,18924
100,87430.18,Compact Utility Tractor,7212,25216,177191,-27864,255458,-70442
109,23316.93,Digger,7213,-9930,990414,32437,669852,22917
144,-58082.04,Trowel,7214,52957,204716,-1004,656185,-24399
133,-19685.51,Drill Press,7215,46480,900598,-18583,548758,-4482
134,69119.62,Chop Saw,7216,19616,450286,-46516,391860,6925
123,-88285.13,Wagon,7217,-38140,584413,62768,815287,33591
106,21390.6,Cotton Picker Tractor,7218,-24818,928449,-73924,872996,11429
122,-43137.12,Back Hoe,7219,-84513,235569,-29952,961240,50526
143,-55483.87,Thresher,7220,82732,273254,-78188,545947,37045
131,95636.95,Grab-Hoe,7221,26615,650160,-69938,977738,30973
147,89665.52,Lawn Tractor,7222,-70566,748326,-37202,571860,-41497
121,76966.99,Loader,7223,76849,898350,53072,973003,-30153
113,10446.02,Slurry Tanker,7224,55126,363451,46612,843456,25789
130,-55836.79,Spade,7225,98542,556026,58857,202958,-34970
112,51157.34,Bale Spear,7226,-800,726399,40712,103596,99752
110,41206.51,Mulch Tiller,7227,-94679,538543,-71039,357736,-18652
138,19644.24,Bulb Planter,7228,-1114,412305,73870,131478,62093
120,-30122.48,Seed Drill,7229,-90976,588249,22406,193637,-96390
115,-13278.76,Backhoe,7230,27032,240993,-46199,124931,28528
141,-48230,Rake,7231,38190,819906,69564,713765,-87335
137,283.42,Seed Drill,7232,88035,727727,90739,214107,11256
108,-27052.87,Round Baler,7233,61187,349602,-54489,324332,-51380
116,37947.47,Square Baler,7234,-44552,426590,-17166,324343,-7297
126,93231.09,Fertilizer Spreader,7235,79463,555985,-52845,749997,82574
139,-45912.01,Pick Mattock,7236,-58088,395748,-36405,942113,58442
128,15107.94,Saw Mill,7237,-19285,877601,75387,236350,-76962
140,77686.52,Sickle,7238,7026,385026,-54736,762696,-13363
119,-73340.78,Wheelbarrow,7239,55034,142597,-48909,527332,-89720
135,72426.93,Backpack Sprayer,7240,-67379,250827,77209,254450,-9832
124,-83026.07,Lawnmower,7241,6112,360848,46728,626571,-56939
149,90481.56,Electric Lawnmower,7242,32820,409862,24032,509937,-97525
114,-35729.82,Grain Auger,7243,10060,951893,20849,394743,87002
101,33862.79,Utility Tractor,7244,77553,629137,-64803,209746,4992
105,2220.02,Cotton Stripper Tractor,7245,85863,106723,-16101,494381,-435
117,45698.53,Seeder,7246,68550,118037,-66393,519322,-89885
107,44000.07,Sugarcane Harvester,7247,-62426,965252,12914,559165,-60583
102,-91958.1,Row-Crop Tractor,7248,70023,167658,-27124,579119,2552
132,-28428.01,Work Bench,7249,-19247,473679,-81664,778587,41915
145,55999.8,Cultivator,7250,-76582,567076,-86624,750068,-63878
148,-54942.45,Rear Engine Lawnmower,7251,87820,174242,-55915,745725,-75212
136,37602.05,Irrigation Pump,7252,-59766,528366,-4340,946171,65728
104,-41922.35,Combine Tractor,7253,38256,318556,18997,927377,90579
129,66235.51,Planter,7254,72776,473254,-13572,646676,-94501
118,-36307.13,Pelican Bucket,7255,-54333,915562,17097,451326,-30716
127,98786.1,Chain Saw,7256,-64472,227907,-5692,868777,48659
125,70877.1,Front End Loader,7257,24974,495743,-32303,583900,54299
146,-99267.88,Harrow,7258,78104,541009,-44479,563963,36325
111,-41861.43,Straw Blower,7259,-69680,894171,37020,558091,313
103,-57002.48,Four Wheel Drive Tractor,7260,-88311,226750,15394,501174,51829
142,9384.3,Plow,7261,-76544,880765,-38755,712439,-52773
100,-89652.99,Compact Utility Tractor,7262,31518,841205,68567,283681,61774
109,50827.18,Digger,7263,72587,719679,-39277,355038,-49196
144,39478.85,Trowel,7264,98013,438918,-8666,617941,-30734
133,14218.06,Drill Press,7265,29724,153058,7983,824079,-21465
134,54908.13,Chop Saw,7266,-76285,459245,88317,169378,-47950
123,30652.35,Wagon,7267,95716,737208,-90726,844787,-79061
106,14317.2,Cotton Picker Tractor,7268,-51578,416142,41993,456052,1016
122,31947.09,Back Hoe,7269,26735,778121,-46779,371510,5554
143,-71644.42,Thresher,7270,58685,496026,-90391,780087,94272
131,-34229.52,Grab-Hoe,7271,-88168,653095,-26449,324154,-99225
147,-79823.71,Lawn Tractor,7272,31277,380926,80683,218034,-52326
121,-7518.61,Loader,7273,-13005,282664,-88228,611564,57666
113,38036.46,Slurry Tanker,7274,-28214,488474,88130,125341,-93105
130,-23214.06,Spade,7275,23491,439831,27007,871717,72027
112,70080.45,Bale Spear,7276,85971,853836,-34855,407279,-81310
110,88993.03,Mulch Tiller,7277,63686,176236,34255,978311,-20070
138,72730.22,Bulb Planter,7278,-48522,406959,43555,256718,62224
120,-53079.06,Seed Drill,7279,-9750,287115,-36091,659965,30990
115,-88819.72,Backhoe,7280,-73223,159334,-98604,721471,71565
141,-68602.3,Rake,7281,69926,416644,-11290,191468,85684
137,31261.84,Seed Drill,7282,-22382,842668,63316,959968,-91313
108,-32414.98,Round Baler,7283,61957,272804,53734,204696,85560
116,-69452.82,Square Baler,7284,-61621,291077,-34410,784872,-64738
126,-17369.96,Fertilizer Spreader,7285,47818,878364,-13792,862220,-6711
139,89740.23,Pick Mattock,7286,35493,656144,11689,872110,-45839
128,-37337.91,Saw Mill,7287,-7730,711064,-2093,302133,75418
140,43302.38,Sickle,7288,50861,757385,51255,435176,-72886
119,49379.01,Wheelbarrow,7289,-36590,906556,-92077,424931,36789
135,-72396.64,Backpack Sprayer,7290,-30979,882478,-36443,671640,-30288
124,51706.19,Lawnmower,7291,-80274,659591,-53342,528019,-81549
149,-30763.27,Electric Lawnmower,7292,90552,423326,-17624,937291,37518
114,5888.75,Grain Auger,7293,-23257,407853,31143,414897,-48955
101,14906.66,Utility Tractor,7294,27422,947331,-94507,561376,-6820
105,39954.06,Cotton Stripper Tractor,7295,-68388,413908,-43989,947639,44573
117,10513.18,Seeder,7296,-43751,809741,-5664,634592,-23811
107,-20683.83,Sugarcane Harvester,7297,8006,305162,15859,184502,87228
102,46805.98,Row-Crop Tractor,7298,67098,684603,-12786,622537,-51330
132,-73670.52,Work Bench,7299,53287,314395,-93903,606558,-10911
145,-64501.77,Cultivator,7300,-68169,546504,-19166,356291,-63331
148,28044.7,Rear Engine Lawnmower,7301,-41433,186167,-93022,601007,81760
136,-99358.39,Irrigation Pump,7302,-65387,810713,-24493,768720,-12077
104,-75436.24,Combine Tractor,7303,84044,865822,-36930,994427,-89909
129,-12893.35,Planter,7304,-17372,156212,89194,360666,95232
118,45186.43,Pelican Bucket,7305,-69350,778424,13967,913253,-28950
127,29530.79,Chain Saw,7306,11230,126888,43599,560997,-73210
125,-8108.02,Front End Loader,7307,55627,809783,-23291,904464,-56320
146,-37949.62,Harrow,7308,-7491,414132,-84040,599324,33655
111,-74329.91,Straw Blower,7309,35456,984716,-35910,854295,-20769
103,-28213.81,Four Wheel Drive Tractor,7310,-13708,694471,93664,633456,17305
142,12999.51,Plow,7311,58905,543225,-92183,154619,77819
100,564.32,Compact Utility Tractor,7312,-25330,283085,-21888,265182,32999
109,-4219.68,Digger,7313,-65658,671689,-706,757112,56167
144,-15732.45,Trowel,7314,-76704,705294,-55128,244315,-77456
133,80909.35,Drill Press,7315,69463,455641,57034,397295,38804
134,70634.03,Chop Saw,7316,17295,751605,-47821,945409,73844
123,-21280.04,Wagon,7317,-29534,600404,-67259,218334,43385
106,10340.97,Cotton Picker Tractor,7318,76087,420651,-5409,656890,76611
122,-10716.82,Back Hoe,7319,13794,753240,76254,163882,36876
143,-75443.71,Thresher,7320,82974,780141,48724,288067,83361
131,-49138.95,Grab-Hoe,7321,-38048,484917,-1470,699476,38374
147,-38584.12,Lawn Tractor,7322,-55725,768449,-68652,748568,50207
121,94919.29,Loader,7323,17255,173058,29786,379590,-74378
113,-61366.22,Slurry Tanker,7324,-37972,170559,27252,656804,43800
130,52817.94,Spade,7325,65080,153100,68112,654985,45548
112,-47479.19,Bale Spear,7326,64448,630108,57758,964076,-9816
110,-8217.84,Mulch Tiller,7327,-50260,594876,41391,769820,-41412
138,-63794.33,Bulb Planter,7328,-87836,847149,-73670,571038,-21204
120,76406.18,Seed Drill,7329,-25957,510892,53002,202117,-50306
115,47297.5,Backhoe,7330,84817,695828,43836,744837,36784
141,18153,Rake,7331,-83293,697453,5740,560119,-18149
137,-34224.88,Seed Drill,7332,-93613,121650,-12454,785485,76097
108,90051.85,Round Baler,7333,19671,609657,93334,189602,-25225
116,-1654.47,Square Baler,7334,7342,159844,-51229,622104,98517
126,41160.11,Fertilizer Spreader,7335,316,629229,-92491,448909,60164
139,-5787.74,Pick Mattock,7336,90481,844609,66221,735497,-47694
128,-85125.65,Saw Mill,7337,8320,948598,-86045,475626,47049
140,-46309.51,Sickle,7338,-91082,414436,19758,713139,-20176
119,17484.12,Wheelbarrow,7339,56536,499686,-3703,495471,62587
135,-61829.18,Backpack Sprayer,7340,47556,657994,26454,354123,-34719
124,29611.62,Lawnmower,7341,35485,224049,44914,852333,57519
149,83630.71,Electric Lawnmower,7342,-79352,608548,-1263,466417,-78674
114,38256.84,Grain Auger,7343,44071,861629,-53913,199616,-28964
101,-86613.38,Utility Tractor,7344,60473,586227,-22103,472210,24112
105,78085,Cotton Stripper Tractor,7345,-5202,503475,-36156,245890,46596
117,-45544.26,Seeder,7346,-37864,490499,588,759457,99787
107,-47419.51,Sugarcane Harvester,7347,-28451,442898,-25029,629186,52167
102,-5966.21,Row-Crop Tractor,7348,-41776,190220,-37732,581536,46633
132,20411.12,Work Bench,7349,-47430,418172,94601,113621,-29927
145,66808.03,Cultivator,7350,89373,371161,6064,276026,-58371
148,-17337.38,Rear Engine Lawnmower,7351,8437,649589,-94837,442528,81962
136,95456.44,Irrigation Pump,7352,-96746,224254,68721,469453,-52300
104,22770.09,Combine Tractor,7353,-9269,680646,16954,174101,24010
129,14159.42,Planter,7354,-61687,134472,-37445,126313,31357
118,-10689.06,Pelican Bucket,7355,-86068,235840,3871,987548,63469
127,-55317.49,Chain Saw,7356,-77233,602369,-77301,379423,-82994
125,72424.51,Front End Loader,7357,-17342,580735,64052,865999,-80312
146,81176.1,Harrow,7358,-80823,563315,90023,935643,-15560
111,-82706.81,Straw Blower,7359,-32257,126137,-62526,662278,62899
103,-42347.86,Four Wheel Drive Tractor,7360,53943,728487,85457,688543,-60735
142,52084.9,Plow,7361,77528,505011,85342,604856,77146
100,11926.75,Compact Utility Tractor,7362,92757,801922,-56195,646273,-94918
109,-10452.03,Digger,7363,-85072,407577,-30569,229952,-94808
144,94141.52,Trowel,7364,-98164,426979,-21643,596353,-31033
133,50958.22,Drill Press,7365,74955,444163,41964,976433,-7001
134,37786.87,Chop Saw,7366,-2924,105242,99683,678658,-16205
123,892.43,Wagon,7367,-86875,379440,-81757,828795,-84571
106,55153.08,Cotton Picker Tractor,7368,-39967,221329,39133,946987,-80798
122,58575.98,Back Hoe,7369,87029,570905,-84982,122016,93295
143,-71517.51,Thresher,7370,-44139,608143,74602,698612,-67241
131,90943.59,Grab-Hoe,7371,76798,649398,3920,530316,85120
147,-82275.07,Lawn Tractor,7372,36743,288253,-32854,842111,46802
121,-54872.78,Loader,7373,23571,358946,75796,883154,-68240
113,-1016.95,Slurry Tanker,7374,34782,294225,89187,834872,-98425
130,-25567.51,Spade,7375,-50941,348080,-824,657556,-94562
112,-13950.44,Bale Spear,7376,-32528,707591,69665,532394,-49921
110,13703.77,Mulch Tiller,7377,-61709,386225,-92118,204351,-6443
138,-35444.58,Bulb Planter,7378,-60167,832923,61127,801323,3235
120,50016.74,Seed Drill,7379,-49872,547185,-37290,243587,-65051
115,83109.08,Backhoe,7380,-25762,753004,4191,581541,-6894
141,-39025.73,Rake,7381,34387,411302,-34446,385975,95760
137,75066.85,Seed Drill,7382,-22247,278050,-63882,942964,-78004
108,-62237.51,Round Baler,7383,78196,484730,-7470,664398,-88993
116,936.62,Square Baler,7384,-56046,754764,91787,312102,84775
126,50329.23,Fertilizer Spreader,7385,-73771,711830,62371,567989,-61711
139,34183.64,Pick Mattock,7386,56293,786802,57070,561133,-70330
128,7118.08,Saw Mill,7387,-19159,576791,-74514,770664,-6949
140,-43859.49,Sickle,7388,-44427,289606,22715,495822,29732
119,69569.78,Wheelbarrow,7389,88601,143846,-8380,849160,81560
135,-80294.89,Backpack Sprayer,7390,-76487,648418,99517,335620,12027
124,23042.55,Lawnmower,7391,66354,330471,33695,387136,-11961
149,68567.45,Electric Lawnmower,7392,47455,811678,-16104,109996,-70544
114,11170.29,Grain Auger,7393,-73581,114277,-14505,817923,28962
101,26540.72,Utility Tractor,7394,45441,554485,30306,913520,66302
105,9238.72,Cotton Stripper Tractor,7395,-69303,920821,28094,847991,-45430
117,-4520.12,Seeder,7396,-77846,989452,-45492,312299,66354
107,-38374.61,Sugarcane Harvester,7397,-4587,564327,43153,236702,-99707
102,-7488.71,Row-Crop Tractor,7398,-22188,468656,-3675,325917,17809
132,-16352.55,Work Bench,7399,14082,381578,-5902,513385,-68217
145,-97381.89,Cultivator,7400,70942,998437,-48162,748790,-12934
148,-49428.86,Rear Engine Lawnmower,7401,82684,900408,31443,478683,90390
136,-57606.54,Irrigation Pump,7402,30067,675541,-91455,309377,78510
104,-76098.36,Combine Tractor,7403,-33089,369435,-84144,983059,-54350
129,18990.96,Planter,7404,-82591,424133,-20212,597114,45858
118,56611.05,Pelican Bucket,7405,89899,563250,96942,208675,-12340
127,-89126.98,Chain Saw,7406,32697,331188,47910,820145,-17995
125,18046.29,Front End Loader,7407,-33624,827893,-63371,533007,64854
146,14765.59,Harrow,7408,-73368,101746,-58543,379682,-56711
111,54541.56,Straw Blower,7409,2528,403115,14310,765331,97193
103,-90833.79,Four Wheel Drive Tractor,7410,29673,613024,-63205,214118,-78164
142,-36589.77,Plow,7411,58462,956542,-83555,335899,71417
100,-64953.95,Compact Utility Tractor,7412,-87245,534846,-63980,458822,-14768
109,16329.42,Digger,7413,-19699,925880,95675,900499,10350
144,26142.96,Trowel,7414,96728,606213,-82482,566390,77537
133,97895.01,Drill Press,7415,-86006,325226,16539,772947,-19656
134,-69199.9,Chop Saw,7416,64471,384915,-39430,892016,-31643
123,17853.79,Wagon,7417,23414,295614,91570,191340,67356
106,-13522.57,Cotton Picker Tractor,7418,79925,169958,72183,974806,-72684
122,-95984.11,Back Hoe,7419,-31320,864613,6202,369068,23155
143,-73476.58,Thresher,7420,98089,953220,76467,430078,33147
131,-79383.54,Grab-Hoe,7421,23319,715494,-19483,507672,35105
147,10482.8,Lawn Tractor,7422,-73698,927146,-97454,638062,-74351
121,45673.05,Loader,7423,88519,540538,-14332,737467,-16591
113,41166.11,Slurry Tanker,7424,1781,713073,-43404,826097,61825
130,-52286.38,Spade,7425,5900,327395,-49057,570171,-84278
112,39531.1,Bale Spear,7426,-67725,186578,-44948,533322,-20623
110,1082.6,Mulch Tiller,7427,-46205,524194,36126,544378,-24209
138,90334.7,Bulb Planter,7428,-49112,704382,35920,165382,-3682
120,-52917.45,Seed Drill,7429,10950,269966,-86150,656319,-31425
115,-59400.78,Backhoe,7430,87219,486161,-2184,319959,80450
141,35015.17,Rake,7431,47204,189479,-3468,415702,-62092
137,-20406.97,Seed Drill,7432,47573,424414,92957,336509,70727
108,-28391.4,Round Baler,7433,7352,779409,96420,608577,-67386
116,-33851.5,Square Baler,7434,-62717,179012,67561,527801,32861
126,70913.29,Fertilizer Spreader,7435,79304,371332,-88420,305271,69008
139,-71315.06,Pick Mattock,7436,-61639,412378,-1633,764961,-10576
128,85480.01,Saw Mill,7437,-14782,863393,-4777,491555,-1800
140,-957.53,Sickle,7438,38467,331063,17232,217643,-89651
119,261.67,Wheelbarrow,7439,-46795,229769,-52785,100006,-15735
135,-47941.42,Backpack Sprayer,7440,-9028,780714,90974,928120,-78947
124,-41175.35,Lawnmower,7441,-26090,754453,-45703,961497,-26888
149,39816.07,Electric Lawnmower,7442,75142,883056,64703,419688,-31334
114,57074.11,Grain Auger,7443,-23685,663467,-11375,250632,14441
101,-73115.97,Utility Tractor,7444,-84212,790723,-94774,541470,55348
105,-27143.05,Cotton Stripper Tractor,7445,23419,714182,-9202,488393,36932
117,-72393.6,Seeder,7446,-61453,876010,667,268749,10578
107,-42762.3,Sugarcane Harvester,7447,-4531,356026,96142,530791,-59589
102,-7977.96,Row-Crop Tractor,7448,34095,892265,-63131,143356,-19434
132,15103.43,Work Bench,7449,60623,454121,86450,947335,-73226
145,-56210.01,Cultivator,7450,-73629,257064,-83893,700349,-2826
148,50413.57,Rear Engine Lawnmower,7451,44385,414999,-4672,740277,80428
136,-78061.96,Irrigation Pump,7452,-36466,694900,-71113,600208,-49813
104,53793.77,Combine Tractor,7453,65896,354954,76583,466977,-70934
129,91030.51,Planter,7454,-57542,391635,-65202,377053,4493
118,73376.54,Pelican Bucket,7455,-38741,609542,79829,455812,-96895
127,-13608.17,Chain Saw,7456,26019,912597,63061,790043,44898
125,-70301.02,Front End Loader,7457,-51520,359961,51431,837619,-16993
146,11590.83,Harrow,7458,-77010,726134,77726,229436,57974
111,-61380.84,Straw Blower,7459,-2722,161433,-14458,421242,91318
103,92811.25,Four Wheel Drive Tractor,7460,92485,546306,-98197,752338,72894
142,-46377.28,Plow,7461,26599,691398,11992,868407,-99858
100,-89030.96,Compact Utility Tractor,7462,-61407,566283,-91802,362302,53122
109,48972.6,Digger,7463,67792,380235,-44438,269223,-70681
144,-91416.41,Trowel,7464,-76832,554928,22204,225043,-79669
133,37218.52,Drill Press,7465,-17818,382017,-26697,236527,52967
134,-65867.53,Chop Saw,7466,22294,536422,-11917,862054,-26758
123,10228.9,Wagon,7467,-87611,409247,77093,238300,-84921
106,-76721.77,Cotton Picker Tractor,7468,-13447,305962,23271,247850,-87564
122,-9491.45,Back Hoe,7469,3845,586855,47942,275645,-49340
143,31230.27,Thresher,7470,-64487,419078,49765,331481,5596
131,-40629.61,Grab-Hoe,7471,65314,801465,91208,298294,-10751
147,-64706.8,Lawn Tractor,7472,-80960,517247,-42352,278861,-3413
121,-46275.92,Loader,7473,55081,118549,-87058,517021,21312
113,-74027.05,Slurry Tanker,7474,21718,220018,64656,128471,88315
130,69564.59,Spade,7475,45914,526493,97792,901273,-14627
112,93820.4,Bale Spear,7476,58258,921769,94867,820792,-81352
110,37554.16,Mulch Tiller,7477,55649,495821,28769,529568,15073
138,-59055.77,Bulb Planter,7478,99962,391889,-48694,691882,9392
120,-74936.33,Seed Drill,7479,-32386,291013,29886,717369,40723
115,-81041.43,Backhoe,7480,-24814,354772,-8910,117120,33798
141,-93433.05,Rake,7481,4035,550881,47454,775744,60736
137,-27709.86,Seed Drill,7482,68429,126526,-10069,185852,-29271
108,-46865.96,Round Baler,7483,44322,914846,-14012,943274,-24720
116,67318.2,Square Baler,7484,79234,398121,-8933,694405,-14856
126,67035.49,Fertilizer Spreader,7485,61093,308008,-87472,945815,33983
139,-29419.9,Pick Mattock,7486,60931,486982,67881,110844,-12875
128,-64833.28,Saw Mill,7487,-42061,313496,-97670,211512,73850
140,-39015.59,Sickle,7488,33150,413720,-69020,422132,92336
119,-85042.98,Wheelbarrow,7489,46766,268780,82781,197862,-88506
135,-11843.66,Backpack Sprayer,7490,-9572,191743,-37282,504674,82766
124,-34275.02,Lawnmower,7491,-3963,701213,2399,391792,-71398
149,44320.82,Electric Lawnmower,7492,-9590,303651,51661,730681,-17020
114,15319.95,Grain Auger,7493,36465,900842,92333,282908,-42746
101,-90566.75,Utility Tractor,7494,46724,878983,86507,247356,-97428
105,-86800.38,Cotton Stripper Tractor,7495,76365,434183,4779,881703,24316
117,88473.22,Seeder,7496,-14910,296227,75406,442798,71940
107,-344.29,Sugarcane Harvester,7497,93015,440217,-54963,731235,-12667
102,-19046.49,Row-Crop Tractor,7498,-54642,491604,60008,600772,-44871
132,39483.57,Work Bench,7499,96235,910371,-55360,997518,23791
145,-87053.84,Cultivator,7500,-41557,711644,23210,778022,58922
148,5047.17,Rear Engine Lawnmower,7501,98405,978045,-68425,255510,-39348
136,-54775.49,Irrigation Pump,7502,47829,133317,-81923,705795,-66516
104,3236.11,Combine Tractor,7503,16199,167980,-75914,583756,25281
129,-4756.16,Planter,7504,-66017,139461,18277,974675,-68486
118,17629.2,Pelican Bucket,7505,17823,305913,98208,222200,-51120
127,56695.21,Chain Saw,7506,57989,370640,94546,236793,-89753
125,90937.61,Front End Loader,7507,-88811,125734,14617,503538,15848
146,36891.77,Harrow,7508,-82681,820998,98177,689684,74770
111,-52920.06,Straw Blower,7509,-7303,163725,90151,157350,36369
103,-13951.47,Four Wheel Drive Tractor,7510,4571,312125,-38098,906288,68572
142,-98851.38,Plow,7511,96329,408159,-52466,671345,21176
100,-16891.98,Compact Utility Tractor,7512,39971,187847,66592,891851,-66933
109,12267.59,Digger,7513,99938,484277,24282,357953,11765
144,-61435.21,Trowel,7514,-12812,458634,70158,418395,-65269
133,-72725.05,Drill Press,7515,4446,774461,-25508,610115,24565
134,-20436.54,Chop Saw,7516,16565,754639,11978,122836,-33373
123,34800.42,Wagon,7517,12749,313165,-3604,676901,-54260
106,75182.02,Cotton Picker Tractor,7518,82707,741868,17693,493389,143
122,82588.13,Back Hoe,7519,-49161,764600,51412,825551,-80000
143,21184.02,Thresher,7520,-35431,355785,19239,310043,-55513
131,-72196.13,Grab-Hoe,7521,-20616,407046,3900,769978,-85023
147,39686.61,Lawn Tractor,7522,37607,729201,63490,751720,-91618
121,-9028.44,Loader,7523,47457,648305,63412,913374,96131
113,81889.97,Slurry Tanker,7524,-26438,949814,50260,680916,-395
130,28880.68,Spade,7525,-70397,125610,-32571,954719,-48617
112,-79806.4,Bale Spear,7526,10009,120497,-45449,582369,54156
110,-64776.87,Mulch Tiller,7527,39047,110184,61998,806637,-44560
138,-78976.21,Bulb Planter,7528,-95526,635274,-14334,694009,59774
120,54799.7,Seed Drill,7529,63690,991913,-19244,217895,90287
115,-72937.4,Backhoe,7530,10642,738995,58714,761032,-8675
141,14083.17,Rake,7531,-21243,674452,-90015,144786,1910
137,-51134.79,Seed Drill,7532,-72637,394953,84315,996036,65262
108,37820.75,Round Baler,7533,58096,147962,62822,440368,91218
116,-83871.03,Square Baler,7534,30586,662335,63037,683239,33677
126,91093.6,Fertilizer Spreader,7535,-58730,715053,56835,445216,-38048
139,56811.37,Pick Mattock,7536,-27044,735843,-98885,888680,-58176
128,15433.34,Saw Mill,7537,-70954,535345,72486,426845,-91904
140,-12788.95,Sickle,7538,-63096,395826,-84046,885325,40226
119,-30255.7,Wheelbarrow,7539,18139,865404,-98983,961252,-88281
135,80617.29,Backpack Sprayer,7540,92315,469402,-45947,940422,-25150
124,44451.62,Lawnmower,7541,94803,197995,-97989,114209,-61437
149,50517.12,Electric Lawnmower,7542,-47906,264348,80577,479592,67586
114,80114.13,Grain Auger,7543,47163,483149,-98325,825250,-2002
101,2492.45,Utility Tractor,7544,14455,516844,-18208,828216,78134
105,-72838.41,Cotton Stripper Tractor,7545,33330,795899,61213,254835,-86202
117,-82937.83,Seeder,7546,87136,964540,-61015,310987,66724
107,-60062.7,Sugarcane Harvester,7547,-28568,758088,27097,570507,-73334
102,1053.31,Row-Crop Tractor,7548,17071,312420,35932,565974,22621
132,51904.05,Work Bench,7549,58727,547784,23846,724388,84787
145,-45567.58,Cultivator,7550,15121,248560,-18007,738120,-22334
148,-60605.74,Rear Engine Lawnmower,7551,-67164,280535,98313,706987,65824
136,-34480.25,Irrigation Pump,7552,-6888,341120,36691,182516,32379
104,78577.6,Combine Tractor,7553,45375,986159,97817,125963,-18088
129,44879.23,Planter,7554,-62051,843544,-13420,596964,7017
118,58872.83,Pelican Bucket,7555,26167,839340,64028,827248,-54852
127,-20203.41,Chain Saw,7556,24078,874408,48352,782571,58716
125,-1347.21,Front End Loader,7557,-89404,146505,-34810,241900,42139
146,23939.91,Harrow,7558,-85783,967466,10526,603891,57369
111,-59355.52,Straw Blower,7559,52232,318837,-89827,488524,-84556
103,77203.11,Four Wheel Drive Tractor,7560,93601,803234,10108,691447,43005
142,23961.32,Plow,7561,1968,288117,60253,997595,67610
100,85985.08,Compact Utility Tractor,7562,3741,172492,3475,832002,-69374
109,36610.57,Digger,7563,-24188,449021,-71856,923056,-49906
144,64012.06,Trowel,7564,-31597,884014,-73326,655822,26391
133,84441.04,Drill Press,7565,-94364,225151,-59570,310700,-15505
134,41376.43,Chop Saw,7566,-95293,111645,-66578,156738,49565
123,50625.3,Wagon,7567,-82195,289892,14072,705374,-56249
106,-50596.47,Cotton Picker Tractor,7568,58668,892008,1656,585850,63721
122,-85728.9,Back Hoe,7569,-7516,544496,-51833,796728,68026
143,-80410,Thresher,7570,-60211,195168,98957,574752,90984
131,-3964.86,Grab-Hoe,7571,-85456,423202,-47154,311315,55461
147,22293.65,Lawn Tractor,7572,-27083,205852,-79518,945549,67287
121,-70170.95,Loader,7573,39509,100917,78116,758624,-23192
113,78193.37,Slurry Tanker,7574,19032,512604,89691,837757,-90335
130,60530.56,Spade,7575,-36031,593797,-59628,529508,-23624
112,50198.6,Bale Spear,7576,16390,662519,-1465,697871,81709
110,4539.8,Mulch Tiller,7577,305,389728,42098,374344,-24953
138,80603.84,Bulb Planter,7578,-7659,348525,-18338,343035,-44304
120,37505.42,Seed Drill,7579,31575,603858,-17906,963586,-36371
115,-51633.09,Backhoe,7580,-83289,970195,-22508,954279,93041
141,-69824.2,Rake,7581,89003,195401,61492,206356,24922
137,-97191.42,Seed Drill,7582,23156,722741,57255,717025,79771
108,4001.82,Round Baler,7583,37658,475942,86976,420410,37707
116,-45772.77,Square Baler,7584,-39895,643260,-20499,248201,-71525
126,-26831.71,Fertilizer Spreader,7585,-4132,423161,90135,965523,-40436
139,20752.15,Pick Mattock,7586,99860,696685,5983,566933,55933
128,84843.77,Saw Mill,7587,35230,269016,-12236,173875,-44536
140,40601.15,Sickle,7588,-99315,757484,60726,619881,55059
119,-78374.71,Wheelbarrow,7589,1193,951109,-45077,516823,-54037
135,-48145.75,Backpack Sprayer,7590,-6466,711477,-18087,203748,54608
124,16356.23,Lawnmower,7591,-23514,216239,-67839,915313,74520
149,55956.59,Electric Lawnmower,7592,-34712,687720,27127,413035,14952
114,74379.35,Grain Auger,7593,79162,199807,-2570,638914,73270
101,-36410.58,Utility Tractor,7594,64618,339190,-19065,238332,-50656
105,-69662.83,Cotton Stripper Tractor,7595,53110,629895,79996,901537,-62473
117,-55272.76,Seeder,7596,-3224,162544,95954,322433,38471
107,12514.66,Sugarcane Harvester,7597,93365,203276,-69072,861188,-12608
102,3738.55,Row-Crop Tractor,7598,76457,426649,-28827,265615,-36298
132,11854.34,Work Bench,7599,-7210,892045,-39908,608073,-54372
145,37811.61,Cultivator,7600,10270,713474,-6256,338888,-85920
148,58262.73,Rear Engine Lawnmower,7601,29842,608041,55984,453537,14520
136,51119.84,Irrigation Pump,7602,-63853,789732,-62427,992063,37110
104,53653.21,Combine Tractor,7603,-69393,991230,81034,397243,-2592
129,-8801.03,Planter,7604,-48827,221748,-60884,465919,-5388
118,-67006.97,Pelican Bucket,7605,-68194,736327,17808,558525,25986
127,63930.52,Chain Saw,7606,-69140,272767,-78853,718775,87070
125,-28863.24,Front End Loader,7607,-10710,467596,64781,821637,-4524
146,50205.09,Harrow,7608,-9686,398784,-77755,535486,38748
111,15266.16,Straw Blower,7609,-78034,549403,67213,279849,70009
103,10900.85,Four Wheel Drive Tractor,7610,-48539,666478,-15171,931178,91261
142,95853.8,Plow,7611,-91208,814948,-46339,149860,37428
100,-28510.24,Compact Utility Tractor,7612,19458,116404,64481,678264,98360
109,-97537.2,Digger,7613,-81680,990421,49202,459861,39216
144,29675.79,Trowel,7614,56850,759360,86687,919306,-94578
133,70045.47,Drill Press,7615,-94063,408629,57972,962002,76405
134,-94013.2,Chop Saw,7616,26196,758412,-539,328310,-84291
123,72207.95,Wagon,7617,93212,392381,-40001,419303,-84762
106,46209.24,Cotton Picker Tractor,7618,-11590,378248,-93509,254952,-78522
122,40413.65,Back Hoe,7619,-34795,468693,-37329,212370,7770
143,77404.04,Thresher,7620,28067,416049,-6743,951015,-43797
131,-99519.69,Grab-Hoe,7621,57631,598758,-20131,728546,-63289
147,-887.01,Lawn Tractor,7622,78702,630608,60752,840736,11136
121,34412.89,Loader,7623,-77332,930633,35060,227066,58881
113,-20330.65,Slurry Tanker,7624,3481,162396,26368,827062,-20553
130,-85313.77,Spade,7625,-31761,691036,-81481,171456,-97646
112,-15089.65,Bale Spear,7626,57119,147890,35251,671274,21733
110,56490.22,Mulch Tiller,7627,-495,584155,-71202,980362,-28710
138,-16569.63,Bulb Planter,7628,-68292,229620,68438,646062,78614
120,-8950.06,Seed Drill,7629,20505,381459,84580,519323,42309
115,-84738.64,Backhoe,7630,-62930,740722,94158,721989,39155
141,-58891.5,Rake,7631,-3621,571774,70458,892595,34974
137,39221.8,Seed Drill,7632,-5082,976970,49996,623186,41485
108,-42011.53,Round Baler,7633,-59727,426419,-51255,199612,-40018
116,8421.77,Square Baler,7634,31772,260873,92619,483875,90879
126,64116.3,Fertilizer Spreader,7635,-86248,539396,99681,862726,69562
139,-78278.21,Pick Mattock,7636,38430,245332,88177,267649,-27280
128,51507.83,Saw Mill,7637,-52167,566860,-91826,306039,1530
140,99476.34,Sickle,7638,76374,770050,76396,720276,-28310
119,40214.14,Wheelbarrow,7639,-44402,132141,-37032,647045,69407
135,52857.6,Backpack Sprayer,7640,-25406,573952,63572,395036,48662
124,-94368.97,Lawnmower,7641,95518,573925,-66349,742657,-34962
149,-98112.1,Electric Lawnmower,7642,66750,303844,-19630,473671,53784
114,74135.07,Grain Auger,7643,-60,483396,-67563,173695,53929
101,-43480.88,Utility Tractor,7644,69924,847751,20206,646260,42877
105,-79526.79,Cotton Stripper Tractor,7645,-76600,196376,37305,306695,90622
117,99698.3,Seeder,7646,34721,617824,-4403,686710,78403
107,33310.29,Sugarcane Harvester,7647,31755,393525,-79881,572639,-64212
102,-23184.59,Row-Crop Tractor,7648,-36281,695446,-63660,172677,1729
132,-13942.95,Work Bench,7649,-35244,801810,-33350,259760,29430
145,-19202.85,Cultivator,7650,62956,655193,-36150,926335,8307
148,-84608.72,Rear Engine Lawnmower,7651,56565,567341,45735,407965,-52080
136,-39943.26,Irrigation Pump,7652,72212,112549,75905,439159,-61917
104,-2025.09,Combine Tractor,7653,-98902,291491,-2062,237472,-46908
129,-83129.69,Planter,7654,-99939,566100,-26268,767010,10685
118,-82853,Pelican Bucket,7655,-33924,173868,-499,608433,34560
127,-30992.79,Chain Saw,7656,-46558,274529,-89628,998037,-37580
125,92183.74,Front End Loader,7657,-77393,563784,40499,957896,91902
146,-42307.17,Harrow,7658,-67823,869624,-50388,808524,-78496
111,47874.81,Straw Blower,7659,-36068,770577,67085,423260,-89570
103,-35641.05,Four Wheel Drive Tractor,7660,-19897,105649,32623,961747,-18604
142,-84827.36,Plow,7661,21222,550864,-23798,878635,86940
100,-85324.48,Compact Utility Tractor,7662,-77091,678427,32425,317671,-9270
109,-85454.34,Digger,7663,53375,731947,82525,193206,88619
144,73303.23,Trowel,7664,28860,720212,7252,890285,-42310
133,48890.37,Drill Press,7665,27498,134265,92888,661491,-91885
134,24260.86,Chop Saw,7666,-89574,154593,-80625,452328,64425
123,21995.02,Wagon,7667,17405,643840,-13775,784734,-65958
106,-60340.02,Cotton Picker Tractor,7668,63744,685881,48000,687510,-20990
122,58473.02,Back Hoe,7669,70875,749679,73627,429301,-18490
143,18325.09,Thresher,7670,98220,331866,39577,747419,48873
131,50543.99,Grab-Hoe,7671,25427,889610,50690,398429,-37283
147,38612.97,Lawn Tractor,7672,-19397,546362,30464,670177,-45142
121,-17347.19,Loader,7673,45160,982131,38514,213136,-88983
113,11983.16,Slurry Tanker,7674,-94154,702823,-42859,705510,59058
130,26107.23,Spade,7675,73413,367191,77750,237948,-73108
112,-96034.78,Bale Spear,7676,98841,123390,30549,548383,47733
110,-67594.84,Mulch Tiller,7677,15331,732671,57740,788879,-80330
138,70360.88,Bulb Planter,7678,-20761,718699,53883,625804,29538
120,2294,Seed Drill,7679,31158,357790,-59533,115845,-69873
115,-23078.37,Backhoe,7680,5211,276892,-15387,428314,-15952
141,19829.54,Rake,7681,-30307,656946,7621,746771,-4888
137,-4424.89,Seed Drill,7682,-81582,890392,-7308,171407,-58747
108,96769.19,Round Baler,7683,-44102,792675,-93640,694746,24552
116,14873.82,Square Baler,7684,-97743,880673,-56885,824641,-80924
126,-7466.32,Fertilizer Spreader,7685,58162,936421,41982,212883,42791
139,-21368.81,Pick Mattock,7686,-74738,250757,-1154,382875,46382
128,-63981,Saw Mill,7687,51282,635320,15375,710732,37090
140,21189.17,Sickle,7688,73958,242489,-85414,244543,-13741
119,-15779.06,Wheelbarrow,7689,-65724,569670,24149,138177,-16852
135,-13780.49,Backpack Sprayer,7690,58447,525146,-78645,214995,30092
124,50978.3,Lawnmower,7691,71739,104077,-24404,848444,-49845
149,-970.45,Electric Lawnmower,7692,-65927,296435,29987,356521,-41778
114,91117.74,Grain Auger,7693,-95968,636882,6944,183022,-43834
101,5681.21,Utility Tractor,7694,-1140,900487,-70883,247111,73741
105,-54637.26,Cotton Stripper Tractor,7695,55098,444239,-64968,655376,91068
117,39017.47,Seeder,7696,31872,848248,-20429,585466,58076
107,18546.2,Sugarcane Harvester,7697,47795,970803,64738,449660,-64151
102,52109.67,Row-Crop Tractor,7698,37153,784769,56686,454294,33045
132,18305.19,Work Bench,7699,75319,506521,65306,800567,8661
145,-7154.81,Cultivator,7700,29450,885204,56849,460033,-9724
148,-89709.38,Rear Engine Lawnmower,7701,-91665,490072,86944,138442,-65879
136,6179.86,Irrigation Pump,7702,11203,708130,-38246,275426,-13595
104,-96308.26,Combine Tractor,7703,6203,712565,-28717,901839,-32964
129,-47016.83,Planter,7704,-27763,883789,-35196,905917,-66961
118,-84991.75,Pelican Bucket,7705,-84771,759524,-71043,344004,76162
127,-55121.92,Chain Saw,7706,-14653,543961,75086,620553,72880
125,-45192.86,Front End Loader,7707,14731,255285,-26536,281190,-53293
146,79490.5,Harrow,7708,67000,107779,74772,851525,-89044
111,-18585.45,Straw Blower,7709,91402,873755,24423,390439,-86880
103,13263.3,Four Wheel Drive Tractor,7710,8320,206732,49588,560679,875
142,-4540.61,Plow,7711,1537,362030,16233,729016,66333
100,37614.27,Compact Utility Tractor,7712,65167,771420,21117,201058,-38827
109,36960.68,Digger,7713,45938,865594,11171,853818,-7020
144,89630.17,Trowel,7714,-73810,576103,-31734,674246,8534
133,-17917.5,Drill Press,7715,-18704,873573,51259,176334,33656
134,45357.3,Chop Saw,7716,-66425,989691,-57177,157078,-7614
123,70001.15,Wagon,7717,12544,112454,71856,873536,-85947
106,35695.6,Cotton Picker Tractor,7718,-80763,159689,-51701,497094,-55918
122,42131.46,Back Hoe,7719,50266,998036,-96923,650979,-33279
143,-85131.76,Thresher,7720,7521,739315,70204,575883,32532
131,79305.53,Grab-Hoe,7721,-40617,111892,16752,131274,36022
147,-37587.8,Lawn Tractor,7722,91826,912655,-54642,771131,-70947
121,-82067.66,Loader,7723,4947,970948,57960,939225,-12871
113,7619.23,Slurry Tanker,7724,56445,738139,51083,136962,35669
130,80819.4,Spade,7725,-88849,414067,-59412,480749,31017
112,-98387.43,Bale Spear,7726,-36784,676963,75887,197732,29237
110,33826.25,Mulch Tiller,7727,24826,455166,-26579,781688,-503
138,-86456.6,Bulb Planter,7728,77322,306851,8932,801345,-14387
120,-20956.21,Seed Drill,7729,-70690,285257,-54823,721470,87557
115,34406.22,Backhoe,7730,-1955,730711,50997,350909,-56126
141,35766.16,Rake,7731,-26001,443259,55795,643277,51411
137,24683.7,Seed Drill,7732,-60517,113449,48387,897659,-11695
108,-69187.9,Round Baler,7733,395,299759,52760,853506,79373
116,86497.64,Square Baler,7734,-82784,343281,-16115,583604,-14520
126,49683.23,Fertilizer Spreader,7735,14815,450975,43323,656954,-52411
139,16636.4,Pick Mattock,7736,40148,429362,-83111,653258,-97530
128,78178.79,Saw Mill,7737,68763,973121,-7176,756626,-40284
140,-76313.63,Sickle,7738,35924,124974,3967,735221,59920
119,-65801.14,Wheelbarrow,7739,-36358,895720,-66307,340491,-56670
135,66225.89,Backpack Sprayer,7740,-66808,599769,-10337,701388,-38338
124,-83261.2,Lawnmower,7741,-83802,843580,-75396,635503,-41565
149,79256.69,Electric Lawnmower,7742,41333,952007,16706,899277,65588
114,-14426.7,Grain Auger,7743,97045,149822,-1008,986158,61201
101,59393.04,Utility Tractor,7744,-33816,630808,42855,999106,-91683
105,-10593.79,Cotton Stripper Tractor,7745,55876,841951,-4240,834955,98862
117,-5983.15,Seeder,7746,62115,638888,63663,187585,27680
107,-81188.97,Sugarcane Harvester,7747,40298,860060,73227,161289,-52372
102,29962.2,Row-Crop Tractor,7748,-85953,774705,41987,612304,-35738
132,931.77,Work Bench,7749,-41494,608018,58251,368953,-79101
145,8860.7,Cultivator,7750,66812,907709,57767,820041,-39244
148,-2009,Rear Engine Lawnmower,7751,79746,595154,29844,327593,14446
136,85024.21,Irrigation Pump,7752,8525,446656,-70755,252131,-68011
104,-69895.48,Combine Tractor,7753,44434,226365,-1839,556904,-13866
129,55418.67,Planter,7754,-28228,629764,-41789,790903,-40846
118,-98098.75,Pelican Bucket,7755,6240,681517,58891,415209,-17800
127,-8035.12,Chain Saw,7756,-31566,636985,82213,510947,-59117
125,85855.79,Front End Loader,7757,-22837,275600,-25524,979952,94985
146,-34333.06,Harrow,7758,48532,201818,-49780,556558,-12007
111,56351.98,Straw Blower,7759,-58711,251345,-4314,830115,7741
103,-50049.65,Four Wheel Drive Tractor,7760,60073,891697,-44727,431207,-65063
142,-30523.09,Plow,7761,-5863,305664,-22314,158645,-66263
100,-65872.3,Compact Utility Tractor,7762,20128,916700,495,354983,84526
109,91064.32,Digger,7763,32679,641067,-16202,369137,20070
144,62175.92,Trowel,7764,38751,896789,71255,316613,36187
133,-10669.5,Drill Press,7765,-18069,282293,-15123,475399,94969
134,-9328.2,Chop Saw,7766,-26418,819047,48052,396476,-88715
123,-59022.15,Wagon,7767,-43632,339638,92502,867464,-16452
106,46225.5,Cotton Picker Tractor,7768,65901,463333,36312,938806,-413
122,-98383.09,Back Hoe,7769,80883,879632,-90716,323290,-29155
143,-71598.35,Thresher,7770,2440,751347,-32878,510837,-72095
131,-27490.35,Grab-Hoe,7771,-98118,396938,19087,581416,55532
147,74369.28,Lawn Tractor,7772,74895,496418,-22396,179624,-52020
121,-85009.51,Loader,7773,-39447,569538,26985,977375,-80060
113,39606.02,Slurry Tanker,7774,90040,430809,58220,520062,5334
130,23080.75,Spade,7775,-2764,367538,-41876,997285,65989
112,86414.44,Bale Spear,7776,-87536,177172,-66858,598861,98467
110,92933.31,Mulch Tiller,7777,-3176,918692,10071,805760,-56168
138,-39131.83,Bulb Planter,7778,21699,523891,69859,492712,47440
120,-96105.6,Seed Drill,7779,-58981,177135,-43141,968218,1331
115,62992.76,Backhoe,7780,27022,256232,-16499,439424,41529
141,65578.21,Rake,7781,-54316,896959,-96478,890925,78535
137,98583.24,Seed Drill,7782,-51129,126332,-91745,866987,89862
108,9213.98,Round Baler,7783,-78658,803598,-25335,430021,66871
116,-46953.45,Square Baler,7784,-45329,158442,-71870,439755,64490
126,-24424.46,Fertilizer Spreader,7785,-42154,978109,-97507,685128,-70567
139,96649.41,Pick Mattock,7786,67129,972445,31498,315582,663
128,-11385.82,Saw Mill,7787,-31538,645571,98739,101391,12560
140,-24472.83,Sickle,7788,32276,847227,-64596,101206,-62861
119,86731.81,Wheelbarrow,7789,-92661,990869,-70649,625778,67743
135,99157.14,Backpack Sprayer,7790,-91314,290887,-5102,422596,-17520
124,-8818.48,Lawnmower,7791,43915,988094,72385,999070,80869
149,5559.21,Electric Lawnmower,7792,54734,582119,54464,855324,88292
114,19106.33,Grain Auger,7793,3366,430413,49341,552571,-62519
101,2392.65,Utility Tractor,7794,-33747,257028,46876,311533,-36257
105,5817.11,Cotton Stripper Tractor,7795,-18258,547069,-89009,776343,-84895
117,-51213.94,Seeder,7796,36463,936714,-15637,506093,72199
107,84352.49,Sugarcane Harvester,7797,-59616,650430,40902,521012,21249
102,-5584.53,Row-Crop Tractor,7798,-6837,251552,72029,178165,52560
132,-33910.77,Work Bench,7799,-48214,600128,-93903,522293,-84816
145,-26896.95,Cultivator,7800,53924,336956,8944,721408,-59743
148,65217.83,Rear Engine Lawnmower,7801,-93277,244428,-67657,997491,-11872
136,-79845.31,Irrigation Pump,7802,84255,594849,51642,317166,-45338
104,49982.47,Combine Tractor,7803,-36770,438068,3421,592191,-54317
129,27071.17,Planter,7804,-65369,369185,-21454,543688,62396
118,53203.9,Pelican Bucket,7805,-63840,986321,-37916,861530,-77721
127,-71540.73,Chain Saw,7806,-58680,896765,-91720,287697,-56291
125,-45943.63,Front End Loader,7807,-12003,902621,-63643,389701,-99901
146,-51865.93,Harrow,7808,10802,430223,11556,328804,-94186
111,-98572.31,Straw Blower,7809,46125,528237,46060,904797,215
103,32074.28,Four Wheel Drive Tractor,7810,71247,160501,-18824,873594,95739
142,50566.48,Plow,7811,28017,497023,-72020,496317,24924
100,46776.6,Compact Utility Tractor,7812,31043,359638,49816,312875,-36708
109,-79851.45,Digger,7813,-39859,758400,59778,354531,75174
144,34574,Trowel,7814,-60044,483734,84010,243998,-45268
133,-47742.95,Drill Press,7815,90494,183611,18655,145590,-20189
134,17200.32,Chop Saw,7816,50311,486645,64422,854097,-18615
123,-50893.87,Wagon,7817,30390,986423,-89912,543047,29060
106,-9476.47,Cotton Picker Tractor,7818,2947,351727,-93095,320867,-38370
122,61552.7,Back Hoe,7819,98121,918606,67754,122526,55499
143,57799.02,Thresher,7820,-11146,768288,28288,771716,32189
131,-63438.88,Grab-Hoe,7821,-92508,642923,-77127,894183,-15704
147,-49554.29,Lawn Tractor,7822,82742,128963,-24745,195902,-8803
121,-937.83,Loader,7823,75469,786217,-39590,511871,-64493
113,-5433.48,Slurry Tanker,7824,-46928,676224,-92503,436251,-7745
130,62228.62,Spade,7825,-5700,127253,1340,868168,50310
112,-63865.41,Bale Spear,7826,-10862,414824,-83976,333984,78814
110,-27649.59,Mulch Tiller,7827,-55974,504385,-44272,942007,-6291
138,93936.13,Bulb Planter,7828,75878,699554,75363,794670,56490
120,-34692.03,Seed Drill,7829,171,343163,35354,410906,-36702
115,-98050.84,Backhoe,7830,76217,167234,96874,363954,-7819
141,-60686.22,Rake,7831,57501,869454,60919,315111,-54696
137,51433.55,Seed Drill,7832,27875,529600,-14267,702036,-32757
108,-64510.05,Round Baler,7833,51323,180824,66540,634236,-90864
116,-64142.23,Square Baler,7834,-435,252428,59598,271067,-91292
126,-37437.56,Fertilizer Spreader,7835,-36672,603431,-39032,122287,34657
139,996.29,Pick Mattock,7836,-66842,489447,-73882,896357,-39382
128,9925.82,Saw Mill,7837,40732,206972,-15105,118850,50740
140,-64337.09,Sickle,7838,-37570,737510,9578,872476,-2140
119,69978.12,Wheelbarrow,7839,94285,494779,-62589,153576,28297
135,-91778.52,Backpack Sprayer,7840,-1512,477645,67556,480045,-58769
124,54958.76,Lawnmower,7841,-51268,318928,-79256,496158,85320
149,-78922.45,Electric Lawnmower,7842,-37294,388903,4021,672413,-25779
114,-16838.75,Grain Auger,7843,26473,714563,13749,219843,-5429
101,23385.61,Utility Tractor,7844,-67604,174616,78468,137080,65401
105,86187.46,Cotton Stripper Tractor,7845,89590,431681,59346,158691,-7805
117,14311.64,Seeder,7846,-77298,459174,74625,153498,-16338
107,-44201.32,Sugarcane Harvester,7847,24878,726739,73015,581072,73167
102,20804.07,Row-Crop Tractor,7848,-14483,927274,-35872,676209,40962
132,-56697.57,Work Bench,7849,-21166,714784,32466,266111,-2267
145,3197.55,Cultivator,7850,21481,858805,-4132,443859,-97418
148,9202.09,Rear Engine Lawnmower,7851,1629,194959,-20608,473117,-86218
136,47585.98,Irrigation Pump,7852,22860,615937,-74285,253899,95248
104,4122.76,Combine Tractor,7853,29236,869329,-94770,229908,-13139
129,-63411.45,Planter,7854,-48304,116584,-22388,100690,-91381
118,-50547.64,Pelican Bucket,7855,-66679,555433,-77067,681071,8874
127,-6010.33,Chain Saw,7856,66740,749232,-57987,272748,18082
125,13906.68,Front End Loader,7857,39435,967300,-79255,210371,66342
146,-76591.88,Harrow,7858,40444,851454,-91225,738276,71898
111,27998.58,Straw Blower,7859,-5611,155794,-13631,580081,-88096
103,-12579.3,Four Wheel Drive Tractor,7860,94608,889721,33002,689101,24606
142,-76123.07,Plow,7861,-27541,241534,-97240,723731,-85440
100,-83899.32,Compact Utility Tractor,7862,2111,941583,-79480,149985,51210
109,57671.22,Digger,7863,56160,402050,54060,466280,24067
144,14973.28,Trowel,7864,72933,247491,-80000,357956,77279
133,59803.22,Drill Press,7865,40941,388270,-36519,307937,-53814
134,5389.81,Chop Saw,7866,-14309,778533,-39093,584039,50741
123,54494.16,Wagon,7867,-12302,443274,45949,359425,-61851
106,-85298.69,Cotton Picker Tractor,7868,-47611,979542,54670,236414,-54665
122,-64727.22,Back Hoe,7869,-1117,373909,83141,875191,-88544
143,14762.5,Thresher,7870,177,736255,-34563,970860,43861
131,73202.75,Grab-Hoe,7871,76680,455691,13059,305516,-4501
147,96240.67,Lawn Tractor,7872,-53822,792987,37814,471349,-79811
121,-49777.76,Loader,7873,5749,647877,-55644,773790,67634
113,98761.02,Slurry Tanker,7874,63026,649753,-69473,925550,-84777
130,94075.36,Spade,7875,74959,812333,74791,216490,96490
112,-20920.89,Bale Spear,7876,-95757,712126,7907,487039,82700
110,66856.31,Mulch Tiller,7877,76732,124302,-19734,332709,-71435
138,36896.12,Bulb Planter,7878,-24055,962579,58776,828800,-5451
120,57869.09,Seed Drill,7879,74441,818904,-25291,269138,-94494
115,-25587.88,Backhoe,7880,-89630,410300,18331,187674,-94512
141,-67850.72,Rake,7881,-27409,466816,-97727,227807,74604
137,40110.13,Seed Drill,7882,86354,942672,-17783,763183,56967
108,4247.95,Round Baler,7883,-4645,735428,-73813,912805,-40242
116,-63201.48,Square Baler,7884,56681,719906,75683,671974,19424
126,64080.74,Fertilizer Spreader,7885,-60866,961213,40234,845174,-5343
139,-54438.65,Pick Mattock,7886,50110,774195,-11589,994224,31683
128,19584.15,Saw Mill,7887,32165,158410,70820,230846,45098
140,-35911.56,Sickle,7888,66885,729221,-75105,886202,75168
119,-71368.12,Wheelbarrow,7889,-57230,403026,-16311,396813,-69383
135,72084.92,Backpack Sprayer,7890,-16061,715889,-53327,829162,-42567
124,-26127.38,Lawnmower,7891,-61269,344859,32960,105491,11587
149,57644.03,Electric Lawnmower,7892,29025,560206,-72168,711169,78598
114,62824.12,Grain Auger,7893,24626,762103,-83906,908559,79030
101,62758.14,Utility Tractor,7894,65264,942541,-96841,498973,2281
105,33839.97,Cotton Stripper Tractor,7895,-17360,245500,-1193,947627,-49930
117,81854.12,Seeder,7896,592,151894,73549,778009,55945
107,446.38,Sugarcane Harvester,7897,-83855,932731,-75700,872301,-79799
102,22111.16,Row-Crop Tractor,7898,-74538,538185,-99125,516950,36939
132,20397.69,Work Bench,7899,83104,198354,8979,834314,-80087
145,11495.79,Cultivator,7900,-12655,769191,74356,122215,-3658
148,-60797.69,Rear Engine Lawnmower,7901,-60977,138895,17488,725821,-65673
136,-45577.67,Irrigation Pump,7902,55373,156939,-77126,446839,-71297
104,-45418.12,Combine Tractor,7903,-87687,796708,72767,317920,-40295
129,-97481.17,Planter,7904,-21247,272758,58238,906961,-33708
118,-878,Pelican Bucket,7905,87294,130941,64276,585438,-1328
127,-11158.48,Chain Saw,7906,-90973,231375,87031,142579,31519
125,-82946.42,Front End Loader,7907,68326,321749,-7973,911346,-70624
146,-38904.46,Harrow,7908,10644,400957,-90643,443932,70251
111,44019.27,Straw Blower,7909,38647,673221,75204,325779,3016
103,99564.68,Four Wheel Drive Tractor,7910,86734,152779,29472,434775,-62620
142,-68841.94,Plow,7911,-57985,217322,60796,960772,-91925
100,-857.88,Compact Utility Tractor,7912,-38741,974504,-54212,575449,84145
109,-88079.47,Digger,7913,64821,268484,54889,594177,33153
144,-62028.79,Trowel,7914,66975,373114,-65792,871124,73544
133,8921.18,Drill Press,7915,-43018,985928,31556,814098,-65318
134,-92604.74,Chop Saw,7916,9834,396505,85273,519264,-37558
123,-20128.98,Wagon,7917,-32464,820257,699,823248,91075
106,72580.4,Cotton Picker Tractor,7918,73970,212600,-66181,136808,-38445
122,-44379.32,Back Hoe,7919,38832,357082,37121,494330,-908
143,-62541.05,Thresher,7920,49283,229623,-92313,234181,96821
131,79284.59,Grab-Hoe,7921,2507,669055,-72741,806107,-55093
147,42331.5,Lawn Tractor,7922,31608,916933,15329,916650,49341
121,21657.99,Loader,7923,39922,852784,84089,246919,25911
113,-85713.5,Slurry Tanker,7924,46939,764249,39141,489814,6924
130,-36500.22,Spade,7925,94902,168630,-76651,527192,86514
112,92594.99,Bale Spear,7926,61938,312709,-28279,456574,-78056
110,-67199.05,Mulch Tiller,7927,74558,884892,93715,842078,-28734
138,-5554.15,Bulb Planter,7928,94929,281833,-91254,130424,94603
120,-3083.21,Seed Drill,7929,73110,761851,-74217,322440,-36511
115,-41456.29,Backhoe,7930,-73455,349492,43434,787177,-22808
141,-19648.11,Rake,7931,-64083,206066,-56715,533720,28049
137,-90342.22,Seed Drill,7932,-12581,564560,-65527,565266,-19628
108,-20450.8,Round Baler,7933,-87689,963665,-15165,627172,-30153
116,-59333.68,Square Baler,7934,-15159,141066,16163,964788,87668
126,-50397.1,Fertilizer Spreader,7935,-13523,884059,-60667,831191,11115
139,24989.42,Pick Mattock,7936,-96001,451897,-35306,266194,-97606
128,5156.91,Saw Mill,7937,16396,157518,98788,887813,-21710
140,75542.43,Sickle,7938,61589,413229,-78931,990332,-52295
119,91904.08,Wheelbarrow,7939,-18117,861766,22215,565001,-42442
135,-95454.05,Backpack Sprayer,7940,31441,177469,-67105,902337,-94345
124,-86043.51,Lawnmower,7941,-81794,256185,81009,629949,75983
149,-90631.38,Electric Lawnmower,7942,85241,987123,1907,419493,42293
114,-82290.69,Grain Auger,7943,71411,642402,-9909,581860,-21706
101,35904.42,Utility Tractor,7944,59707,945609,75803,962878,-85303
105,173,Cotton Stripper Tractor,7945,1545,252680,-29217,578673,-40911
117,-28684.5,Seeder,7946,23132,461410,-42677,809430,-17593
107,-41728.81,Sugarcane Harvester,7947,19947,181875,-83875,135881,53160
102,81357.97,Row-Crop Tractor,7948,43734,216453,-90946,202822,-5477
132,-41150.8,Work Bench,7949,35363,436902,41534,592406,80671
145,73490.98,Cultivator,7950,-28372,450810,-10217,774577,67106
148,52668.67,Rear Engine Lawnmower,7951,-56886,968638,12112,248964,-2752
136,-91141.16,Irrigation Pump,7952,-76619,275704,31500,991818,84659
104,-97377.02,Combine Tractor,7953,70605,179459,-17837,247949,28635
129,37097.81,Planter,7954,38334,909681,-45453,711041,-92975
118,-62980.06,Pelican Bucket,7955,-68739,385406,-97050,940449,-33062
127,-79037.26,Chain Saw,7956,-79875,449602,-58699,735757,-13012
125,-93171.77,Front End Loader,7957,8581,435464,-91652,556665,68238
146,-76416.61,Harrow,7958,-71882,799330,48010,439199,18314
111,-4022.95,Straw Blower,7959,83257,944743,18876,461472,-45684
103,-19214.95,Four Wheel Drive Tractor,7960,96330,637385,-2293,628627,-11337
142,26372.26,Plow,7961,25106,953433,35461,479434,93953
100,54003.65,Compact Utility Tractor,7962,18241,138048,66845,777976,9305
109,-31396.73,Digger,7963,66446,938715,-7968,602835,22609
144,91199.11,Trowel,7964,17286,747049,80716,812030,87707
133,9676.43,Drill Press,7965,39192,469688,50409,782353,-81059
134,3747.69,Chop Saw,7966,-94571,894146,-60279,253462,32368
123,44251.95,Wagon,7967,-99242,605486,63961,647058,-15225
106,-61714.83,Cotton Picker Tractor,7968,-91347,464127,-71621,552466,70837
122,63388.88,Back Hoe,7969,-7066,538086,44643,202451,-82622
143,-38174.8,Thresher,7970,-11594,961753,22768,523753,-26110
131,-46440.88,Grab-Hoe,7971,89729,238155,-59420,961408,14186
147,47428.92,Lawn Tractor,7972,-68859,196676,31603,599239,88473
121,-93278.07,Loader,7973,40149,595144,-13309,535278,66409
113,98475.73,Slurry Tanker,7974,11444,289125,-70160,350752,-36136
130,-62456.35,Spade,7975,-44706,746783,-87707,334101,-88983
112,29251.96,Bale Spear,7976,7671,183773,8413,144427,-68139
110,-69707.08,Mulch Tiller,7977,9496,736297,-83104,673194,20019
138,-95691.64,Bulb Planter,7978,59349,577071,11462,299685,50760
120,-29713.63,Seed Drill,7979,51975,993871,-23683,118446,-37979
115,88739.12,Backhoe,7980,-96019,877872,54824,619217,91678
141,-22172.17,Rake,7981,33844,238201,76178,699847,-98370
137,-16800.03,Seed Drill,7982,-20538,122732,-49979,594807,45615
108,-41893.44,Round Baler,7983,79191,869336,-13068,789703,84403
116,-49718.9,Square Baler,7984,23738,391681,-91821,929757,-12751
126,-56811.18,Fertilizer Spreader,7985,48146,519090,-1173,318394,94265
139,-82274.35,Pick Mattock,7986,56325,721582,-91837,638548,79981
128,53794.34,Saw Mill,7987,-10230,274576,26585,380075,-20805
140,52643.9,Sickle,7988,-55103,362312,-7816,711931,40773
119,-62186.4,Wheelbarrow,7989,49076,442392,-37426,996552,-83186
135,-90187.47,Backpack Sprayer,7990,19113,141131,62703,460045,-98805
124,25623.39,Lawnmower,7991,29513,495972,-33582,794111,10543
149,43246.8,Electric Lawnmower,7992,-76784,866049,-1444,308135,92371
114,87110.86,Grain Auger,7993,-17083,271667,38625,278316,-63944
101,-61466.81,Utility Tractor,7994,-45341,975647,-64077,878528,-83025
105,34378.43,Cotton Stripper Tractor,7995,-83352,139689,-62729,602399,-18832
117,-68615.04,Seeder,7996,-64788,990113,71562,377420,-71233
107,75071.47,Sugarcane Harvester,7997,-71419,608881,92896,613642,-79850
102,-33633.46,Row-Crop Tractor,7998,72013,371097,-97769,934722,-90348
132,56475.43,Work Bench,7999,54326,220382,53512,334401,-21663