DTE-TRNSCTN,LN-NBR,LN-NBR-NEW,FD-CDE-2,FD-CDE-3RD,FD-CDE-4TH,AMORTN-AMT-CUM,PRTL-SALE-LN-NBR,PRTL-SALE-AMORTN-AMT
21720,34,81,61,4,8,74019.6,26,-14697.94
112119,35,77,81,9,7,31359.54,24,-37373.12
92122,67,61,81,9,6,-36295.74,27,30336.37
21518,40,41,61,5,3,5267.33,23,79623.34
123017,77,77,61,5,4,-31909.83,29,-38743.64
52317,58,82,61,5,6,92042.75,21,-45678.9
112617,48,61,61,6,3,-45722.17,25,-312.57
102023,42,41,41,1,6,42108.11,20,20752.58
12522,90,82,61,6,4,-22178.4,25,20959.82
60423,80,61,41,2,3,31955.41,25,80057.11
121014,93,41,61,7,2,24978.07,28,84808.97
62621,28,61,82,2,4,-5634.81,21,-46336.95
21919,34,61,61,7,9,16379.23,30,10344.14
51014,65,82,41,3,1,28833.62,26,24179.79
71322,80,82,41,3,5,-12629.95,24,60732.23
102523,22,61,82,3,1,68888.21,30,54069.97
112315,84,41,41,3,8,-81799.96,22,58140.51
110822,59,41,41,3,9,79476.34,22,11905.05
32419,87,41,61,9,3,39511.84,26,94952.13
20617,70,41,41,4,6,29352.05,20,54602.65
12118,12,61,82,4,5,21493.54,23,86281.01
90618,33,41,82,4,7,86194.67,21,-50885.92
31523,91,41,41,5,3,74680.64,20,75853.55
102719,33,62,82,5,7,-42032.29,23,43491.52
72516,82,82,41,6,1,-94672.78,26,53133.02
11122,5,62,82,6,4,-61276.35,30,-63363.3
122014,77,62,21,2,1,76909.46,29,-55337.76
91920,79,41,62,1,9,74731.89,27,-95516.12
51320,75,41,21,2,5,-31817.41,25,-68764.49
10219,47,41,41,7,4,40165.91,24,87838.97
81120,65,62,62,2,1,-84239.45,26,77901.95
102521,89,62,62,2,2,-94880.33,21,-86568.89
81821,14,41,41,7,7,65234.62,20,-3604.77
90415,29,62,62,2,5,-89946.6,29,-65989.84
10115,52,21,21,3,1,73542.91,20,22741.03
70314,52,41,82,7,5,97285.02,29,-62816.29
90116,15,21,21,2,6,-49362.72,30,-15203.04
80518,85,21,82,7,8,-5453.21,28,-28270.62
50116,98,21,41,8,3,-85254.93,24,-98732.45
121713,25,21,21,3,5,-50154.33,22,-73501.1
82314,44,41,41,8,5,24782.24,27,89224.27
50119,99,82,82,7,6,90521.09,29,13949.56
10621,51,41,62,3,5,-13924.63,22,31766.84
122423,6,82,41,8,8,36417.48,30,-68194.34
82916,73,21,21,4,1,-64225.94,30,41725.33
121014,81,62,62,3,6,-70380.85,25,-83208.84
90423,19,21,41,9,1,80184.69,26,14872.31
102316,87,62,41,9,3,12316.98,29,-18466.41
72318,75,21,62,4,1,-49012.8,30,-83191.84
70819,23,21,62,4,3,66056.63,24,99510.4
81219,6,42,82,9,2,-82977.44,30,4783.52
91717,79,83,62,4,7,58711.42,27,-42646.49
72120,84,42,62,5,1,-75986.79,26,14671.96
122614,96,21,21,5,9,81158.88,21,-25741.66
83015,58,62,62,5,6,-26123.26,30,-17991.25
102118,19,42,42,1,3,53748.51,28,94865.6
53017,79,62,62,6,2,-46546.49,27,-95101.13
111514,35,42,62,6,4,-82556.57,22,2598.37
92316,7,42,21,6,8,91466.7,30,32619.9
22213,67,83,42,1,7,-36371.12,21,-9520.57
111814,2,83,83,1,5,18908.21,27,69571.11
31123,37,42,21,7,1,28730.65,23,73850.92
80518,69,83,83,1,7,55651.2,29,-97288.57
91616,30,21,62,7,6,81716.24,22,22208.17
50616,24,61,83,2,4,-96882.29,26,-90502.38
122317,29,83,42,2,8,59828.14,28,38864.34
80714,29,21,21,8,4,-7155.86,27,22390.32
60420,21,62,62,8,1,-92043.96,27,-16792.05
100923,39,83,62,8,2,70946.75,28,80792.18
62517,38,83,42,3,4,-81892.07,26,-60355.28
32517,87,83,42,3,5,-48857.51,29,-54316.82
112820,68,22,42,3,9,-22891.18,28,35103.4
32522,48,42,62,8,9,28967.74,23,-46658.7
62015,85,22,83,3,8,-87678.54,20,5653
20718,19,83,42,4,3,-48890.35,21,25280.32
11713,39,83,21,9,6,-61426.53,29,-18724.22
12221,4,22,62,9,3,60933.47,22,-69994.99
80520,16,63,42,4,5,-28786.68,28,44852.51
12321,88,83,21,9,3,42421.64,26,-90020.08
81619,62,42,83,4,4,7650.96,25,-48475.53
102018,1,22,42,4,9,-77259.14,22,-49097.05
70114,46,83,42,5,1,91677.08,27,95338.37
120217,2,22,83,4,9,-34141.72,24,-78024.21
110920,39,83,83,5,3,-20589.97,23,60590.48
31420,19,83,22,1,9,24872.93,22,-12285.1
110914,9,63,42,6,7,-79714.88,22,65130.4
110522,56,42,83,6,5,-28835.5,22,-92908.82
11318,47,22,22,2,2,-92468.54,30,26409.75
80617,99,42,63,2,1,69850.5,26,29734.06
11114,48,83,22,2,6,-48121.44,26,82904.84
90720,25,63,42,7,5,97217.21,28,98295.75
91816,26,22,63,2,2,-75441.23,21,-34911.42
10917,45,22,22,2,9,59287.24,23,-71089.82
102023,70,42,63,2,6,-71283.11,30,-39407.84
10215,93,83,42,7,8,64820,28,21734.95
121920,37,22,63,2,9,75987.61,21,-26706.66
122915,92,63,83,7,9,26487.76,21,62684.63
42623,48,43,63,3,5,64811.25,22,-92362.64
111120,2,43,42,8,8,-2524.84,24,-45803.04
110316,55,63,22,4,1,-32794.2,28,-51521.93
20819,49,84,63,3,9,5773.83,27,-86623.65
92922,74,43,42,9,2,-67442.3,28,-9591.15
20119,45,84,63,4,1,30896.92,21,92136.3
50319,45,43,42,9,3,84065.81,27,72415.54
21521,15,84,22,4,6,2018.08,27,89322.69
41818,28,63,22,4,9,-22938.79,30,-79694.05
62815,75,43,22,5,2,44203.79,24,20894.8
22014,91,43,63,5,1,94049.94,22,18426.46
62114,48,22,22,6,4,-77065.39,23,46192.36
30618,78,22,63,6,1,-24302.18,29,-99622.5
111121,67,63,63,6,6,44519.97,30,-59384.47
11417,42,22,43,1,8,-94628.83,23,22967.48
61915,87,43,84,1,7,21503.71,21,63067.11
122120,47,43,84,1,8,-59167.66,22,71579.71
32423,8,63,84,1,9,-55218.39,26,-94960.37
41519,6,43,22,7,6,-79130.01,30,-44491.43
62413,76,43,22,7,7,23707.5,26,-24163.51
90818,55,22,43,2,3,-22563.04,28,82930.98
20213,68,22,81,8,7,21633.67,26,97724.66
11313,28,63,63,8,2,10523.82,21,-65.32
10313,12,43,43,3,6,59902.89,22,-22564.84
31019,63,63,22,9,2,81465.34,24,27741.21
92820,80,43,43,4,2,67788.83,20,-41350.8
81822,84,43,84,4,1,-30487.78,21,-24385.45
62922,27,84,63,9,5,-39409.83,28,22841.7
102915,94,43,43,4,8,82958.45,22,-85008.25
82923,20,43,43,4,9,-13092.4,21,15774.28
112514,50,23,84,4,5,-65777.52,29,60278.77
71617,91,64,63,9,8,70704.68,27,35822.5
63020,26,84,43,5,1,12380.95,20,37664.83
32818,27,64,63,9,6,85073.03,25,92445.83
111522,56,84,84,4,9,-53987.95,28,-52039.54
90119,52,43,84,5,3,-1679.27,26,-50198.33
80623,8,43,23,1,3,32771.06,20,64751.65
81914,16,84,84,5,8,58385.23,27,-37938.77
62416,49,23,23,1,5,-78252.47,25,82587.12
12423,78,23,43,6,4,75249.59,29,26712.52
32719,83,23,64,1,4,-41572.72,20,39799.37
51022,98,84,64,1,5,82228.07,21,20510.38
62616,34,23,64,1,7,3612.16,24,-92473.82
62419,28,84,43,7,1,-77653.18,24,83741.82
70320,36,84,64,2,1,70272.92,30,-62630
10115,83,64,64,2,2,-77955.82,22,-15488.39
120716,83,64,43,7,5,24384.87,30,38405.53
50216,57,64,64,2,6,-27118.48,21,99732.67
11917,60,23,23,3,2,-1118.03,26,97751.14
60223,19,64,84,7,7,34287.29,24,-67414.53
120521,33,23,23,3,6,99970.35,20,80232.06
122018,56,64,43,8,6,-72895.7,27,-78603.69
42422,14,64,23,3,9,39239.71,23,-41356.85
102814,4,23,64,3,6,-3623.12,27,41678.8
112917,52,64,84,8,3,70272.39,21,60778.24
92413,97,44,43,8,8,-19669,27,39778.54
91121,72,23,43,8,9,-1209.47,25,56189.94
60423,97,64,84,8,2,26722.6,29,-97303.86
40521,36,85,23,4,6,-71030.67,20,31642.49
33116,58,44,23,4,7,95748.23,24,38239.94
122222,3,85,64,4,4,87284.08,25,17004.5
90223,80,85,23,5,3,-69372.48,23,-45304.69
12823,87,64,84,9,9,88459.81,26,28255.85
90917,19,23,64,5,2,34481.06,29,-2989.11
11116,29,23,23,5,9,85935.18,29,64546.32
12819,17,44,64,5,8,-15000.02,30,54721.94
83015,38,85,44,1,2,-11737.27,27,37589.43
11916,25,23,64,6,3,58929.97,20,-28198.9
11718,15,44,23,7,1,6027.97,28,-58374.91
11619,99,64,23,7,3,-42673.56,21,-53833.69
70714,6,85,64,6,9,388.45,21,50151.33
40718,17,85,85,1,9,11716.34,20,-32973.16
73122,32,85,44,2,5,42969.37,27,-69757.99
81814,84,85,85,2,2,-17323.44,28,-37040.78
21016,3,24,23,7,7,31643.15,23,11165.9
41216,25,85,64,7,6,-78748.59,28,-58785.78
31723,3,85,44,2,9,-83430.42,30,-26405.78
42915,39,65,44,3,1,89402.48,24,-35325.09
52418,2,65,64,8,3,-17820.93,28,-65510.03
92815,77,65,44,3,8,66732.71,22,57939.88
72818,13,85,44,3,9,64737.97,20,-67964.38
60922,86,65,85,3,6,-6886.93,25,-24090.78
51118,77,24,23,9,2,95457.35,20,-94427.45
42213,57,85,85,3,8,-26986.15,21,-80652.25
111517,57,44,64,9,3,-95325.83,23,97679.91
71918,28,65,85,4,2,26603.31,23,-79054.43
52115,5,24,85,4,9,-37768.43,27,19706.99
81015,99,65,24,1,2,-79757.39,21,-60311.07
10319,19,85,65,1,1,-59160,26,37808.74
80214,16,65,44,6,4,28805.45,20,-35986.04
120315,55,24,85,6,1,-60710.8,23,98231.11
112518,14,44,44,6,6,47064.31,29,87649.19
61922,8,65,85,6,5,-23619.63,26,31925.47
42118,16,24,65,1,7,-98110.07,29,98427.28
112917,88,85,24,2,7,94582.39,30,77681.74
111218,97,85,24,2,9,31994.79,25,-78402.36
111516,46,24,85,7,3,-20271.41,26,36609.21
111121,74,24,44,8,1,77263.97,25,-97333.22
22418,20,24,85,7,9,-43961.61,28,24065.65
60813,11,24,85,8,2,9513.49,25,-70005.72
30118,79,24,85,8,4,19367.79,20,33302.51
30618,58,86,85,8,9,31363.75,28,2725.02
41014,74,45,65,4,2,-86674.32,23,69619.2
22522,91,86,44,9,4,-86231.36,23,-87701.77
50718,95,65,65,4,4,28650.91,25,76361.31
20916,25,65,85,9,3,-2921.14,22,81585.78
92020,13,24,44,9,7,69956.84,26,-84054.78
120414,50,86,85,9,4,-11118.63,20,41337.95
80313,86,45,85,9,7,-94900.82,21,-15619.34
110818,34,24,65,4,9,-92208.35,29,-74640.94
62519,22,86,24,5,6,-62255.18,22,59637.01
110217,97,86,65,5,4,-49435.91,25,-72438.22
51422,46,65,65,5,5,70220.32,28,17741.89
40916,67,24,65,5,7,72548.18,25,20525.71
40919,25,65,24,6,2,-81365.17,30,-97914.33
62617,89,24,24,6,5,-90645.44,28,41723.61
90421,36,45,24,6,8,8067.37,21,9188.92
120215,35,45,86,1,2,52667.83,21,23506.42
30118,87,86,65,6,6,76590.25,29,19570.69
90218,78,45,65,6,7,-41661.13,23,-45502.53
70419,53,65,24,7,3,95933.77,28,61696.61
112217,63,24,24,7,4,-33139.76,21,40178.08
62015,33,86,86,1,7,-22148.74,22,-38676.21
71821,3,65,65,7,2,-70265.34,27,-41805.82
40313,89,65,45,2,6,-79753.03,20,-61968.41
82814,31,45,45,3,3,96860.3,30,19467.13
30214,17,45,65,8,2,31929.25,25,-69668.78
21120,71,25,24,8,5,-64197.09,23,-28531.17
111515,99,25,86,3,2,-7451.86,21,-5840.56
22021,49,25,45,3,7,-10318.6,24,-91828.64
41723,86,45,86,3,4,62216.3,24,27186.97
101319,14,86,65,8,6,-19666.61,30,33626.47
111721,43,86,45,4,1,-94879.24,26,-65575.37
12213,18,66,24,9,5,-90343.61,22,-14539.96
42723,59,86,24,9,6,-22034.62,30,41547.04
100520,55,86,45,4,5,80765.49,26,19532.9
20522,66,86,45,4,4,-81464.74,28,45564.06
10917,28,45,45,4,9,-17018.51,28,-3980.24
61313,11,66,86,4,6,-89418.59,23,-34980.98
71922,77,66,86,4,8,-31006.99,21,86258.28
11216,36,45,45,5,2,-66118.8,24,59814.06
83018,47,86,25,1,1,73583.24,20,59119.72
92914,40,25,86,5,9,-70893.02,21,68137.43
73020,81,25,66,1,2,-32120.37,29,-17197.42
121122,90,66,66,1,1,38346.43,30,-30325.89
62213,73,66,45,6,6,88573.45,27,-95445.12
80513,93,25,25,1,9,-41874.52,22,-35897.27
60716,10,86,66,1,7,60856.99,22,57080.45
50320,86,25,25,2,1,-87782.86,28,-48756.09
70920,83,25,86,6,8,93060.4,30,23349.76
50214,97,45,45,7,6,38777.66,27,60225.29
50314,62,45,66,2,5,16816.22,27,18637.14
62914,96,86,86,7,2,-89567.5,24,30715.2
92013,1,66,45,7,9,81323.43,20,353.16
53123,47,25,25,3,2,-65535.95,26,11558.69
70914,36,46,25,3,3,-49012.54,20,-97212.41
20621,95,66,45,8,2,-30107.76,30,-3535.19
71814,95,25,86,7,9,40089.81,23,96457.7
102719,52,66,45,8,4,-40712.13,27,12820.49
72423,93,46,45,8,5,-9567.03,20,10433.97
13020,60,66,66,3,4,-25444.11,29,-22091.08
100616,39,87,21,3,2,-7305.46,23,88446.31
72517,68,66,45,8,6,-49434.84,21,55227.32
30318,97,87,45,8,9,91608.38,27,2363.19
70915,22,66,86,9,7,-31974.07,30,99586.68
61716,89,25,86,9,8,47272.16,26,-12785.05
110614,65,46,25,5,5,25448.46,23,53659.78
52619,87,46,25,5,8,83347.04,23,-46888.05
20420,6,87,25,6,5,-47472.54,21,98045.12
111013,11,46,87,1,3,81599.1,30,11120.28
71319,40,87,66,6,8,98918.97,30,-76642.24
111814,18,25,66,6,9,70132.11,29,-31426.75
52223,40,25,25,7,3,19813.55,24,5453.97
90515,77,66,87,1,9,90580.23,29,15100.77
11018,58,46,46,2,4,-97456.89,22,-52860.47
101423,93,66,25,8,2,95608.04,20,-90280.31
61916,64,66,25,8,3,-65212.01,21,-4330.15
112416,7,66,46,3,3,-3461.54,26,21587.24
92821,10,46,25,8,6,-66515.72,27,90955.49
30218,50,87,87,3,2,-7038.06,21,-75825.35
101918,74,87,46,3,6,97031.74,30,97993.55
40322,71,26,46,3,8,23787.32,28,-48208.64
110818,69,67,66,8,6,80152.95,28,-2802.62
81120,34,26,87,3,6,41753.19,29,9057.67
10914,49,87,87,3,7,1297.39,28,-31165.38
32314,16,26,66,8,9,-42860.02,29,54663.16
81118,64,87,66,8,5,2128.24,30,-61985.4
70814,41,26,66,9,3,82173.52,29,56404.98
62819,82,46,66,9,4,43722.97,20,36852.59
50616,10,46,87,4,2,64104.84,23,70648.31
122717,43,67,87,4,4,54453.65,23,82428.24
51916,90,46,25,9,9,-77185.84,20,26305.87
13017,12,46,87,4,7,82816.03,30,-92401.7
12223,18,87,46,5,3,-40089.59,25,-75557.26
12418,30,26,26,1,2,-11421.43,25,79080.76
101721,59,26,46,6,1,92164.52,25,-62539.28
122616,91,87,26,1,4,-15663.33,21,-20943.9
40818,63,87,26,1,5,-29345.46,23,-76358.14
31921,98,46,26,1,6,-39586.49,22,41713.43
11214,91,26,87,6,1,-12126.26,29,13727.12
62518,90,67,46,6,5,-80345.01,24,21451.75
21218,98,87,26,1,7,37325,25,19312.2
123114,84,26,46,6,8,54833.17,25,-74273.24
40216,73,67,26,2,2,-82082.35,22,32083.33
80713,25,67,46,7,3,-2863.26,22,70506.02
101020,16,67,67,2,2,-10124.75,21,95649.79
111014,44,47,67,2,4,-3605.62,24,77930.24
41913,22,67,87,7,3,-51049.5,20,68961.05
30320,88,26,87,7,4,35853.1,24,-88768.04
102813,90,88,26,3,1,29605.7,23,82849.91
62218,92,26,67,2,6,-93037.05,20,61823.92
60719,28,47,26,3,2,62991.08,21,-26555.22
71220,18,26,46,7,6,19753.13,27,42577.12
102318,9,26,67,3,3,90348.24,27,3227.11
82719,52,88,87,8,2,87974.47,24,-98882.12
20119,23,67,26,3,9,40857.27,22,27613.76
101721,25,26,46,8,6,-7182.67,21,20147.37
40721,68,47,26,4,2,19840.52,23,-28601.36
122219,38,26,67,3,9,-25384.49,27,-24166.65
70117,86,88,26,4,4,-43048.5,27,69271.66
42215,88,88,46,9,7,44693.83,24,-1981.15
102314,28,88,87,9,5,-56852.57,29,25770.53
51013,23,26,26,5,3,-32087.14,28,48877.24
51214,69,67,67,5,6,87812.35,29,-79131.09
51220,1,88,26,6,4,83706.65,30,-95779.13
60119,37,88,47,1,4,58103.54,21,27275.09
21423,94,67,47,1,7,-1299.72,25,95841.27
61421,80,67,67,8,1,-25396.41,29,35894.61
42022,23,88,26,8,9,-85986.91,30,-50958.71
32314,94,68,67,8,7,-11351.81,27,-71104.46
102321,25,27,47,3,9,92262.98,29,77083.55
121619,2,88,47,4,5,-6691.07,26,-79043.19
21216,33,68,67,9,3,81399.17,30,-18651.82
120722,27,68,67,9,6,69794.82,22,33390.81
11023,24,27,88,4,7,78798.02,23,72251.82
122420,93,47,47,5,3,90527.17,20,-99286.66
40515,20,88,47,5,5,-10164.98,23,90508.14
12123,93,68,47,5,7,62327.82,29,-11686.5
51321,69,47,47,5,8,-19691.74,21,-94863.87
11117,58,68,88,5,4,-98586.73,26,77650.98
12020,64,88,27,1,3,-68531.74,27,62975.04
110422,87,47,47,6,3,14310.11,22,47288.5
71515,37,47,88,6,1,22161.73,26,79706.96
32113,98,88,27,1,8,-80025.12,26,-63840.79
42415,33,47,68,1,8,51534.75,20,44591.07
62320,96,88,68,2,2,32999.24,29,46735.99
80213,97,47,27,2,8,-61896.21,24,-76636.72
53118,98,27,68,2,7,-22016.94,26,-11776.04
80115,35,88,27,3,3,90456.6,28,59771.51
32419,52,88,88,8,3,-60755.94,30,-61885.52
20221,79,68,47,8,7,60804.76,30,-83642.62
91423,12,47,68,3,9,81639.88,20,-66395.35
81313,11,27,47,9,2,-23043.73,24,92583.53
60923,60,27,27,4,4,15258.99,23,-895.84
30214,12,88,27,4,7,91447.03,28,-79613.43
71614,34,48,88,9,2,24348.18,23,81792.47
81723,5,68,68,4,6,-66022.55,25,-50095.29
121416,86,48,88,9,6,-38638.27,26,10646.74
122919,42,89,27,5,3,-21251.17,24,-12940.84
10616,61,89,27,5,4,-23881.25,22,-88719.5
62523,50,68,88,9,9,7918.94,25,-49043.28
112521,83,89,27,5,8,72521.49,26,58159.9
91320,98,89,27,6,1,12914.96,23,64386.17
120215,11,48,68,5,9,9973.32,30,-55730.21
81918,86,27,48,1,2,-53162.34,29,-83281.41
52716,16,68,27,6,4,-82083.5,24,-38426.43
81115,28,89,68,6,3,67023.34,26,87361.63
122822,13,48,89,1,3,78436.02,29,46674.33
31117,86,89,27,7,1,-94025.39,25,27977.11
61815,93,68,68,6,7,-19802.9,20,37719.5
20914,57,27,68,6,9,-54406.72,23,84614.2
112223,35,48,68,6,8,1422.52,25,95023.98
30715,94,27,27,7,5,270.35,21,85115.3
13015,81,48,48,2,5,-68969.96,28,-31878.43
101119,67,27,27,7,9,53399.74,22,-95757.23
81914,51,48,48,2,9,42801.59,24,1628.94
112314,3,68,27,8,1,-2827.53,29,48248.13
22315,95,68,89,2,8,57411.87,30,53004.82
32314,97,89,48,3,3,-36727.16,26,8634.22
20322,18,48,27,8,6,24285.36,26,42091.12
80523,35,68,27,8,5,56079.49,29,-31720.27
62216,18,89,27,8,8,-83580,27,38496.88
90518,36,89,68,8,6,-51976.62,23,-61114.6
92720,40,28,27,9,2,-54125.99,26,-96843.02
122415,98,69,48,4,1,-48271.49,30,18344.62
31223,31,89,27,9,5,17128.64,22,4516.04
60919,95,48,27,9,6,2216.83,21,-69952.15
50513,15,28,48,4,3,-6666.63,21,75036.12
42813,90,89,68,9,1,-54979.56,29,47523.98
62721,45,89,68,9,2,64497.04,22,42915.16
32219,66,28,48,4,5,94132.03,24,911.36
31719,43,69,48,4,9,22534.86,30,-56579.49
10618,5,48,68,9,6,1872.75,29,-60307.95
22522,59,28,48,5,4,59199.68,30,-98063.44
71820,43,48,89,5,3,-33653.25,25,-68764.5
92922,49,89,48,5,9,68761.7,25,-71021.52
121117,18,69,89,5,5,-21045.55,28,96736.82
100923,57,89,69,1,1,-65299.14,24,-22148.63
111616,71,89,48,6,4,61084.36,23,56239.19
112515,49,48,28,1,5,-52296.76,22,-7877.02
102922,51,89,28,1,9,-95130.46,21,-93669.35
123115,38,28,28,2,2,60913.75,26,-74240.71
60714,47,48,28,2,5,34356.12,26,-43129.56
32221,32,89,28,2,8,-32282.17,20,-88895.77
40415,4,69,89,7,3,-74463.8,29,-16415.21
72315,44,49,48,7,9,-19697.69,26,-59363.8
82813,24,69,89,7,6,72791.32,21,-49564.16
22322,51,49,28,3,5,34088.63,28,74686.65
62921,23,28,69,3,2,97112.03,23,70801.49
20519,69,49,89,8,1,26648.45,25,-32763.2
62619,33,69,48,8,7,-1963.84,28,55326.93
101821,92,69,69,3,6,-9451.91,30,48567.98
72319,25,28,89,8,6,45604.13,20,49360.91
53015,96,49,28,4,3,49907.52,27,-61749.83
12615,20,28,48,9,1,-79398.65,22,-45207.79
92122,75,28,89,8,9,54737.55,28,-33123.01
100214,7,28,69,4,1,88481.64,22,66670.02
81315,77,28,28,5,5,37390.77,24,24979.1
41116,60,28,28,5,6,89054.3,29,20836.08
121020,15,69,69,5,3,84542.05,20,-13799.1
72818,93,28,28,5,9,67389.61,24,50425.29
20421,65,69,28,6,5,-96958.56,24,-67860.72
100922,98,49,28,6,7,10558.29,20,-60375.45
51418,30,29,28,6,8,26849.69,26,19859.44
72518,88,29,28,6,9,-18326.49,27,-12042.08
91423,49,49,69,6,7,41711.47,29,-83326.36
30722,95,29,49,1,9,-51572.34,23,-52710.8
91619,27,29,28,7,4,-85125.58,27,62785.69
90223,63,29,69,7,2,6322.87,26,-63341.09
82418,30,49,49,2,5,34779.68,26,88423.92
110319,25,49,49,2,8,48379.61,29,-64163.9
10919,97,29,69,7,7,77072.82,24,-80720.24
51718,16,49,49,2,9,-89346.65,23,48874.05
52120,18,29,49,3,8,90415.35,29,-99587.22
51620,69,29,49,4,1,-6310.86,25,-77612.94
70217,80,49,28,9,4,-95409.69,20,51975.51
90519,11,49,28,9,7,54533.95,29,-80209.79
51019,25,29,69,9,3,26476.64,30,-35811.42
42816,84,29,69,9,5,-71568.2,24,60090.12
60517,33,29,49,4,9,-33263.54,30,38887.24
112622,59,29,69,9,9,24142.76,21,-12034.91
121923,44,29,49,5,8,-25456.87,28,-8849.57
71723,85,29,49,6,1,-6185.35,29,-70311.2
120417,46,91,49,6,3,-78377.67,23,-78751.97
21915,13,29,29,2,1,15865.48,28,-7954.3
21017,96,91,29,2,2,-89225.51,23,-99810.14
91319,61,91,29,2,6,-14299.11,24,21918.56
91117,44,91,49,7,5,3106.29,26,-32645.15
121917,74,29,49,8,2,75948.46,29,-77070.87
41221,14,91,49,8,5,94167.07,26,-51896.7
62620,80,29,29,3,7,5035.07,24,-84852.18
52915,7,29,49,8,6,-54921,24,43652.69
120716,25,91,49,8,8,-31523.79,24,-67849.73
71316,2,91,49,9,1,8586.91,29,77843.21
52513,66,91,49,9,2,24000.44,24,40441.96
51720,28,29,29,6,3,15755.39,22,-69835.91
112615,33,91,29,6,6,87930.01,23,-25581.69
80717,46,91,29,6,7,-49820.5,22,-75576.87
110418,97,91,91,1,2,56478.9,29,69367.32
101122,50,91,29,6,9,-2792.32,20,-6678.95
32522,94,91,91,2,2,6555.05,23,17607.2
40917,51,71,29,7,9,-87000.04,20,74769.35
70114,88,71,29,8,3,4538.97,30,67893.43
20423,73,71,91,3,1,14199.43,23,-51495.51
112716,25,91,91,4,2,26071.54,29,-79021.19
31217,43,71,91,4,6,-40415.59,30,-50201.11
20922,41,91,91,4,9,-79459.24,27,82659.86
22720,36,91,91,5,5,-81913.25,23,-44242.82
21921,35,71,91,5,8,87450.34,26,99829.75
82222,61,71,91,6,3,81009.48,21,-55221.08
101617,68,91,91,7,5,25258.66,28,83144.53
61613,33,91,91,7,9,88378.58,25,5180.76
90922,95,71,71,3,6,-94369.58,30,94753.65
62016,42,71,71,3,7,26331.79,30,-78062.46
42816,11,51,91,9,3,36995.35,27,-62498.65
122122,73,92,71,4,9,23190.03,22,-41846.98
50716,29,92,71,5,5,-13927.49,26,3780.04
121222,39,51,71,5,9,-9259.03,29,90331.16
60120,29,71,51,1,6,48611.06,20,-48524.05
22113,18,92,71,6,4,11874,27,32816.72
72718,76,92,71,7,5,-75543.46,21,-18379.44
90114,82,71,92,2,9,-83878.84,23,-49002.2
21017,9,92,71,8,1,-37087.55,27,8424.3
100123,63,71,71,8,5,52711.94,23,-96994.37
30115,75,71,71,8,9,1639.88,24,12152.75
102419,98,71,51,4,3,-80448.05,28,-3682.25
62818,54,71,51,5,4,-37131.98,26,-12544.89
111422,80,92,51,6,4,89161.68,24,31377.76
31317,99,31,51,6,6,-8322.79,21,-44612.04
51216,38,51,92,6,3,-30593.12,27,-99466.02
110813,69,92,72,1,4,10362.3,25,-3761.61
102520,27,31,31,2,1,62729.75,28,-45554.66
101020,34,92,51,7,1,-12480.75,23,77284.35
20816,26,51,72,2,8,-13900.85,29,69948.49
42120,2,72,51,8,2,85039.05,29,22219.98
123121,51,72,92,7,9,-65976.95,23,47064.49
30920,81,31,51,8,4,89403.13,23,341.6
70813,60,92,92,8,1,-87478.47,23,72049.95
40716,42,31,51,8,5,-46199.87,29,-25292.22
22518,8,92,51,8,7,25909.81,29,-97558.5
60821,64,31,92,8,3,40923.81,20,-53431.07
90922,80,51,72,3,6,16239.61,21,7886.44
81317,63,51,92,8,2,1662.82,23,12142.69
60713,97,51,72,4,1,16022.02,29,-62879.15
42613,17,92,51,9,3,80475.44,27,-4281.51
52618,60,72,92,8,9,69062.75,30,46727.93
81115,58,72,92,9,2,-27707.35,29,-19643.61
122519,18,92,92,9,3,55611.25,22,36290.94
121018,10,92,51,9,5,3605.8,30,-45097.18
81915,76,31,72,5,1,-37327.1,28,29366.71
61216,2,11,92,9,9,3125.84,28,59858.35
101423,25,52,31,5,7,16683.71,25,-69091.64
73022,65,52,31,6,2,66689.86,21,71438.53
92217,56,72,31,6,3,865.67,20,57124.08
92217,91,31,52,1,2,-76028.9,28,-41100.98
50916,94,11,52,1,3,34506.27,26,75246.97
62917,75,31,72,6,3,15736.57,20,72019.42
52713,31,72,11,2,1,66603.74,26,57570.52
103019,24,72,52,1,7,-48608.72,29,-24392.99
32420,93,11,93,1,6,34073.36,25,-88930.54
82621,63,11,11,2,4,-1601.27,24,-93311.89
51218,19,93,52,2,1,97798.22,22,53097.28
41619,57,11,93,1,8,-81981.99,21,28033.33
80420,86,72,31,7,6,54432.93,26,70424.69
112621,4,11,93,2,5,-72063.12,24,-66005.77
81122,31,11,72,7,8,-39174.99,23,-38478.19
122520,37,93,52,2,9,76781.19,20,27027.93
80122,13,72,11,3,6,-47249.59,29,-99438.18
11020,85,93,72,8,1,-69448.2,26,6341.95
91416,91,72,11,3,9,20891.11,29,3737.04
110422,16,52,11,4,3,-33277.87,23,42145.67
110216,22,11,31,9,2,-90303.06,25,24047.05
72018,53,93,72,9,2,32238.09,26,73012.35
53119,40,93,31,9,8,-52981.32,25,54995.92
41916,30,11,72,9,5,78020.07,25,-49785.9
41720,89,72,11,5,2,42320.16,20,61101.43
101417,28,11,11,5,7,5501.46,22,25050.04
122922,91,93,93,5,3,54498.71,24,55557.6
42818,54,52,93,5,4,15783.28,28,-98511.82
112814,80,11,32,1,1,68469.78,25,40199.34
110616,56,93,11,6,4,-10121.6,28,99281.23
82515,52,11,93,6,1,-84810.55,30,-13888.34
30813,97,93,73,1,8,31263.39,29,29679.33
62523,56,11,93,6,7,41621.73,22,68611.05
101023,56,52,93,6,8,-24481.48,27,43890.53
72716,18,52,32,2,6,-50981.95,20,49956.47
122418,59,52,32,3,2,41783.45,30,-11664.28
62215,41,32,11,8,5,4889.51,30,10295.08
102519,83,73,32,3,5,-49048.87,26,-92206.44
33120,49,52,73,3,3,-80275.4,27,-4196.61
51522,36,73,11,8,9,95327.27,30,94223.53
50513,18,73,52,8,9,11801.46,20,-268.94
42219,29,11,11,9,4,-91703.99,21,86195.95
22813,55,52,32,4,3,22705.58,25,-31749.64
30813,14,11,93,8,8,-42620.36,24,-63870.85
60617,44,32,32,4,6,-38781.67,22,41010.8
122720,97,93,32,4,7,87383.01,20,28788.05
91318,50,11,73,4,5,5345.81,24,-97622.2
40821,34,73,93,9,4,-59403.76,28,-68322.51
42617,7,32,73,4,6,-3910.72,20,20440.15
70519,74,52,93,9,8,48928.09,23,-39188.72
80819,8,93,32,5,4,70603.51,28,-65228.09
52314,55,73,32,5,5,-6613.4,28,96546.24
10117,23,93,73,5,4,13939.13,25,-81874.05
12519,80,93,73,5,6,90693.64,22,36647.42
92223,95,53,12,1,3,92599.02,24,-87114.61
121418,49,12,73,5,7,38158.95,28,83463.5
32723,12,32,32,6,3,-27565.92,30,81171.84
61417,2,94,12,1,7,-67852.67,22,86239.1
83118,95,73,32,6,6,81684.34,23,23963.94
82321,4,73,12,1,9,-28835.88,28,20616.03
31414,61,73,94,1,2,61140.91,22,-57783.41
100922,49,12,32,6,9,98009.48,29,85155.99
42517,48,32,73,6,6,-34882.38,23,25433.67
50718,35,53,94,1,1,-35547.12,28,-80886.29
12520,76,32,73,6,8,-6281.91,25,54266.63
80721,54,53,32,7,2,59638.56,30,-96353.76
92816,3,12,94,1,4,-1796.55,26,-63432.26
110915,78,12,73,7,1,92809.55,28,3060.34
51420,98,12,94,2,1,44309.16,26,72106.39
50823,78,94,73,7,5,-3876.66,24,7075.62
111223,67,53,12,3,1,-44225.04,21,29777.17
32413,72,32,32,8,1,6896.23,26,-28826.85
102521,57,73,94,2,6,-26342.66,21,11552.88
21021,17,94,12,3,4,-56854.97,25,-22409.6
73017,81,73,32,8,4,-24697.52,30,54735.12
11420,62,73,12,3,6,18906.61,27,-61502.04
82323,1,53,32,8,8,-88547.81,24,-39260.23
70923,36,73,32,8,9,-36679.49,24,99193.37
31620,99,94,12,4,3,-44035.89,22,7893.61
71519,82,12,73,8,9,-30112.15,30,87010.78
50620,4,53,73,9,3,-22267.34,25,77757.98
20519,40,12,94,4,2,-5205.94,30,-15031.27
101218,63,94,53,4,7,-22597.91,21,22434
102514,97,94,53,4,5,-96050.78,23,79181.8
50821,77,53,32,9,8,-69599.04,24,42534.45
60513,76,94,53,5,4,-3728.54,25,-39298.62
122215,10,94,12,5,9,-85924.23,30,-74835.56
111121,32,94,12,6,3,-55213.88,27,34991.85
42723,25,33,12,6,7,75691.75,22,-28078.72
50416,61,12,33,1,5,-6219.58,22,-73046.06
102219,81,33,12,6,9,-39879.31,30,59670.8
122713,71,94,74,1,6,-78050,23,15894.65
40123,52,33,53,7,2,46749.4,28,-58522.54
81814,97,74,94,6,8,-98940.69,20,4799.13
31822,94,12,12,7,8,67750.89,25,49518.47
112913,5,74,53,7,3,5652.04,27,25113.9
22619,49,94,33,2,9,-94107.48,24,16927.79
60521,94,53,74,2,7,37522.92,29,44033.74
92021,33,94,33,3,3,56839.56,25,38182.38
112517,94,33,94,7,7,-94802.44,28,-77718.01
21920,77,33,53,8,3,-8722.51,26,67697.27
40313,51,33,74,3,2,-16669.68,23,15166.17
102022,63,74,33,3,7,-16917.3,26,-73663.11
112820,77,33,94,8,3,89644.25,20,23255.08
12614,9,12,53,8,8,52623.72,21,-70136.73
42815,51,33,12,9,4,68560.33,29,71790.81
71423,56,12,53,9,3,-61012.21,27,10542.22
32118,41,33,94,8,9,21485.02,24,-34165.78
22413,22,12,33,4,9,78800.54,22,10444.56
103116,41,33,94,9,4,-12077.27,30,-35075.13
51422,27,74,74,4,8,76227.16,23,-22878.3
21320,66,74,74,4,9,-14053.8,30,5652.13
122020,1,53,33,5,3,52996.9,22,-63235.45
121713,13,94,94,9,8,-4259.36,27,12078.04
121121,89,74,74,5,4,-95829.91,24,-6734.07
10218,72,94,13,1,1,61487.23,29,34730.66
100821,81,74,74,5,7,51137.51,20,-87211.7
30520,16,54,13,1,4,-65905.9,26,-16880.49
113020,34,33,33,6,3,54870.35,27,61318.7
61522,28,33,33,6,4,53126.6,21,-18449.57
81420,72,54,54,1,3,68254.67,30,71573.04
121015,47,74,13,1,9,-14713.11,25,66015.06
31118,65,74,54,1,5,-19005.2,20,97972
81313,56,74,95,1,3,-95943.81,30,-63424.49
122318,51,74,54,1,8,-34078.19,29,56626.02
80916,51,95,95,1,4,1990.76,29,62610.74
52116,39,74,74,6,8,-27362.98,21,-66328.41
71617,77,95,74,6,9,-28517.52,24,-18811.03
82122,31,13,13,2,6,56903.29,24,79973
51218,54,74,54,2,4,-48456.33,29,-20905.97
42015,54,54,74,7,2,-85688.47,22,-54745.82
81717,29,33,95,2,2,-41008.55,21,-94663.22
50920,49,74,95,2,3,-24696.73,25,47690.24
90323,85,13,95,2,5,7430.88,20,-41689.68
70819,81,54,33,8,5,-18179.03,30,25923.72
72013,64,95,13,3,8,-62150.24,29,-26557.1
51514,72,95,74,8,3,-70676.33,20,-77627.34
70614,40,95,33,9,1,-19877.46,30,-24446.88
120722,1,33,33,9,2,-37256.22,22,-13586.97
42822,64,95,54,4,4,5970.55,24,-34203.19
50620,64,95,54,4,6,9905.93,21,-53009.33
80923,13,54,13,5,1,-51393.26,21,-6412.18
101523,90,13,95,4,4,1261.69,28,-32554.52
111314,56,13,13,5,3,-69461.78,27,-14943.89
50713,29,34,74,9,6,-81970.52,22,-98021.74
31217,5,13,74,9,8,71713.63,21,-66477.13
110518,56,34,13,5,6,20348.01,21,-71875.26
31915,96,54,13,5,7,96727.08,23,-33882.84
122421,8,13,54,5,6,-33002.12,30,-73214.28
112121,58,95,13,6,1,71934.02,20,-26622.56
62518,45,95,13,6,3,-49375.81,28,-99720.81
70819,60,34,34,1,2,22084.51,25,88664.62
33113,38,95,34,1,1,-64538.26,29,-77016.26
20117,58,95,95,5,5,51582.94,27,38521.76
30820,98,95,95,5,9,95193.34,20,3046.31
12420,63,95,13,6,4,64173.72,26,48953.6
33022,88,95,95,6,1,37920.48,26,-50658.26
80715,73,54,54,6,8,-76345.35,28,-92790.07
122720,7,54,75,1,7,61040.38,27,45235.96
42116,1,75,13,7,4,93251.13,27,19086.53
112923,25,34,95,6,7,-63146.02,25,-46144.71
33121,3,34,13,7,8,86261.84,26,81579.3
72414,50,34,95,7,1,30318.86,25,50989.94
122713,69,75,54,7,8,-79704.45,25,75394.7
52920,46,75,13,8,2,-71884.45,24,-1799.23
102622,96,34,34,3,1,97470.21,27,-16425.8
40717,52,54,54,8,1,-58819.29,29,-74950.94
40119,80,54,13,8,3,42150,27,-79627.51
121813,3,34,95,7,4,-45905.89,22,-345.86
10117,41,95,34,3,6,-10029.69,26,55909.51
110415,86,54,54,8,5,-56915.13,29,80595.66
31815,15,75,75,3,4,29351.32,30,15033.93
50218,82,75,75,2,9,48186.15,26,-47301.41
70718,48,34,34,3,2,8446.25,24,-45416.79
101617,65,34,34,4,1,36888.11,27,437.3
22019,27,34,34,4,3,-61734.84,25,-49284.96
21518,59,55,13,9,7,-94205.73,28,90606.43
30715,61,14,75,4,1,50204.33,24,-28413.95
20814,52,14,75,4,2,42805.03,20,67040.55
82723,80,34,75,4,4,-28788.42,20,-81137.25
12415,51,14,34,5,1,-31822.5,25,-44251.78
70919,91,14,34,5,4,46449.96,28,-17176.7
21921,38,34,75,5,3,43593.66,26,-26407.94
120116,39,75,14,1,2,-32121.7,24,60706.9
31619,5,75,75,5,8,-96636.85,21,-46786.8
70318,80,55,34,6,3,-11804.06,20,67684.6
11423,86,96,55,1,4,-45140.18,28,76562.08
102218,44,96,75,6,6,-73010.56,30,-86443.33
21321,93,14,14,2,3,73442.71,27,-84775.58
32616,93,34,34,7,1,-56132.14,20,-70151.22
31217,29,75,96,1,4,-20781.77,24,41469.61
31319,91,96,96,1,8,-3842.66,30,84996.32
51220,44,75,75,7,3,-18391.43,25,12638.02
12721,59,14,96,2,6,2998.56,20,90843.42
41822,10,55,75,7,9,-9685.1,20,58408.71
42219,80,96,14,3,6,22197.44,23,60971.19
70615,87,75,75,8,1,52906.59,23,7487.84
32715,29,34,55,3,4,-34000.75,25,-90845.45
90720,28,96,14,3,8,21682.18,26,11502.07
51015,95,55,75,8,5,41663.01,28,-46901.79
12716,97,55,14,4,3,-66394.56,24,43858.19
42523,55,14,34,9,3,32234.48,30,19588.97
12416,22,55,75,8,9,93421.06,30,-47826.34
22920,86,14,75,9,3,-3053.6,29,8947.08
51218,47,55,55,4,6,7740.02,29,-9884.88
111314,6,55,75,9,4,99150.12,23,89459.79
40717,38,14,75,9,8,-19144.83,25,31236.04
122819,65,35,96,4,9,21975.19,21,48865.77
60118,59,55,96,5,2,-48606.54,23,-97502.08
83013,34,35,14,6,1,-47398.43,22,20392.93
11119,32,96,96,5,3,7331.75,28,-78681.93
11618,76,55,55,5,9,69780.45,20,76533.84
111423,72,35,14,6,4,-68588,27,-64342.31
72116,55,35,96,5,7,62754.97,25,25227.66
60814,99,76,55,6,1,41248.48,29,-77480.94
12017,71,55,96,5,9,91954.74,29,9593.22
20914,2,76,35,1,1,75577.46,20,-76064.02
111219,77,96,35,1,7,-87865.6,23,-53912.32
60918,26,14,96,6,1,90134,28,67914.89
70921,39,35,76,1,3,-29454.62,27,73689.6
42819,1,76,55,6,7,-60413.13,26,32743.72
50813,75,35,35,2,3,-16970.55,28,-59502.95
11220,1,96,96,6,9,-33469.44,26,61239.18
31617,91,96,55,7,4,72098.27,28,-62760.75
81816,16,35,55,7,5,17413.73,20,-60982.98
91017,96,96,35,2,8,47652.57,26,-71982.3
122716,86,96,35,2,9,-1712.61,20,65826.97
31215,72,76,76,2,6,-15508.16,26,-79555.07
62313,78,76,35,3,1,-86622.02,26,54139.28
81619,26,35,14,8,4,-16173.43,21,91582.56
40220,89,15,55,8,1,-38714.2,27,-17849.33
113019,85,15,76,3,2,-43248.99,25,-47421.31
22818,72,35,35,3,7,93441.07,25,48770.29
41314,69,76,76,3,8,-1775.58,26,30675.96
10817,91,35,35,4,3,-3493.46,23,-15794.6
121120,73,97,55,9,3,-14625.97,27,34399.24
90720,75,97,76,4,1,63230.78,21,6748.05
32016,30,35,14,9,8,58369.37,23,40594.53
121420,61,76,14,9,9,-52882.68,23,37954.29
90817,75,15,55,9,9,-75837.65,28,73984.39
100316,60,15,76,4,8,31651,28,-19470.64
71020,70,56,96,9,8,92421.42,30,-14745.21
92813,65,76,76,5,1,21353.81,28,-91012.16
11919,3,56,76,5,2,40418.84,21,-43660.57
121813,21,97,76,5,4,596.51,28,40529
62617,38,35,35,5,8,42666.53,27,-85244
111623,16,97,15,1,4,-57067.11,23,-23118.72
51621,6,35,56,1,2,-90739.58,28,75120.34
123019,39,15,76,6,2,56134.49,27,-81044.37
40813,45,76,35,6,6,60984.57,22,-93071.32
91913,94,15,35,6,8,45418.27,23,62800.09
72320,57,35,15,2,5,-9419.48,23,7205.39
101514,58,76,56,2,2,97167.22,24,-51975.91
52414,23,56,15,2,8,-2539.58,30,-31442.56
120422,59,35,56,2,4,59252.09,30,89244.03
71418,12,76,15,3,1,79295.5,27,50798.56
70720,30,56,35,7,9,60632.15,28,7921.65
20816,43,35,56,2,7,46820.77,22,-21569.24
110120,30,15,97,2,9,-20969.48,29,68170.52
41123,49,97,56,3,5,57082.45,26,24891.16
93018,85,56,76,8,4,-62833.19,28,33144.37
12715,88,76,76,8,3,99635.26,21,48794.55
22722,59,56,35,8,7,61126.43,21,-3965.56
70417,29,35,15,4,4,-49399.99,29,11612.08
11922,80,56,35,9,4,59297.81,30,51788.19
80121,11,76,15,4,9,-68452.76,30,87432.39
92815,11,56,56,4,6,-86888.24,26,54131.85
71815,43,76,56,4,7,88488.09,21,70293.76
110221,66,56,97,4,4,-48225.82,28,-5145.96
40117,29,97,15,5,5,30845.58,29,69026.51
62823,26,97,56,5,5,-46363.9,28,-27154.64
113017,7,56,97,5,2,-7022.31,26,26970.95
71716,9,36,56,5,7,-42634.29,23,-12735.98
112215,7,15,97,5,4,-91918.49,23,-88895.98
52621,95,36,97,5,5,69260.47,26,54115.27
71414,5,36,56,5,9,-6981.74,28,72626.44
53116,47,77,15,6,5,17007.78,22,98407.66
81814,71,97,56,6,5,79409.41,30,-80960.51
32617,49,15,36,2,1,86387.54,28,16734.26
52522,63,77,77,1,7,67866.26,20,82162.52
112613,74,77,36,2,3,-52495.83,21,82275.82
81220,39,56,97,6,5,53786.45,26,-34806.13
120720,64,97,97,6,9,58855.07,22,87410
80522,89,56,56,7,4,62035.52,20,13283.01
61616,78,97,15,7,9,90455.38,23,99251.63
110723,1,77,97,7,2,-85501.38,26,-60454.6
62316,96,15,56,7,5,-67214.88,22,-51598.4
43015,41,56,97,7,4,2085.02,27,-64416.04
62218,56,97,15,8,3,-55045.4,29,25656.09
61217,67,77,77,2,3,51038.59,28,-11659.49
30922,48,97,97,7,7,-6769.45,27,65728.01
30520,15,97,97,7,8,-2287.64,20,53313.19
111719,49,56,77,3,3,95283.22,26,57179.84
60717,18,36,97,8,1,-64608.13,29,80108.36
82815,47,15,77,3,6,99550.53,24,38269.23
13014,61,56,97,8,6,484.02,21,31069.45
91114,11,77,15,9,5,84118.54,21,-52982.04
50920,82,56,97,8,7,-67680.31,28,38060.53
110822,1,36,15,9,8,-57999.69,23,-72436.55
31814,73,97,36,4,8,78605.21,27,-76098.05
62722,11,97,77,4,5,45353.79,28,-8969.28
102014,30,36,56,9,7,44644.03,22,-88104.79
92820,68,15,97,9,3,-25337.73,22,33274.04
12217,15,97,77,4,9,-87758.52,28,-19575.42
31116,39,56,36,5,5,-81898.29,22,85886.09
122616,85,97,77,5,2,83806.73,24,-33846.47
110623,54,97,77,5,3,85371.77,20,-84844.13
90313,30,97,77,5,6,-99859.88,21,29195.65
30618,39,77,77,6,1,-98443.74,27,-15517.94
122214,73,36,98,1,3,97106.2,30,60483.77
51218,83,97,77,6,8,45303.7,30,24755.13
100421,47,36,98,1,7,14742.58,28,-71839.24
62220,82,77,57,2,4,82380.63,21,-15734.54
50214,61,57,77,7,3,-35640.97,28,-61922.36
32022,87,36,77,7,4,35360.67,29,90620
43017,14,57,16,2,9,-73398.01,23,80412.91
32020,56,98,77,7,6,-57517.76,24,-99527.33
92619,23,16,98,2,2,-52164.2,26,38355.85
91115,93,57,36,8,2,-1522.44,25,94539.57
32223,22,57,77,7,8,-19944.73,24,47048.58
22215,55,16,36,8,5,-84010.97,30,79144.5
80815,39,57,36,8,6,-23414.07,20,-2233.82
20913,12,16,57,3,7,-90066.26,20,32680.01
91223,82,36,57,3,8,-19129.1,27,-14995.47
111314,32,16,36,9,3,-32516.34,27,-70498.42
11120,9,77,16,4,6,-52294.89,30,-15782.33
30716,30,36,57,4,3,24351.19,24,45475.48
122313,71,98,16,4,8,45620.87,30,6221.03
71223,92,16,98,4,2,-59579.37,25,-85483.21
72523,93,57,16,5,1,-74647.85,30,47377.94
101713,59,77,77,9,6,52470.09,20,45050.19
112221,25,36,16,5,3,-56291.43,26,-48311.98
101122,56,98,57,4,7,50969,26,-44809.6
110216,18,98,57,5,1,29732.07,24,-89882.53
62821,23,78,16,6,3,-59004,24,26494.39
30113,92,37,37,1,1,6780.56,28,42700.29
100215,48,16,16,6,5,98944.61,20,-15784.77
42317,81,78,98,5,9,-61863.14,26,69416.03
81521,47,16,57,6,4,-45036.88,22,39416.28
60721,65,37,98,6,1,51392.56,28,22569.78
50618,64,37,16,6,9,71836.55,21,46966.65
80616,19,98,78,1,5,-18329.45,26,-73974.96
40621,78,78,37,1,9,34898.06,24,-95665.89
82114,30,16,37,1,5,-62987.67,29,-40580.61
112519,76,78,57,6,3,-45807,27,75119.12
121017,68,57,78,1,2,14122.23,30,-190.93
50216,34,16,78,2,2,-58880.44,20,20377.28
10220,9,16,37,2,7,61581.83,29,20680.12
82223,47,98,98,7,4,87708.25,21,-42547.98
52917,58,16,16,8,5,50813.98,20,42824.96
53118,25,98,16,8,6,-9689.98,23,-85836.17
51314,14,57,57,8,5,7320.55,26,-57918.22
112621,2,16,37,3,7,55001.73,30,-10529.51
122719,61,78,98,8,4,38535.58,20,-13863.96
12823,80,98,16,9,5,14764.29,29,95314.65
82715,12,57,98,8,7,-52119.91,23,-41183.41
72117,81,78,78,4,1,-62860.09,24,44527.98
32415,36,78,57,9,3,-32428.86,20,34868.54
42322,96,16,57,9,5,-91948.62,22,43309.34
112814,15,57,37,4,7,-27651.11,20,24339.83
42419,45,57,37,4,5,-92505.76,20,77183.98
82517,21,16,78,4,6,-93758.5,29,-94294.02
72915,3,98,78,4,9,-75844.83,23,-59066.97
30421,66,78,37,5,6,79780.01,28,71882.82
91820,7,37,78,5,4,-42279.12,24,86897.08
71313,98,37,37,6,1,55228.55,29,-561.08
52113,44,78,17,1,5,47691.3,30,89087.3
61616,37,37,17,1,6,-4027.74,23,87597.66
30420,26,78,78,6,5,-59720.19,27,-34801.67
122918,76,17,99,1,4,91426.99,26,-59639.75
70320,90,78,78,6,8,-47609.75,22,-83413.85
31922,4,58,58,2,2,56455.78,28,11915.92
122513,48,37,17,2,7,82785.51,28,-23465.06
91520,62,99,17,2,6,64936.24,28,23292.15
113019,70,17,78,7,3,-84493.48,25,-52097.69
72813,76,78,99,2,1,-74158.22,30,-29143.6
91517,13,58,99,2,7,28800.06,28,-20068.28
42615,43,99,99,2,8,-39051.01,20,-7802.74
40317,42,37,99,2,9,-60156.13,21,-90072.75
121813,75,17,37,8,6,2060.41,27,69753.22
41222,60,17,78,8,3,-14797.48,29,59030.24
21113,12,99,17,3,9,-74611.77,21,-8323.68
22514,40,37,37,8,9,99837.46,25,-73632.83
12919,37,37,58,3,8,51106.27,30,-39751.24
21119,5,37,17,3,6,81414.55,28,26462.42
120921,5,17,37,9,2,-7118.18,27,57310.43
31813,39,99,78,8,8,-2024.29,20,69132.74
82316,9,17,17,4,3,-54666.18,23,-72098.39
112322,23,99,78,8,9,-91953.66,20,-27084.06
52318,92,58,17,4,8,-40551.76,30,83478.45
31118,44,58,17,4,1,-6201.43,29,1454.29
81717,68,38,78,9,4,-74895.23,23,30442
83014,5,99,37,9,9,-56829.87,27,-48788.07
102821,79,58,37,9,6,70422.51,22,-38712.8
32618,38,79,17,5,3,81754.25,29,-66147.6
111620,79,58,17,5,6,-11823.05,30,-22951.04
111721,4,38,99,5,3,50282.43,29,87722
90922,49,17,58,5,7,95688.23,23,58974.68
80514,52,99,58,5,9,-7640.52,25,20188.69
80314,61,38,38,1,3,72368.44,21,-90417.63
50720,29,58,99,6,2,-67178.72,29,-63454.9
20721,46,17,38,1,8,24777.24,28,-98623.96
123015,82,99,58,6,6,20659.73,22,-63797.31
111922,68,58,38,2,2,-67287.35,26,-71553.79
122116,70,79,99,7,1,-90128.61,28,29744.99
51917,13,58,99,7,4,-81909.31,23,-94244.27
22118,51,38,58,8,1,89678.91,20,-24318.66
122318,43,38,17,8,6,-71046.95,25,94641.84
33019,53,79,58,8,3,-50644.88,20,-31029.02
51521,38,38,58,8,4,-78626,20,23182.24
71213,43,38,79,3,4,39749.82,28,8682.98
111422,17,79,17,9,2,66262.59,26,33453.72
21818,54,38,38,4,2,-63001.95,29,50583.89
120323,16,38,79,3,9,66528.76,26,-30550.92
42214,66,38,58,9,2,49707.44,22,12607.56
90113,50,18,38,4,5,-39928.11,26,53657.4
40422,70,59,79,4,1,-3672.51,30,7555.86
12523,74,59,58,9,4,94184.93,25,84433.68
41715,73,38,99,9,3,-26654.13,24,-25036.63
71922,50,52,58,9,8,-77916.15,22,-83902.54
122020,47,18,99,9,5,17498.95,30,-73925.86
91113,57,18,38,5,6,9911.22,20,-24984.58
40315,51,18,38,5,9,6289.7,28,-15602.81
102215,73,79,18,1,2,97060.27,20,-31162.89
122221,40,38,18,1,3,-46842.47,20,72673.06
12413,49,18,79,5,7,-38883.79,21,29434.13
42014,31,79,59,1,3,-1942.02,21,-83072.01
51218,41,18,38,6,9,19471.2,21,79098.25
61623,64,59,38,7,2,89530.7,28,48905.36
70115,53,59,79,6,8,10153.8,23,63060.07
22120,72,79,59,2,2,-12996.12,29,47760.11
10317,99,18,59,2,5,-35768.8,24,-61833.94
30113,74,59,38,7,7,4136,21,-72296.58
81721,31,18,79,7,6,72166.21,30,63008.21
111019,53,59,59,3,2,71617.83,21,91010.43
70322,9,79,18,3,7,78122.44,23,48833.89
31318,92,38,38,8,9,56782.87,24,2614.96
80423,44,18,59,3,8,-46761.8,28,88618.99
103121,34,79,59,3,9,-95283.21,29,-8315.03
111420,81,18,59,3,7,-3030.73,28,-31158.82
120817,9,18,79,9,1,-99871.43,27,-32560.96
21122,58,18,38,9,6,9409.48,21,84875.26
102816,97,39,18,5,2,-34079.16,30,71159.94
122117,83,59,79,9,9,-53203.33,28,39034.59
110216,56,39,59,5,4,41613.06,27,9350.75
40516,10,59,18,6,1,52563.45,27,-24143.1
11822,30,18,18,6,3,41009.9,20,92640.89
103018,58,39,39,1,1,-73499.27,28,64633.16
100413,13,39,18,6,8,31221.76,22,6150.41
111317,8,39,59,7,1,81395.75,29,32191.08
101413,60,18,18,7,6,-93585.73,30,-55110.59
30216,46,39,18,7,9,-50407.88,26,-14939.25
102018,58,39,18,8,4,-95032.45,21,66035.57
121819,77,59,39,3,5,68983.43,30,-23642.73
40816,28,59,18,8,8,-85295.1,28,54309.81
101414,25,59,39,3,6,-8633.99,26,-73950.95
42319,12,59,59,8,9,-92164.92,21,-21044.85
72023,96,39,39,4,5,66404.89,26,-12118.76
122022,74,19,19,1,2,-85029.25,20,76802.18
22314,23,39,39,6,3,-19295.74,27,37525.8
12122,33,39,19,1,6,50768.89,21,55099.62
120413,53,39,56,7,3,96513.75,20,-97056.11
12017,3,19,39,7,4,88971.14,30,-91316.75
11519,34,36,39,8,4,55828.21,30,-98522.8
71213,15,39,39,8,8,-13216.55,27,-85659.48
10420,20,39,19,4,7,48302.77,21,-80551.37
32919,54,19,19,4,9,-59117.93,27,-84489.8
121218,74,19,19,5,1,-42445.18,26,-17365.23
101420,17,19,39,9,9,-90211.83,24,-33081.91
100817,64,39,19,5,3,-83355.74,27,45793.44
110114,79,19,19,5,6,-46025.8,26,20281.42
51718,17,19,19,5,8,81206.05,23,21681.52
102314,75,19,19,6,4,-22537.64,27,-16905.75
41819,8,81,19,6,7,-23514.94,21,2587.36
91516,92,19,81,1,5,75698.36,30,-11009.6
32317,10,81,81,1,9,36368.02,20,-41633.86
111122,25,81,19,7,6,84937.77,26,51836.04
100323,37,81,19,9,1,-29750.55,23,67619.06
90822,29,81,81,3,6,15165.52,30,29623.25
120422,14,81,81,3,7,-61444.54,21,-60300.55
121923,94,19,19,9,6,-77801.65,20,-94983.77
32123,36,19,81,6,5,-4554.21,29,-52088.33
11721,58,81,81,6,9,-52888.21,29,30173.96
111122,91,61,61,2,3,-63358.72,21,8423.35
21519,72,81,61,2,4,-31504.1,23,64095.38
90717,86,81,81,7,2,-36637.13,23,-38604.98
110914,42,61,61,2,7,20892.41,24,-17250.47
91614,90,81,61,2,8,-22538.28,27,57657.59
12519,34,81,81,7,6,-28192.18,30,-94657.75
42222,45,81,81,8,5,-77042.39,30,54000.81
72917,57,61,61,3,9,6909.89,21,43263.68
62122,40,61,81,9,1,18264.01,29,76138.7