RCRD-TYP,FD-CDE-2,NME-FLDS-BORR-CNT,MAILG-LVL,ST-OFC-MAILG,CTY-OFC-MAILG,DST-OFC-MAILG,ST-CDE-OBLR,CTY-CDE-OBLR,ID-NBR-OBLR,LN-NBR,CR-REPT-FEE-CDE,NME-OBLR,ADVNC-MULTI-AMT,DTE-CK,APROPTN-CDE,GEOG-ST-CDE,FY
20,61,9,T,13,117,117,13,117,76260008,34,6,1.3117E+17,45224.92,112016,74,54,40
13,81,7,D,31,47,47,31,47,49434662,35,7,3.1047E+17,-98866.65,112119,73,22,81
16,81,9,T,36,17,17,36,17,48515174,67,6,3.6017E+17,3830.5,81620,80,35,81
18,61,8,U,18,101,101,18,101,59300120,40,2,1.8101E+17,89869.79,41221,70,48,41
15,61,3,T,37,77,77,37,77,46717643,77,0,3.7077E+17,29541.3,101616,76,56,61
12,61,5,U,27,101,101,27,101,44374901,58,6,2.7101E+17,-32160.73,111120,76,28,20
12,61,7,V,30,105,105,30,105,95642663,48,9,3.0105E+17,94854.18,92714,71,25,41
11,41,2,V,18,45,45,18,45,37273030,42,2,1.8045E+17,17547.73,21519,77,32,61
18,61,7,C,26,125,125,26,125,71241742,90,3,2.6125E+17,-48340.16,42823,72,1,82
11,41,5,S,48,267,267,48,267,84428185,80,7,4.8267E+17,96185.24,21019,80,35,20
14,61,3,S,30,69,69,30,69,15562267,93,3,3.0069E+17,88606.76,60517,70,39,41
14,82,7,C,21,221,221,21,221,76530040,28,0,2.1221E+17,58773.45,32818,75,35,41
18,61,6,T,48,481,481,48,481,78722308,34,6,4.8481E+17,35220.1,52423,74,10,41
17,41,1,V,48,207,207,48,207,52034403,65,3,4.8207E+17,-70757.75,112618,75,49,61
17,41,5,T,53,27,27,53,27,18828032,80,4,5.3027E+17,9226.25,122914,72,8,41
13,82,4,T,16,75,75,16,75,11844551,22,7,1.6075E+17,-38662.34,50514,80,22,82
13,41,5,D,20,69,69,20,69,35140798,84,6,2.0069E+17,-63201.93,80821,77,39,41
14,41,2,C,5,85,85,5,85,34074143,59,8,5.085E+16,67337.4,71418,74,1,82
18,61,2,V,5,91,91,5,91,50115484,87,4,5.09101E+16,79063.22,71719,73,13,41
18,41,3,U,31,9,9,31,9,26856922,70,8,3.1009E+17,26761.32,20219,72,45,20
18,82,2,D,39,17,17,39,17,21839827,12,0,3.9017E+17,-58228.07,90423,70,13,82
11,82,1,U,26,51,51,26,51,28317107,33,2,2.6051E+17,59329.11,73023,80,16,82
20,41,1,V,47,121,121,47,121,10900624,91,2,4.7121E+17,-10716.91,111416,79,35,21
13,82,9,T,40,23,23,40,23,60511808,33,3,4.0023E+17,95524.64,103119,73,1,62
12,41,6,C,5,131,131,5,131,67084686,82,3,5.13101E+16,-69973.37,41418,72,9,62
17,82,8,S,48,431,431,48,431,12067708,5,2,4.8431E+16,50142.63,10321,76,6,41
14,21,2,U,48,223,223,48,223,21784696,77,8,4.8223E+17,27682.07,72418,71,29,21
17,62,4,T,46,41,41,46,41,87120329,79,9,4.6041E+17,63122.96,10721,72,37,82
16,21,9,T,20,133,133,20,133,32228374,75,1,2.0133E+17,71809.65,110313,79,48,82
15,41,3,S,18,67,67,18,67,43995138,47,0,1.8067E+17,63822.44,72915,72,33,62
20,62,5,U,37,199,199,37,199,58059673,65,2,3.7199E+17,66761.63,11513,80,10,41
10,62,9,V,48,247,247,48,247,63181942,89,1,4.8247E+17,90136.44,102822,78,49,21
20,41,6,T,9,13,13,9,13,79622567,14,0,9.01301E+16,-71348.82,100514,77,26,62
10,62,2,S,8,41,41,8,41,16970266,29,1,8.041E+16,-1411.39,100121,79,46,41
13,21,6,T,49,35,35,49,35,25132120,52,0,4.9035E+17,-76320.62,12322,77,47,82
16,82,9,S,2,164,164,2,164,96124053,52,8,2.16401E+16,52468.04,42821,73,49,82
20,21,4,D,21,3,3,21,3,92899360,15,0,2.1003E+17,41126.55,111119,73,54,62
16,82,4,T,2,60,60,2,60,83830301,85,5,2.06001E+16,27658.42,61117,75,46,41
19,41,2,C,56,43,43,56,43,70197143,98,1,5.6043E+17,-2930.45,60518,75,5,82
17,21,9,S,48,317,317,48,317,29589775,25,8,4.8317E+17,55005.29,102415,75,4,62
18,41,2,C,48,405,405,48,405,69046532,44,9,4.8405E+17,-56991.16,53015,71,25,21
10,82,7,C,51,193,193,51,193,43509991,99,3,5.1193E+17,-71725.72,72218,75,45,41
12,62,4,U,39,65,65,39,65,92936137,51,3,3.9065E+17,74274.57,101720,74,8,41
11,41,5,U,48,465,465,48,465,30120040,6,2,4.8465E+16,13305.62,100818,74,26,62
15,21,7,V,54,101,101,54,101,38299128,73,8,5.4101E+17,-25291.72,61813,77,54,62
17,62,8,C,47,187,187,47,187,31906138,81,2,4.7187E+17,15877.95,21413,73,36,82
16,41,3,T,24,21,21,24,21,23351692,19,4,2.4021E+17,81330.86,22418,79,46,21
15,41,2,V,40,21,21,40,21,37918494,87,5,4.0021E+17,-37796.46,10914,76,48,62
11,62,5,V,51,145,145,51,145,78139869,75,5,5.1145E+17,-22290.65,120916,79,41,21
20,62,2,D,13,307,307,13,307,17330170,23,9,1.3307E+17,-47228.12,52515,79,45,42
14,82,5,C,40,109,109,40,109,76964872,6,5,4.0109E+16,-47390.97,21018,70,33,83
13,62,4,S,20,93,93,20,93,64897086,79,8,2.0093E+17,-80862.28,21120,71,13,21
10,62,1,T,42,61,61,42,61,93440471,84,6,4.2061E+17,-97617.32,122316,77,32,42
10,21,6,C,18,183,183,18,183,42357381,96,7,1.8183E+17,-84684.33,71017,74,27,83
15,62,6,U,51,540,540,51,540,38041186,58,4,5.154E+17,-73241.44,42315,70,51,42
12,42,5,D,38,105,105,38,105,52186445,19,8,3.8105E+17,47538.07,61317,72,35,21
17,62,5,C,39,71,71,39,71,30400222,79,1,3.9071E+17,-46988.08,52414,78,1,42
15,62,4,U,24,37,37,24,37,56633353,35,5,2.4037E+17,646.24,20119,74,56,62
15,21,8,S,47,135,135,47,135,76305807,7,7,4.7135E+16,3123.58,72218,78,29,42
10,42,6,C,48,383,383,48,383,46142446,67,9,4.8383E+17,83496.89,21014,80,25,21
13,83,2,S,28,31,31,28,31,81101978,2,0,2.8031E+16,45192.78,10823,73,16,62
11,21,4,T,13,235,235,13,235,23396398,37,6,1.3235E+17,68490.81,100423,70,5,21
18,83,8,D,20,143,143,20,143,31968221,69,9,2.0143E+17,20908.47,90515,74,31,83
19,62,1,S,8,99,99,8,99,73061002,30,9,8.09901E+16,-63073,103023,73,25,83
13,83,1,D,20,105,105,20,105,93437733,24,6,2.0105E+17,55231.1,40917,79,15,21
13,42,6,C,53,29,29,53,29,75342369,29,0,5.3029E+17,-43132.18,11013,80,30,62
14,21,6,U,20,59,59,20,59,31347427,29,6,2.0059E+17,58685.96,70620,76,9,42
16,62,7,T,20,141,141,20,141,40483691,21,8,2.0141E+17,-26860.86,70121,79,5,22
16,62,9,T,48,189,189,48,189,36392322,39,9,4.8189E+17,-59272.04,102820,78,46,83
14,42,3,U,47,79,79,47,79,45393697,38,8,4.7079E+17,-78590.24,40423,75,13,62
11,42,1,S,2,68,68,2,68,14619831,87,9,2.068E+16,35598.19,112513,71,30,61
10,42,1,U,48,141,141,48,141,98274377,68,5,4.8141E+17,-90980.21,101216,75,39,22
17,62,9,D,5,117,117,5,117,57497106,48,3,5.11701E+16,18875.93,11817,74,55,42
14,83,6,U,51,169,169,51,169,83549247,85,7,5.1169E+17,3246.46,10218,80,17,42
16,42,2,T,37,133,133,37,133,52396495,19,0,3.7133E+17,63436.12,10120,80,23,63
13,21,6,C,37,39,39,37,39,60773180,39,8,3.7039E+17,-75600.9,81917,80,4,22
16,62,7,V,13,65,65,13,65,73524505,4,1,1.3065E+16,45064.77,120416,70,12,63
10,42,9,V,29,229,229,29,229,82687659,16,7,2.9229E+17,-75334.92,110617,73,56,42
20,21,1,S,42,45,45,42,45,38863789,88,1,4.2045E+17,-13921.15,120716,71,45,83
12,83,5,S,1,59,59,1,59,65530559,62,0,1.05901E+16,8108.13,12418,70,8,63
15,42,3,U,20,111,111,20,111,82216577,1,6,2.0111E+16,-63553.74,82119,73,23,83
19,42,3,D,42,73,73,42,73,94668099,46,2,4.2073E+17,-17762.09,42121,72,36,22
12,83,8,V,38,81,81,38,81,25557473,2,8,3.8081E+16,-11418.16,90717,71,32,63
17,83,1,C,26,65,65,26,65,38973832,39,3,2.6065E+17,18221.31,30921,79,22,63
20,22,2,T,13,195,195,13,195,11063957,19,7,1.3195E+17,90512.51,101721,80,35,42
15,42,2,D,26,139,139,26,139,73270262,9,3,2.6139E+16,-85373.81,102818,80,24,22
19,83,5,V,48,201,201,48,201,42111461,56,9,4.8201E+17,36171.99,120415,79,49,42
19,22,2,C,28,23,23,28,23,27742423,47,9,2.8023E+17,32452.86,101918,80,23,42
15,63,3,C,47,27,27,47,27,66171119,99,4,4.7027E+17,12979.65,41919,72,40,83
11,22,4,S,29,9,9,29,9,48616972,48,5,2.9009E+17,22146.56,20213,70,34,83
15,42,6,C,5,143,143,5,143,22093289,25,0,5.143E+16,-99297.37,81414,77,31,22
10,63,1,D,28,157,157,28,157,16231061,26,0,2.8157E+17,18948.27,32414,73,25,63
11,22,8,U,19,117,117,19,117,89116335,45,4,1.9117E+17,-93554.5,20913,78,47,63
11,63,7,D,38,1,1,38,1,35973108,70,1,3.8001E+17,1324.04,80321,70,44,43
10,42,8,D,31,173,173,31,173,76547218,93,4,3.1173E+17,-7833.58,91020,79,40,84
10,63,5,C,45,5,5,45,5,25872762,37,7,4.5005E+17,66347.14,10923,74,8,63
15,83,6,C,10,1,1,10,1,14412194,92,7,1.0001E+17,-84077.31,82819,72,44,63
14,63,9,D,48,401,401,48,401,42514774,48,1,4.8401E+17,57527.58,111918,70,42,63
17,42,4,V,13,201,201,13,201,91605401,2,9,1.3201E+16,14733.93,82317,74,19,63
10,22,6,T,27,71,71,27,71,89359264,55,8,2.7071E+17,91981.39,12819,80,38,63
12,63,3,T,13,21,21,13,21,79173826,49,4,1.3021E+17,65572.78,40717,78,,63
15,42,4,C,46,85,85,46,85,18831229,74,9,4.6085E+17,18458.38,93017,74,,22
14,63,9,S,48,151,151,48,151,83940103,45,5,4.8151E+17,40225.58,82923,77,,22
16,42,1,U,30,17,17,30,17,17101509,45,9,3.0017E+17,-75506.19,50816,74,,84
15,22,6,U,19,137,137,19,137,50717590,15,6,1.9137E+17,73579.15,30915,78,,84
18,22,1,T,37,191,191,37,191,20215650,28,0,3.7191E+17,-59997.34,31618,71,,22
19,22,3,S,47,41,41,47,41,81338820,75,9,4.7041E+17,-36532.88,92522,80,,43
13,63,7,D,51,157,157,51,157,99402618,91,9,5.1157E+17,-45778.77,62614,70,,84
11,22,4,C,13,83,83,13,83,16288707,48,1,1.3083E+17,-79010.03,20315,79,,43
11,63,4,S,37,11,11,37,11,56173135,78,8,3.7011E+17,27142.86,31019,71,,23
15,63,9,C,51,173,173,51,173,82066599,67,2,5.1173E+17,-67969.5,72415,75,,84
12,43,4,V,40,137,137,40,137,52442760,42,7,4.0137E+17,69244.61,122618,79,,43
19,84,7,T,1,71,71,1,71,34661551,87,2,1.071E+16,-56710.04,32023,70,,84
11,84,2,S,48,41,41,48,41,45223890,47,2,4.8041E+17,99807.37,101623,76,,64
14,84,5,U,19,79,79,19,79,93030362,8,6,1.9079E+16,-60792.13,91619,79,,64
14,22,7,C,29,137,137,29,137,76884079,6,1,2.9137E+16,-18818.91,120614,73,,23
18,22,2,D,17,99,99,17,99,77118324,76,3,1.7099E+17,38533.02,22821,70,,64
14,43,7,V,45,55,55,45,55,35164666,55,8,4.5055E+17,14895.43,32218,71,,23
20,81,4,C,8,7,7,8,7,50444148,68,8,8.00701E+16,92986.9,60715,73,,64
12,63,8,V,19,169,169,19,169,44223839,28,8,1.9169E+17,65782.17,71617,71,,84
14,43,3,U,47,99,99,47,99,92019032,12,0,4.7099E+17,23737.35,52916,71,,43
19,22,5,U,12,113,113,12,113,23971117,63,1,1.2113E+17,81624.15,92521,76,,64
14,43,1,T,49,55,55,49,55,77726066,80,3,4.9055E+17,4958.97,101415,78,,64
16,84,6,D,35,15,15,35,15,41461726,84,6,3.5015E+17,-88289.74,31317,78,,23
10,63,3,C,6,19,19,6,19,19393454,27,9,6.019E+16,-50289.63,60420,73,,43
14,43,8,D,28,111,111,28,111,44806265,94,7,2.8111E+17,9362.49,21421,73,,23
11,43,5,D,17,95,95,17,95,59591296,20,6,1.7095E+17,42366.45,22213,73,,23
15,84,6,U,6,1,1,6,1,41258536,50,2,6.001E+16,-20695.07,41315,76,,84
14,63,6,V,19,87,87,19,87,70874007,91,5,1.9087E+17,34937.68,53023,76,,84
14,43,3,V,12,17,17,12,17,90051617,26,2,1.2017E+17,-54653.11,11020,73,,23
15,63,1,D,40,5,5,40,5,80053345,27,0,4.0005E+17,-96664.58,101117,77,,64
10,84,3,C,19,193,193,19,193,25070732,56,5,1.9193E+17,-87638.07,101321,75,,85
14,84,5,C,48,425,425,48,425,24052749,52,6,4.8425E+17,-67897.67,110119,71,,23
17,23,4,S,21,231,231,21,231,61924478,8,5,2.1231E+16,-70976.8,60622,75,,44
17,84,4,D,48,455,455,48,455,86511390,16,4,4.8455E+17,-34605.55,112415,78,,64
15,23,2,T,17,97,97,17,97,49976787,49,9,1.7097E+17,-33666.6,91217,76,,64
11,43,6,C,29,77,77,29,77,32971184,78,2,2.9077E+17,-66742.6,121518,80,,85
20,64,1,D,29,89,89,29,89,18551565,83,4,2.9089E+17,-80262.2,112613,70,,85
18,64,9,D,55,119,119,55,119,43165906,98,1,5.5119E+17,-57489.26,63021,70,,44
12,64,3,S,45,27,27,45,27,85206555,34,4,4.5027E+17,-91018.11,40322,76,,85
13,43,1,S,37,107,107,37,107,25948614,28,3,3.7107E+17,58341.87,90619,75,,85
20,64,5,S,21,107,107,21,107,77946733,36,3,2.1107E+17,57551.46,120613,78,,23
12,64,2,T,30,23,23,30,23,51805135,83,2,3.0023E+17,72708.4,122622,78,,85
18,43,3,U,6,3,3,6,3,66095539,83,8,6.00301E+16,-39778.71,11521,78,,23
16,64,2,S,18,143,143,18,143,74626661,57,6,1.8143E+17,41121.19,11220,71,,44
13,23,5,U,13,119,119,13,119,66414573,60,1,1.3119E+17,29783.1,120214,79,,64
17,84,8,D,19,101,101,19,101,39755731,19,4,1.9101E+17,60274.64,100816,70,,23
15,23,6,C,35,59,59,35,59,32961090,33,7,3.5059E+17,-58941.85,72918,75,,85
11,43,1,V,48,123,123,48,123,19077395,56,2,4.8123E+17,67316.95,33120,71,,44
12,23,2,T,45,59,59,45,59,91713891,14,5,4.5059E+17,-78283.39,22622,80,,65
17,64,5,C,48,483,483,48,483,23360016,4,9,4.8483E+16,91783.38,90423,77,,24
14,84,8,U,17,79,79,17,79,67574637,52,3,1.7079E+17,-15756.58,31117,74,,44
15,43,9,D,8,57,57,8,57,50463980,97,6,8.05701E+16,43998.02,12713,72,,65
13,43,5,V,6,63,63,6,63,70886521,72,9,6.06301E+16,78732.77,51118,73,,85
20,84,7,V,16,11,11,16,11,34282817,97,4,1.6011E+17,23603.86,31214,70,,65
10,23,8,C,20,149,149,20,149,70334928,36,9,2.0149E+17,58161.39,72014,80,,24
11,23,8,T,27,69,69,27,69,80826268,58,4,2.7069E+17,21839,73023,73,,85
12,64,6,V,36,85,85,36,85,28541367,3,0,3.6085E+16,40953.03,41013,71,,65
20,23,1,S,28,15,15,28,15,60588189,80,3,2.8015E+17,-28958.95,41917,71,,85
20,84,7,D,42,5,5,42,5,89195277,87,4,4.2005E+17,77456.55,40819,73,,24
14,64,8,C,31,99,99,31,99,12946203,19,3,3.1099E+17,-80153.49,81718,79,,24
16,23,7,S,18,75,75,18,75,89199850,29,1,1.8075E+17,-93151.15,30718,79,,85
11,64,2,V,48,427,427,48,427,52144869,17,1,4.8427E+17,30869.46,42815,72,,85
18,44,8,D,41,21,21,41,21,57632626,38,8,4.1021E+17,-56869.72,72422,71,,65
10,64,3,V,17,203,203,17,203,44943707,25,8,1.7203E+17,-14735.79,30819,71,,24
17,23,9,T,30,41,41,30,41,84723129,15,6,3.0041E+17,70237.95,31121,74,,85
18,23,2,D,22,7,7,22,7,31161179,99,1,2.2007E+17,-64728.68,12617,78,,85
11,64,1,S,21,43,43,21,43,83726989,6,2,2.1043E+16,37049.56,22719,78,,24
11,85,3,V,38,13,13,38,13,59305962,17,6,3.8013E+17,-39486.05,92716,70,,85
11,44,8,D,35,51,51,35,51,86480756,32,0,3.5051E+17,-38712.6,71015,74,,45
11,85,2,V,4,9,9,4,9,88806943,84,4,4.00901E+16,-54393.82,20414,75,,86
20,23,9,S,48,243,243,48,243,32209948,3,7,4.8243E+16,85343.75,51016,72,,65
19,64,1,V,26,49,49,26,49,48623020,25,9,2.6049E+17,-70230.75,31821,72,,45
15,44,4,D,48,285,285,48,285,66444158,3,5,4.8285E+16,1549.34,30220,77,,65
16,44,9,U,22,81,81,22,81,31748689,39,5,2.2081E+17,-45134.8,60322,77,,86
16,64,7,S,26,109,109,26,109,54156965,2,5,2.6109E+16,5495.04,11317,79,,45
10,44,3,U,12,19,19,12,19,97619222,77,0,1.2019E+17,28313.52,70115,77,,45
19,44,2,S,48,91,91,48,91,81839638,13,3,4.8091E+17,-61854.51,100518,72,,45
19,85,8,S,20,169,169,20,169,90297512,86,8,2.0169E+17,-32508.83,80823,72,,24
18,23,9,D,38,51,51,38,51,89704384,77,3,3.8051E+17,-69580.14,73114,71,,65
15,85,3,C,41,45,45,41,45,41348829,57,4,4.1045E+17,-65149.17,61514,76,,86
17,64,1,C,27,59,59,27,59,53886347,57,3,2.7059E+17,12854.4,101616,70,,24
11,85,5,S,36,57,57,36,57,58651430,28,6,3.6057E+17,-64451.27,90814,71,,86
17,85,9,U,48,287,287,48,287,92671331,5,2,4.8287E+16,-75200.35,82121,79,,24
17,24,4,V,37,181,181,37,181,46639144,99,3,3.7181E+17,4816.24,42120,77,,65
16,65,3,U,40,29,29,40,29,12456507,19,0,4.0029E+17,-12784.36,120413,72,,86
18,44,3,V,51,101,101,51,101,34080633,16,6,5.1101E+17,74184.81,32915,75,,66
17,85,2,C,47,29,29,47,29,51123129,55,8,4.7029E+17,-49880.38,41015,79,,45
17,44,5,D,13,295,295,13,295,82622203,14,5,1.3295E+17,-69923.63,110617,71,,86
17,85,4,S,18,171,171,18,171,71649315,8,7,1.8171E+16,-52665.13,72315,78,,66
16,65,5,C,55,77,77,55,77,35487607,16,6,5.5077E+17,-7968.13,11720,80,,25
15,24,6,V,15,7,7,15,7,15860278,88,2,1.5007E+17,-73599.62,101921,78,,25
12,24,2,V,39,169,169,39,169,59376185,97,3,3.9169E+17,16065.57,90415,79,,86
14,85,3,T,13,309,309,13,309,77768144,46,7,1.3309E+17,-13246.75,30519,71,,86
19,44,5,D,31,95,95,31,95,21143015,74,7,3.1095E+17,34053.06,90813,79,,45
15,85,7,U,51,65,65,51,65,33307914,20,9,5.1065E+17,63025.59,121218,75,,86
20,85,8,S,40,13,13,40,13,70479084,11,8,4.0013E+17,-16269.79,100917,72,,66
17,85,1,T,46,35,35,46,35,54446833,79,0,4.6035E+17,79616.93,60414,74,,45
20,85,9,V,35,27,27,35,27,90306319,58,3,3.5027E+17,46212.53,82815,76,,66
17,65,7,T,17,67,67,17,67,33037187,74,2,1.7067E+17,13359.53,72916,74,,86
20,44,3,T,5,135,135,5,135,50362034,91,5,5.13501E+16,87805.89,100114,79,,45
19,65,9,U,48,29,29,48,29,68286679,95,2,4.8029E+17,4025.17,60223,73,,45
12,85,5,U,21,197,197,21,197,66683816,25,3,2.1197E+17,-45632.38,52013,73,,25
19,44,4,C,18,137,137,18,137,77304592,13,5,1.8137E+17,41745.49,121023,79,,45
18,85,8,S,51,25,25,51,25,56950015,50,6,5.1025E+17,-44111.39,100415,77,,25
13,85,4,V,54,17,17,54,17,37172741,86,9,5.4017E+17,-6468.1,102421,80,,46
18,65,6,T,45,33,33,45,33,89900683,34,3,4.5033E+17,-98189.15,101017,70,,87
18,24,9,U,13,131,131,13,131,77159606,22,9,1.3131E+17,6237.25,122522,74,,66
20,65,2,C,5,39,39,5,39,28826476,97,9,5.039E+16,-92372.07,32516,73,,46
18,65,2,V,4,27,27,4,27,60481347,46,1,4.02701E+16,59196.76,91220,79,,66
13,65,8,V,29,209,209,29,209,71411726,67,6,2.9209E+17,85298.54,70618,75,,25
11,24,7,U,21,155,155,21,155,88804318,25,5,2.1155E+17,80895.7,31821,73,,87
13,24,5,V,37,187,187,37,187,15803634,89,1,3.7187E+17,23100.77,41814,78,,25
14,24,1,T,37,87,87,37,87,38471535,36,9,3.7087E+17,-36390.1,92319,76,,25
17,86,5,C,48,295,295,48,295,65128556,35,2,4.8295E+17,-87001.08,100918,74,,66
13,65,5,D,12,37,37,12,37,18082802,87,0,1.2037E+17,63945.3,62414,75,,25
14,65,2,U,29,81,81,29,81,44049315,78,7,2.9081E+17,88708.73,80914,75,,25
13,24,6,T,47,59,59,47,59,12901455,53,5,4.7059E+17,56310.37,122316,80,,46
14,24,6,V,17,45,45,17,45,45825218,63,5,1.7045E+17,94804.9,41020,80,,66
17,86,8,S,48,85,85,48,85,79878498,33,4,4.8085E+17,54222.67,63020,72,,87
20,65,9,D,42,23,23,42,23,67663292,3,9,4.2023E+16,-57482.77,72513,76,,46
17,45,4,C,33,7,7,33,7,23638627,89,5,3.3007E+17,-65305.95,53013,76,,25
14,45,9,C,6,111,111,6,111,25126955,31,0,6.111E+16,30963.51,120613,74,,66
17,65,8,T,31,133,133,31,133,91372039,17,2,3.1133E+17,-81744.65,22517,72,,25
11,24,1,V,38,103,103,38,103,28765300,71,8,3.8103E+17,46177.58,121213,73,,66
11,86,1,V,17,149,149,17,149,13677577,99,4,1.7149E+17,-42779.33,90723,77,,87
13,45,6,U,27,81,81,27,81,54661802,49,8,2.7081E+17,43281.99,101122,70,,66
17,86,5,D,22,89,89,22,89,81324325,86,2,2.2089E+17,-60203.29,31223,70,,66
16,65,9,D,38,11,11,38,11,97457554,14,2,3.8011E+17,62009.56,30519,71,,66
11,45,3,S,20,121,121,20,121,87197323,43,4,2.0121E+17,27044.39,122116,76,,66
14,24,1,V,35,7,7,35,7,30921145,18,6,3.5007E+17,74804.37,11015,80,,87
18,24,5,S,51,36,36,51,36,88495167,59,5,5.1036E+17,-80535.45,60420,73,,87
16,45,9,T,48,249,249,48,249,26519630,55,0,4.8249E+17,69386.45,91721,71,,87
19,45,3,D,51,760,760,51,760,88604065,66,5,5.176E+17,-90496.65,112016,76,,26
10,45,4,S,21,143,143,21,143,26313240,28,1,2.1143E+17,63768.38,81622,78,,87
10,86,9,C,28,3,3,28,3,27960211,11,0,2.8003E+17,63315.9,90622,72,,67
18,86,9,S,54,95,95,54,95,77215311,77,0,5.4095E+17,-73196.73,20919,78,,46
13,45,2,C,19,155,155,19,155,17962156,36,3,1.9155E+17,36157.64,22718,77,,26
16,25,6,U,51,95,95,51,95,55166647,47,1,5.1095E+17,87400.3,110918,73,,67
17,86,2,U,27,79,79,27,79,64853214,40,1,2.7079E+17,29680.72,40613,80,,26
13,66,3,T,6,87,87,6,87,95983477,81,3,6.08701E+16,17970.28,122221,77,,67
14,66,4,T,47,75,75,47,75,87487679,90,2,4.7075E+17,55910.37,120917,73,,46
13,45,6,V,1,33,33,1,33,11608690,73,9,1.033E+16,-32685.99,11818,70,,87
14,25,5,D,20,207,207,20,207,23861108,93,0,2.0207E+17,-98948.17,121216,79,,67
17,66,8,T,1,131,131,1,131,21907108,10,8,1.131E+16,92521.02,11317,80,,26
11,25,9,T,13,85,85,13,85,44942607,86,5,1.3085E+17,-57897.2,62222,76,,87
14,86,5,C,46,23,23,46,23,93311748,83,4,4.6023E+17,88249.55,21921,72,,26
15,45,9,T,54,5,5,54,5,57804713,97,5,5.4005E+17,46075.49,21915,79,,26
18,66,2,S,29,61,61,29,61,96133149,62,0,2.9061E+17,63841.16,80120,79,,87
17,86,3,S,41,19,19,41,19,11891448,96,7,4.1019E+17,-9643.55,20118,77,,46
15,45,2,V,31,13,13,31,13,68731870,1,2,3.1013E+16,91357.53,52418,72,,26
16,25,7,T,37,99,99,37,99,82025393,47,3,3.7099E+17,72132.9,70213,78,,67
13,25,5,U,27,117,117,27,117,31723056,36,1,2.7117E+17,-5050.9,41622,78,,87
11,45,2,D,17,73,73,17,73,57466309,95,6,1.7073E+17,-53469.53,51023,76,,26
19,86,2,V,29,13,13,29,13,73146653,95,1,2.9013E+17,-30171.39,70523,72,,26
19,45,4,C,51,690,690,51,690,72571861,52,1,5.169E+17,69812.18,12918,80,,87
19,45,4,U,30,71,71,30,71,40434118,93,7,3.0071E+17,97219.63,52115,80,,47
10,66,8,S,31,171,171,31,171,24259989,60,7,3.1171E+17,-85582.79,62113,76,,67
18,21,1,U,40,99,99,40,99,83289181,39,4,4.0099E+17,-41904.12,103116,75,,26
19,45,3,S,21,115,115,21,115,90895855,68,3,2.1115E+17,-44349,112319,73,,47
17,45,6,D,17,143,143,17,143,44847848,97,2,1.7143E+17,-21575.21,121515,75,,67
18,86,8,C,18,61,61,18,61,78033073,22,2,1.8061E+17,-72105.19,122813,75,,47
11,86,5,V,4,3,3,4,3,93753288,89,3,4.00301E+16,13494.02,92123,70,,67
15,25,5,C,42,99,99,42,99,65182985,65,5,4.2099E+17,-94796.35,100716,74,,88
12,25,9,D,41,11,11,41,11,67174467,87,3,4.1011E+17,88443.06,72515,71,,67
18,25,7,D,21,17,17,21,17,11308127,6,5,2.1017E+16,-92872.31,72720,72,,67
17,87,5,D,48,219,219,48,219,27737199,11,9,4.8219E+17,-25145.95,40714,78,,88
11,66,4,S,18,121,121,18,121,11223470,40,6,1.8121E+17,83079.63,102214,76,,88
20,66,5,T,48,227,227,48,227,40599389,18,3,4.8227E+17,75106.83,110923,76,,88
18,25,7,V,19,183,183,19,183,48973805,40,6,1.9183E+17,31554.04,81822,77,,26
20,87,8,V,45,29,29,45,29,95494488,77,9,4.5029E+17,56919.66,80715,72,,27
15,46,1,C,12,57,57,12,57,71844737,58,2,1.2057E+17,14496.07,81622,77,,47
15,25,8,D,18,23,23,18,23,58266508,93,1,1.8023E+17,-66149.66,112714,79,,88
13,25,6,D,39,89,89,39,89,61096959,64,4,3.9089E+17,-86342.96,92421,80,,27
17,46,4,U,17,89,89,17,89,32287813,7,4,1.7089E+16,49158.14,20117,72,,68
16,25,6,D,8,123,123,8,123,99038444,10,3,8.12301E+16,-82650.68,110623,76,,27
15,87,8,U,13,261,261,13,261,58316703,50,3,1.3261E+17,40363.1,100115,70,,88
11,46,9,V,5,55,55,5,55,51749251,74,1,5.05501E+16,-76292.98,102516,70,,47
18,46,9,C,20,31,31,20,31,50611791,71,1,2.0031E+17,-57184.75,42916,72,,68
17,66,2,D,51,73,73,51,73,36962698,69,1,5.1073E+17,52579.02,62716,71,,88
20,87,9,U,16,61,61,16,61,30594175,34,8,1.6061E+17,-51337.15,20119,73,,68
16,87,6,T,37,115,115,37,115,10345468,49,4,3.7115E+17,-84465.07,80921,76,,27
19,66,1,C,53,69,69,53,69,65461027,16,9,5.3069E+17,-56492.68,71417,80,,68
18,66,4,T,37,139,139,37,139,17208961,64,2,3.7139E+17,36715.93,50317,77,,88
19,66,1,S,27,159,159,27,159,13614763,41,8,2.7159E+17,-7046.03,62823,75,,88
14,66,6,U,2,170,170,2,170,13362377,82,0,2.17E+16,-73301.86,50923,71,,68
14,87,9,T,36,5,5,36,5,35788486,10,1,3.6005E+17,4378.93,32022,71,,47
19,87,3,C,40,15,15,40,15,32801763,43,5,4.0015E+17,98680.73,81517,73,,48
10,25,2,D,12,23,23,12,23,34470488,90,1,1.2023E+17,71273.37,11218,72,,27
20,87,6,U,27,43,43,27,43,80371203,12,4,2.7043E+17,-79705.84,111113,70,,68
12,46,8,D,26,159,159,26,159,60876663,18,5,2.6159E+17,16002.07,90617,79,,27
12,26,3,T,17,109,109,17,109,59088998,30,2,1.7109E+17,47082.98,92215,79,,27
16,46,6,V,51,77,77,51,77,23614218,59,9,5.1077E+17,-24146.37,102914,72,,68
13,26,8,C,19,107,107,19,107,21529804,91,5,1.9107E+17,-52565.73,81118,76,,48
10,26,9,C,48,23,23,48,23,89170102,63,7,4.8023E+17,-83859.09,123015,70,,27
11,26,7,D,47,53,53,47,53,65413263,98,3,4.7053E+17,-74120.64,61415,77,,48
15,87,8,S,30,67,67,30,67,94304688,91,6,3.0067E+17,-74745.19,20522,70,,48
16,46,5,U,12,131,131,12,131,59174006,90,4,1.2131E+17,26416.3,62818,74,,68
13,26,1,U,23,29,29,23,29,50811708,98,6,2.3029E+17,-73911.34,11815,75,,27
14,46,2,D,54,29,29,54,29,99416394,84,4,5.4029E+17,43207.34,12616,71,,89
15,26,5,C,46,69,69,46,69,43588094,73,5,4.6069E+17,57355.15,22414,75,,89
15,46,2,V,30,85,85,30,85,31853873,25,1,3.0085E+17,-67702.5,92018,73,,68
11,67,3,C,19,143,143,19,143,13301842,16,6,1.9143E+17,90244.59,111117,77,,27
13,67,7,D,46,45,45,46,45,74004205,44,2,4.6045E+17,-72171.59,51422,72,,27
12,87,7,C,51,790,790,51,790,59352586,22,9,5.179E+17,-24539.28,90614,71,,89
11,87,4,U,5,127,127,5,127,12969438,88,3,5.127E+16,-52148.11,43018,79,,89
19,26,1,U,29,175,175,29,175,23720439,90,1,2.9175E+17,-19378.7,22522,72,,68
11,67,6,V,8,69,69,8,69,81470692,92,1,8.06901E+16,83641.9,82217,75,,89
12,26,2,V,22,51,51,22,51,84546162,28,0,2.2051E+17,-22647.11,61023,71,,89
12,46,5,U,6,115,115,6,115,40194313,18,3,6.115E+16,1072.78,42716,73,,68
16,67,1,T,20,107,107,20,107,53735604,9,0,2.0107E+16,-41656.08,22414,71,,27
18,87,5,V,19,125,125,19,125,55611856,52,4,1.9125E+17,-72387.27,121813,74,,89
17,26,8,S,31,29,29,31,29,14283517,23,6,3.1029E+17,-25226.33,102813,78,,89
20,46,9,T,20,171,171,20,171,80988688,25,5,2.0171E+17,-69336.31,41923,76,,48
19,26,8,S,46,87,87,46,87,59097843,68,2,4.6087E+17,87942.44,11419,75,,69
15,67,8,D,21,151,151,21,151,26367847,38,2,2.1151E+17,-91895.22,92822,71,,69
19,26,8,C,17,141,141,17,141,78613427,86,4,1.7141E+17,57183.91,22623,71,,48
14,46,9,U,30,21,21,30,21,21707583,88,1,3.0021E+17,-39561.93,11421,76,,28
20,87,4,C,6,51,51,6,51,86734077,28,9,6.05101E+16,-87366.27,62320,73,,28
13,26,2,C,49,49,49,49,49,35589542,23,5,4.9049E+17,47063.73,61618,73,,48
14,67,5,V,35,47,47,35,47,66915758,69,9,3.5047E+17,-96241.29,83122,75,,89
15,26,6,S,46,3,3,46,3,37302160,1,3,4.6003E+16,54294.17,121220,76,,89
11,47,4,D,20,151,151,20,151,30817761,37,1,2.0151E+17,20795.21,100423,80,,48
18,47,6,V,16,73,73,16,73,39097289,94,6,1.6073E+17,-67087.51,40414,78,,89
18,67,5,S,22,125,125,22,125,66266872,80,0,2.2125E+17,-38946.41,21723,75,,28
10,26,9,C,42,83,83,42,83,93443698,23,2,4.2083E+17,5990.96,52923,73,,69
13,67,2,T,30,81,81,30,81,52937434,94,6,3.0081E+17,89633.31,80218,78,,48
17,47,4,V,37,129,129,37,129,42911307,25,6,3.7129E+17,-39236.95,41520,79,,49
17,47,4,S,17,9,9,17,9,20806460,2,2,1.7009E+16,-46470.96,32314,72,,69
11,67,1,V,25,23,23,25,23,22091799,33,2,2.5023E+17,9122.14,112023,70,,28
17,67,5,V,51,91,91,51,91,75199554,27,0,5.1091E+17,-12951.02,120415,73,,90
19,88,5,C,48,337,337,48,337,90851134,24,3,4.8337E+17,39812.72,31413,79,,49
11,47,6,S,51,678,678,51,678,28942758,93,8,5.1678E+17,-712.53,71418,73,,49
17,47,5,V,48,73,73,48,73,42212558,20,2,4.8073E+17,-84949.67,111918,78,,28
15,47,4,V,55,57,57,55,57,59050756,93,4,5.5057E+17,29046.46,110820,71,,69
11,47,6,V,24,35,35,24,35,12193512,69,2,2.4035E+17,-54861.69,62213,80,,28
14,88,1,S,41,3,3,41,3,71453470,58,5,4.1003E+17,15857.22,90817,80,,28
12,27,5,C,5,23,23,5,23,41942481,64,2,5.023E+16,39044.38,41620,77,,69
14,47,3,S,13,121,121,13,121,27083763,87,7,1.3121E+17,41576.31,82216,79,,90
19,88,6,V,29,223,223,29,223,56385531,37,0,2.9223E+17,-59193.95,62023,71,,69
17,27,1,S,47,109,109,47,109,31380802,98,6,4.7109E+17,86616.88,72815,77,,28
13,68,7,S,13,181,181,13,181,79634752,33,0,1.3181E+17,-30915.94,22916,72,,28
20,68,1,V,26,63,63,26,63,79888801,96,7,2.6063E+17,91678.46,90314,74,,69
15,27,3,U,48,51,51,48,51,58614624,97,5,4.8051E+17,-18083.2,80715,77,,90
15,68,4,T,51,119,119,51,119,50729280,98,8,5.1119E+17,33996.85,121116,80,,69
10,27,6,U,29,149,149,29,149,13097392,35,6,2.9149E+17,88553.67,50918,78,,49
12,88,6,V,29,57,57,29,57,11061475,52,2,2.9057E+17,6183.39,61423,74,,90
12,47,3,U,8,97,97,8,97,11007173,79,7,8.097E+16,-3626.66,100714,80,,69
19,68,2,S,35,33,33,35,33,91701500,12,4,3.5033E+17,75584.45,40316,80,,49
13,47,5,D,13,193,193,13,193,22577901,11,0,1.3193E+17,89487.57,112321,75,,28
10,27,8,U,48,409,409,48,409,83620788,60,2,4.8409E+17,-81844.99,91122,70,,90
13,27,2,S,21,149,149,21,149,37007170,12,9,2.1149E+17,47894.5,40113,79,,69
10,88,7,V,49,17,17,49,17,33606246,34,7,4.9017E+17,-32047.06,81322,74,,49
18,68,7,U,17,15,15,17,15,55073956,5,4,1.7015E+16,21482.93,60118,71,,29
11,88,7,V,55,137,137,55,137,75365478,86,5,5.5137E+17,88297.73,92519,75,,49
16,27,7,S,22,43,43,22,43,81472487,42,7,2.2043E+17,-8109.11,73122,71,,90
18,27,1,U,29,129,129,29,129,32154906,61,3,2.9129E+17,31559.88,62314,78,,49
20,88,4,C,37,63,63,37,63,25786812,50,1,3.7063E+17,71183.06,82122,72,,29
17,27,1,T,13,169,169,13,169,30709598,83,6,1.3169E+17,69304.32,10318,71,,70
12,27,7,T,39,121,121,39,121,58567057,98,3,3.9121E+17,81587.58,50620,76,,70
17,68,9,S,36,81,81,36,81,84954240,11,0,3.6081E+17,-40294.48,91617,73,,29
17,48,9,U,21,73,73,21,73,68489368,86,1,2.1073E+17,77813.15,112814,70,,29
19,27,7,U,47,3,3,47,3,20599868,16,9,4.7003E+17,-67821.9,112515,76,,70
11,68,2,D,19,27,27,19,27,28847945,28,8,1.9027E+17,67183.11,72321,73,,29
20,89,8,T,51,520,520,51,520,95068326,13,2,5.152E+17,22072.53,91915,71,,49
14,27,9,T,48,79,79,48,79,65036317,86,1,4.8079E+17,-46788.83,21122,71,,49
14,68,4,D,5,1,1,5,1,26635174,93,3,5.001E+16,60266.2,12713,75,,70
12,68,6,U,55,27,27,55,27,32059663,57,0,5.5027E+17,-82778.54,73020,71,,90
15,68,8,C,5,71,71,5,71,16355120,35,7,5.071E+16,56917.01,12617,70,,90
18,27,3,D,8,85,85,8,85,36270471,94,4,8.085E+16,-36972.81,11521,79,,29
16,48,7,C,22,55,55,22,55,57979156,81,1,2.2055E+17,-86167.19,60415,70,,90
12,27,8,D,37,3,3,37,3,82050780,67,8,3.7003E+17,48697.89,22320,74,,90
20,48,9,T,53,61,61,53,61,83673338,51,3,5.3061E+17,-83830.03,42714,73,,90
19,27,9,D,21,27,27,21,27,28063191,3,8,2.1027E+16,85944.03,60815,75,,90
13,89,1,S,23,9,9,23,9,44123435,95,1,2.3009E+17,27825.1,82820,78,,49
13,48,4,S,39,83,83,39,83,32193525,97,6,3.9083E+17,85702.75,122819,75,,90
14,27,9,C,42,39,39,42,39,31584164,18,8,4.2039E+17,-24008.98,61819,71,,70
18,27,4,U,20,87,87,20,87,71713845,35,2,2.0087E+17,-74947.38,41713,79,,50
16,27,3,S,42,31,31,42,31,60682466,18,7,4.2031E+17,-84877.21,111420,73,,29
11,68,4,C,13,273,273,13,273,86861668,36,4,1.3273E+17,66682.07,101714,71,,91
20,27,8,T,28,25,25,28,25,65788759,40,7,2.8025E+17,-17910.06,50215,75,,50
15,48,4,U,48,209,209,48,209,65495693,98,0,4.8209E+17,43477.8,123013,74,,70
13,27,5,T,25,21,21,25,21,99721998,31,1,2.5021E+17,-77444.45,51022,73,,50
10,27,5,T,21,55,55,21,55,60025855,95,8,2.1055E+17,12872.3,71418,71,,50
20,48,2,U,36,11,11,36,11,13607986,15,8,3.6011E+17,-24709.63,80116,72,,50
10,68,1,C,28,83,83,28,83,76926820,90,6,2.8083E+17,33082.8,121514,75,,29
15,68,7,D,37,143,143,37,143,70004323,45,3,3.7143E+17,84871.04,12214,72,,29
13,48,6,S,36,31,31,36,31,54424280,66,2,3.6031E+17,36740.49,33016,73,,91
12,48,8,V,21,75,75,21,75,30994332,43,9,2.1075E+17,81815,31022,75,,29
14,68,9,D,55,53,53,55,53,22679615,5,6,5.5053E+16,-76158.35,50823,78,,50
11,48,5,T,56,41,41,56,41,18927212,59,3,5.6041E+17,75662.89,80313,77,,91
11,89,2,S,17,3,3,17,3,89890752,43,8,1.7003E+17,-16707.31,82414,76,,91
16,48,1,S,37,147,147,37,147,38194059,49,1,3.7147E+17,-4722.97,110920,72,,29
11,89,5,U,13,43,43,13,43,29818671,18,8,1.3043E+17,-683.57,110315,70,,50
11,69,3,V,40,67,67,40,67,37429086,57,6,4.0067E+17,-2200.29,32816,72,,91
16,48,9,D,21,63,63,21,63,24700969,71,6,2.1063E+17,58907.67,123123,74,,91
17,28,4,C,19,65,65,19,65,23312616,49,7,1.9065E+17,-24366.38,60815,76,,71
16,28,9,D,1,125,125,1,125,17469141,51,6,1.125E+16,-60900.92,81218,80,,30
16,28,4,S,24,27,27,24,27,51369392,38,9,2.4027E+17,-90209.31,60614,76,,30
13,28,6,U,27,11,11,27,11,42978268,47,8,2.7011E+17,-77885.64,41715,70,,50
17,28,6,U,53,31,31,53,31,82209746,32,5,5.3031E+17,-46254.7,50119,75,,71
12,89,9,V,36,109,109,36,109,27682650,4,9,3.6109E+16,-40854.6,81814,76,,91
20,48,2,C,18,139,139,18,139,37052078,44,6,1.8139E+17,-51196.96,10513,74,,50
12,89,6,S,4,15,15,4,15,87654156,24,9,4.01501E+16,3750.21,102118,74,,50
19,28,1,U,17,27,27,17,27,39282232,51,2,1.7027E+17,-71597.62,80216,71,,50
13,69,4,S,38,69,69,38,69,10884943,23,0,3.8069E+17,93473.46,62522,78,,50
15,89,7,D,19,109,109,19,109,21408738,69,1,1.9109E+17,-72868.16,20721,79,,71
13,48,9,T,53,49,49,53,49,73644019,33,4,5.3049E+17,46389.83,10420,70,,71
18,69,1,V,18,37,37,18,37,62494024,92,7,1.8037E+17,-94292.05,91419,70,,91
15,89,7,S,37,43,43,37,43,52228028,25,0,3.7043E+17,-25430.84,110919,71,,91
14,28,8,D,48,129,129,48,129,32721506,96,5,4.8129E+17,-95764.39,73119,72,,91
17,48,4,C,54,65,65,54,65,75051080,20,8,5.4065E+17,37358.05,30922,71,,30
16,89,3,U,51,59,59,51,59,98433932,75,4,5.1059E+17,85079.12,51821,72,,30
18,69,2,V,21,161,161,21,161,44999401,7,7,2.1161E+16,-77160.25,61719,75,,30
18,28,2,T,48,157,157,48,157,37775487,77,9,4.8157E+17,-63537.56,31213,78,,91
20,28,6,V,17,17,17,17,17,72817458,60,2,1.7017E+17,-17224,80720,76,,30
11,69,5,T,37,155,155,37,155,67213653,15,6,3.7155E+17,-44383.44,72123,76,,30
14,28,1,D,47,67,67,47,67,56331842,93,4,4.7067E+17,-67832.45,82523,73,,91
14,28,7,V,6,113,113,6,113,47281287,65,9,6.113E+16,62770.73,61815,75,,50
14,28,6,V,21,47,47,21,47,68027254,98,6,2.1047E+17,90148.62,40516,80,,91
15,28,5,T,42,53,53,42,53,44089839,30,8,4.2053E+17,30531.05,100219,77,,91
12,28,4,S,42,77,77,42,77,58912476,88,5,4.2077E+17,-35871.22,81415,78,,30
16,69,9,S,31,83,83,31,83,30093840,49,1,3.1083E+17,-94437.9,71117,74,,71
18,49,9,D,46,127,127,46,127,84398420,95,1,4.6127E+17,-43946.31,41517,80,,91
10,28,4,V,19,89,89,19,89,68363689,27,8,1.9089E+17,-23757.07,92717,71,,50
19,69,1,S,21,31,31,21,31,73685580,63,5,2.1031E+17,15318.59,62617,75,,71
16,49,1,S,29,37,37,29,37,67710659,30,3,2.9037E+17,53523.54,21616,75,,30
17,49,8,U,32,13,13,32,13,87481737,25,0,3.2013E+17,64580.76,92822,75,,10
14,69,6,V,36,83,83,36,83,36326256,97,8,3.6083E+17,28810.99,121417,71,,10
18,49,7,V,20,175,175,20,175,28011490,16,6,2.0175E+17,-43947.49,20322,79,,91
15,49,7,S,42,35,35,42,35,14755012,18,5,4.2035E+17,-69505.67,102720,78,,30
17,49,2,D,54,85,85,54,85,90277293,69,9,5.4085E+17,45520.35,11222,73,,92
11,28,6,V,37,29,29,37,29,93169516,80,2,3.7029E+17,1908.56,112717,76,,30
13,28,8,D,51,530,530,51,530,71482491,11,1,5.153E+17,-96736.94,11322,80,,30
20,69,2,S,48,351,351,48,351,30651942,25,8,4.8351E+17,18858.49,70721,76,,71
12,69,4,T,38,9,9,38,9,54505715,84,5,3.8009E+17,9741.63,30721,70,,92
19,49,2,U,42,127,127,42,127,98954031,33,1,4.2127E+17,78165.2,31423,71,,30
14,69,2,S,2,13,13,2,13,19637079,59,6,2.013E+16,-81408.46,11420,71,,10
13,49,6,C,29,97,97,29,97,10417563,44,8,2.9097E+17,41271.94,61518,70,,92
16,49,3,C,41,61,61,41,61,38415688,85,3,4.1061E+17,82174.19,42517,72,,51
15,49,8,U,39,29,29,39,29,55633920,46,5,3.9029E+17,-59429.4,62815,79,,92
14,29,8,V,5,31,31,5,31,16334262,13,3,5.031E+16,-76365.75,50914,73,,71
15,29,7,U,48,459,459,48,459,69864716,96,9,4.8459E+17,24809.73,12122,76,,30
15,29,3,U,54,49,49,54,49,31713012,61,7,5.4049E+17,65278.16,22123,80,,71
10,49,7,D,30,53,53,30,53,20049298,44,9,3.0053E+17,-80711.7,30223,74,,92
15,49,5,D,30,37,37,30,37,27258203,74,0,3.0037E+17,23324.45,82814,75,,10
15,49,6,D,13,173,173,13,173,97136669,14,0,1.3173E+17,-85258.92,92513,74,,51
10,29,1,V,46,49,49,46,49,62588952,80,8,4.6049E+17,78112.97,110521,72,,10
15,49,3,V,19,191,191,19,191,60655203,7,5,1.9191E+16,-68929.51,92220,77,,71
15,49,7,T,39,139,139,39,139,66319557,25,3,3.9139E+17,-56132.58,40921,77,,10
18,49,7,U,31,25,25,31,25,63639206,2,8,3.1025E+16,-37050.69,22823,79,,71
12,49,7,D,18,131,131,18,131,65182205,66,8,1.8131E+17,-55495.66,42418,80,,51
20,29,1,D,31,57,57,31,57,73503845,28,5,3.1057E+17,-9020.13,70213,79,,92
16,29,1,U,40,73,73,40,73,92420308,33,5,4.0073E+17,-97982.51,52521,77,,10
15,29,4,D,20,1,1,20,1,45502776,46,1,2.0001E+17,87901.69,21214,70,,72
20,91,6,S,8,35,35,8,35,49309745,97,4,8.035E+16,-67783.95,32922,71,,72
15,29,9,U,24,3,3,24,3,40930994,50,5,2.4003E+17,-75782.04,52520,73,,51
19,91,9,V,42,13,13,42,13,37400581,94,1,4.2013E+17,10582.04,81514,77,,31
18,29,5,U,45,89,89,45,89,21889238,51,1,4.5089E+17,-34895.54,82823,72,,72
15,29,2,D,39,137,137,39,137,21543199,88,9,3.9137E+17,665.62,71818,70,,92
12,91,9,V,29,181,181,29,181,39582715,73,4,2.9181E+17,75161.33,62723,77,,72
16,91,6,V,36,63,63,36,63,66796722,25,0,3.6063E+17,-88176.54,40817,78,,31
20,91,2,S,48,13,13,48,13,82311638,43,7,4.8013E+17,-66845.47,120113,79,,92
16,91,5,D,12,107,107,12,107,55331585,41,5,1.2107E+17,-65275.48,120916,70,,72
20,91,5,T,28,125,125,28,125,70664923,36,6,2.8125E+17,55899.82,30723,70,,31
13,91,6,D,20,153,153,20,153,11064457,35,4,2.0153E+17,-60543.98,52915,77,,31
11,91,8,U,26,27,27,26,27,28720704,61,3,2.6027E+17,59421.81,51421,79,,31
19,91,1,C,51,19,19,51,19,61424589,68,6,5.1019E+17,-27884.21,111717,72,,92
10,91,8,D,46,53,53,46,53,14622498,33,9,4.6053E+17,90493.64,11617,74,,10
18,71,3,S,13,29,29,13,29,56907123,95,0,1.3029E+17,65693.22,21723,72,,92
14,71,2,V,55,105,105,55,105,15421321,42,0,5.5105E+17,-20677.64,51514,77,,51
11,91,5,V,26,85,85,26,85,63047472,11,3,2.6085E+17,-55432.33,122316,75,,10
10,71,1,S,29,5,5,29,5,75014463,73,1,2.9005E+17,26117.88,111821,72,,10
12,71,1,T,37,125,125,37,125,84635341,29,9,3.7125E+17,-92323.3,112313,78,,92
15,71,1,D,38,29,29,38,29,72143995,39,5,3.8029E+17,42954.75,10313,78,,72
16,51,7,V,42,91,91,42,91,53473563,29,7,4.2091E+17,4519.23,91322,77,,10
16,71,2,S,36,43,43,36,43,73471815,18,0,3.6043E+17,-40272.08,30720,72,,31
12,71,7,S,21,121,121,21,121,68746130,76,5,2.1121E+17,-14121.81,91419,79,,31
15,92,1,U,18,145,145,18,145,58832389,82,4,1.8145E+17,8644.3,102020,73,,92
15,71,5,U,17,69,69,17,69,87295025,9,9,1.7069E+16,33972.27,121517,77,,92
10,71,3,U,19,33,33,19,33,36447770,63,6,1.9033E+17,26880.2,80817,76,,72
20,71,2,V,47,165,165,47,165,73850509,75,3,4.7165E+17,12593.95,112313,74,,31
18,51,5,S,17,35,35,17,35,78257755,98,7,1.7035E+17,63634.19,91113,79,,72
12,51,3,D,34,33,33,34,33,68235569,54,3,3.4033E+17,17430.56,102015,75,,92
20,51,4,S,2,185,185,2,185,51079418,80,6,2.18501E+16,59994.01,70923,78,,51
17,51,2,C,12,73,73,12,73,31024448,99,8,1.2073E+17,-49361.3,30213,72,,51
19,92,2,U,6,95,95,6,95,26599534,38,3,6.095E+16,-86881.46,32223,75,,92
17,72,3,S,29,121,121,29,121,49912079,69,4,2.9121E+17,-44162.47,81423,71,,11
14,31,3,C,16,45,45,16,45,65858776,27,5,1.6045E+17,-38000.35,70716,70,,31
16,51,1,U,45,19,19,45,19,46763223,34,3,4.5019E+17,60240.88,101917,70,,31
19,72,7,T,16,79,79,16,79,66988175,26,2,1.6079E+17,20856.14,103022,73,,11
16,51,3,S,13,263,263,13,263,83309798,2,5,1.3263E+16,-86089.47,52519,79,,31
12,92,9,T,16,37,37,16,37,48810098,51,3,1.6037E+17,10637.92,110323,71,,72
20,51,2,S,24,15,15,24,15,30305345,81,1,2.4015E+17,59455.68,30518,76,,31
16,92,7,V,46,51,51,46,51,51660648,60,1,4.6051E+17,56620.56,12115,78,,92
20,51,7,T,56,17,17,56,17,50378598,42,6,5.6017E+17,79706.6,30815,71,,31
10,51,2,S,29,201,201,29,201,98100962,8,6,2.9201E+16,84330.54,91321,77,,11
15,92,6,V,13,301,301,13,301,92569015,64,1,1.3301E+17,-39917.8,81121,80,,72
19,72,3,C,6,9,9,6,9,96222697,80,6,6.00901E+16,96116.32,111720,80,,52
16,92,4,V,55,41,41,55,41,35009532,63,9,5.5041E+17,-78243.06,42217,78,,31
14,72,7,D,5,25,25,5,25,74926175,97,7,5.02501E+16,-24203.52,80518,73,,31
19,51,7,D,12,71,71,12,71,75908695,17,1,1.2071E+17,-1180.06,61118,75,,52
12,92,5,U,40,37,37,40,37,29463713,60,8,4.0037E+17,-24263.39,112615,70,,93
17,92,1,T,29,187,187,29,187,31213309,58,6,2.9187E+17,-38228.29,72116,77,,72
13,92,8,D,13,177,177,13,177,54805188,18,6,1.3177E+17,-92834.1,82313,72,,72
13,51,3,D,21,225,225,21,225,60295274,10,7,2.1225E+17,87899.61,20318,80,,11
18,72,9,S,48,403,403,48,403,31474360,76,1,4.8403E+17,-96718.94,30614,78,,31
15,92,4,V,36,93,93,36,93,74460913,2,3,3.6093E+16,-80525.33,90720,71,,31
17,31,9,T,1,93,93,1,93,10645705,25,0,1.093E+16,-26530.74,12223,72,,72
18,31,2,U,28,95,95,28,95,44622266,65,0,2.8095E+17,62235.7,42615,75,,72
16,31,6,U,36,41,41,36,41,46477681,56,4,3.6041E+17,-72736.85,30516,73,,11
17,52,9,D,37,25,25,37,25,64257665,91,0,3.7025E+17,79482.92,11619,75,,93
10,52,6,S,46,81,81,46,81,44752413,94,5,4.6081E+17,-99418.98,10716,77,,52
15,72,6,S,28,37,37,28,37,30626040,75,1,2.8037E+17,-28960.69,70119,80,,31
17,11,6,U,5,67,67,5,67,92028793,31,7,5.06701E+16,-43291.74,122120,80,,31
19,52,7,V,19,39,39,19,39,57464759,24,9,1.9039E+17,-60735.51,30916,71,,11
10,93,8,S,40,113,113,40,113,48553144,93,6,4.0113E+17,-21238.15,100115,75,,93
10,11,8,T,31,85,85,31,85,76667060,63,8,3.1085E+17,6949.82,62913,76,,93
14,52,4,S,48,205,205,48,205,93782921,19,3,4.8205E+17,44499.64,111818,70,,93
10,93,6,T,26,95,95,26,95,48469210,57,5,2.6095E+17,30982.16,121315,79,,11
20,31,9,S,53,37,37,53,37,50117459,86,4,5.3037E+17,-66332.32,10813,80,,52
16,93,8,C,29,213,213,29,213,81821767,4,5,2.9213E+16,80735.7,110318,73,,72
20,72,2,T,1,5,5,1,5,32566853,31,5,1.005E+16,-95144.44,62619,70,,31
17,52,5,D,17,63,63,17,63,65060128,37,8,1.7063E+17,-68527.73,81215,73,,93
15,11,6,T,54,55,55,54,55,45020517,13,9,5.4055E+17,-56762.03,102822,73,,31
10,72,5,D,13,157,157,13,157,86292446,85,1,1.3157E+17,29178.12,92123,71,,11
17,11,2,T,39,47,47,39,47,35203330,91,0,3.9047E+17,48931.72,60119,74,,93
10,11,5,S,2,290,290,2,290,24325814,16,9,2.29E+16,27873.18,112917,74,,31
16,31,4,C,55,23,23,55,23,84897879,22,1,5.5023E+17,7639.73,71122,75,,11
10,72,6,U,46,113,113,46,113,56964417,53,0,4.6113E+17,-56080.25,12723,76,,72
12,31,6,V,31,71,71,31,71,31120095,40,9,3.1071E+17,42688.95,10919,75,,72
16,72,4,U,18,169,169,18,169,42740080,30,3,1.8169E+17,-86559.73,41018,73,,32
11,11,5,V,48,45,45,48,45,43553271,89,1,4.8045E+17,46006.63,73115,72,,73
15,11,2,S,27,51,51,27,51,99795539,28,5,2.7051E+17,2634.27,121815,76,,52
10,93,1,D,20,67,67,20,67,51986611,91,2,2.0067E+17,89067.51,40619,72,,73
14,93,5,S,13,123,123,13,123,39228425,54,6,1.3123E+17,-46327.63,80617,80,,73
11,32,5,S,26,29,29,26,29,71814357,80,0,2.6029E+17,-96774.34,50214,73,,73
12,11,3,V,26,77,77,26,77,63321516,56,9,2.6077E+17,62494.52,90320,70,,73
19,93,6,C,31,105,105,31,105,98825907,52,7,3.1105E+17,-57135.53,53115,71,,93
15,73,4,C,51,107,107,51,107,98916415,97,8,5.1107E+17,43091.76,51722,73,,32
17,93,1,U,55,83,83,55,83,42539912,56,2,5.5083E+17,-37865.74,90618,70,,93
18,93,6,D,21,169,169,21,169,29288811,56,9,2.1169E+17,-95427.47,111117,74,,93
12,32,4,S,47,9,9,47,9,80336766,18,1,4.7009E+17,43349.35,72322,79,,52
14,32,1,S,9,7,7,9,7,68300833,59,1,9.00701E+16,20494.91,11815,73,,32
14,11,4,S,6,23,23,6,23,50844326,41,5,6.02301E+16,22765.77,22019,78,,32
11,32,7,U,19,59,59,19,59,77668069,83,5,1.9059E+17,83397.76,121915,78,,93
19,73,9,C,29,55,55,29,55,33898961,49,2,2.9055E+17,4112.02,71518,77,,11
13,11,4,U,34,29,29,34,29,41182190,36,6,3.4029E+17,-13358.38,21013,73,,93
17,52,5,V,32,5,5,32,5,45644591,18,3,3.2005E+17,-59670.96,121521,77,,11
20,11,8,U,28,123,123,28,123,45950464,29,4,2.8123E+17,-23365.9,31922,71,,11
14,32,1,S,20,91,91,20,91,30061586,55,8,2.0091E+17,17867.9,22721,79,,93
10,93,6,D,19,17,17,19,17,54197069,14,8,1.9017E+17,37119.48,92419,75,,52
16,32,6,D,23,31,31,23,31,95992574,44,4,2.3031E+17,44635.24,30316,72,,52
10,32,2,S,48,37,37,48,37,47037978,97,0,4.8037E+17,36455.97,80317,75,,73
10,73,6,U,35,13,13,35,13,80036945,50,7,3.5013E+17,-39874.57,10814,70,,73
13,93,6,D,5,89,89,5,89,58235412,34,6,5.08901E+16,21804.28,122823,74,,32
14,73,8,V,20,179,179,20,179,78770066,7,7,2.0179E+16,13300.24,10220,75,,11
15,93,8,C,48,191,191,48,191,95029378,74,8,4.8191E+17,-31154.58,90821,72,,32
18,32,9,C,29,159,159,29,159,72428346,8,8,2.9159E+16,-22726.57,51022,71,,52
20,32,9,V,28,161,161,28,161,23061772,55,4,2.8161E+17,6745.47,21323,72,,32
12,73,5,U,27,131,131,27,131,86511977,23,4,2.7131E+17,79260.63,71421,76,,52
13,73,6,D,13,267,267,13,267,72757549,80,8,1.3267E+17,48020.52,92721,76,,11
14,12,6,T,36,21,21,36,21,94011292,95,7,3.6021E+17,-88988.41,110815,78,,11
10,73,7,D,5,79,79,5,79,24021202,49,6,5.079E+16,-16303.66,42315,77,,11
14,32,4,U,30,11,11,30,11,21913278,12,5,3.0011E+17,19548.08,30316,70,,73
15,12,4,C,48,245,245,48,245,51422774,2,8,4.8245E+16,-46806.03,62615,76,,11
16,32,7,S,46,47,47,46,47,21259163,95,3,4.6047E+17,85183.47,11420,71,,73
19,12,5,T,48,83,83,48,83,43846241,4,4,4.8083E+16,47044.96,12719,74,,73
17,94,9,C,44,7,7,44,7,94390505,61,7,4.4007E+17,-42341.86,123118,70,,93
10,32,1,S,55,67,67,55,67,41045132,49,4,5.5067E+17,-73696.54,32316,72,,52
10,73,6,U,35,37,37,35,37,98105595,48,6,3.5037E+17,-37570.82,103013,78,,52
18,94,9,C,15,9,9,15,9,93451198,35,0,1.5009E+17,82148.76,110816,71,,12
12,73,6,U,45,81,81,45,81,74786584,76,0,4.5081E+17,-3009.2,90420,76,,73
17,32,8,D,44,1,1,44,1,56812796,54,7,4.4001E+17,31824.03,72516,80,,53
13,94,4,U,21,65,65,21,65,63634224,3,2,2.1065E+16,39590.67,82416,70,,12
17,73,9,C,12,101,101,12,101,15547593,78,4,1.2101E+17,50905.28,111916,80,,12
15,94,7,S,5,53,53,5,53,79024110,98,8,5.05301E+16,-89378.75,11617,74,,12
12,73,2,D,22,87,87,22,87,98629752,78,0,2.2087E+17,62420.25,22716,76,,53
15,12,9,S,38,49,49,38,49,55765673,67,7,3.8049E+17,-45168.96,41116,72,,94
18,32,4,T,2,70,70,2,70,26195275,72,6,2.07E+16,-55370.74,52813,74,,32
18,94,6,D,26,41,41,26,41,24760818,57,0,2.6041E+17,66704.6,21917,73,,94
11,12,2,T,22,37,37,22,37,97351730,17,7,2.2037E+17,-73859.63,41015,71,,32
13,32,7,S,55,101,101,55,101,56994406,81,8,5.5101E+17,99010.89,72815,78,,12
13,12,8,C,1,95,95,1,95,53434588,62,3,1.09501E+16,31088.6,51818,77,,53
17,32,5,T,5,49,49,5,49,26149237,1,2,5.049E+15,38157.73,12422,75,,32
13,32,5,T,47,127,127,47,127,92408928,36,1,4.7127E+17,-26266.59,90320,74,,53
11,12,9,S,46,119,119,46,119,63638279,99,5,4.6119E+17,1571.51,20421,80,,12
19,73,8,D,47,83,83,47,83,80794468,82,4,4.7083E+17,40331.52,100819,79,,94
17,73,5,S,29,85,85,29,85,29636726,4,1,2.9085E+16,14020.32,90315,71,,94
20,94,6,C,47,65,65,47,65,36489566,40,1,4.7065E+17,-21750.18,81113,75,,73
10,53,3,S,1,31,31,1,31,11071233,63,9,1.031E+16,-90482.27,70319,80,,94
15,53,3,V,48,371,371,48,371,32637391,97,5,4.8371E+17,72305.35,22120,70,,32
19,32,6,C,33,19,19,33,19,44103211,77,2,3.3019E+17,12257.16,81919,76,,12
15,53,6,U,40,149,149,40,149,28898613,76,6,4.0149E+17,90682.13,52217,71,,33
16,12,3,U,45,51,51,45,51,47259687,10,8,4.5051E+17,-60742.17,110417,80,,12
20,12,6,T,48,197,197,48,197,27135045,32,8,4.8197E+17,10985.43,22819,70,,33
17,12,8,C,51,155,155,51,155,75468018,25,9,5.1155E+17,-57889.46,52420,77,,74
10,33,4,U,40,125,125,40,125,33845262,61,0,4.0125E+17,-73357.71,91113,71,,94
20,12,6,V,16,33,33,16,33,53891132,81,7,1.6033E+17,-37807.7,42822,72,,12
18,74,5,T,29,25,25,29,25,92159547,71,6,2.9025E+17,14623.24,112816,77,,53
12,53,4,D,8,111,111,8,111,29155874,52,7,8.111E+16,61638.98,80714,77,,74
15,94,4,T,45,53,53,45,53,79354329,97,8,4.5053E+17,81252.68,33116,80,,33
18,12,6,V,37,45,45,37,45,49725296,94,7,3.7045E+17,-9301.61,61023,70,,33
13,53,3,C,38,97,97,38,97,52212869,5,1,3.8097E+16,-22149.34,102614,74,,94
20,33,6,D,12,115,115,12,115,21133679,49,9,1.2115E+17,35177.55,111416,78,,33
14,74,5,T,18,53,53,18,53,57517614,94,3,1.8053E+17,7969.5,111218,79,,74
15,33,6,T,24,29,29,24,29,33238755,33,7,2.4029E+17,4095.39,41022,80,,74
18,94,1,C,40,111,111,40,111,39610056,94,9,4.0111E+17,-91374.23,121913,75,,33
19,53,7,T,28,119,119,28,119,34586750,77,4,2.8119E+17,-13638.17,91322,80,,33
13,74,7,D,55,91,91,55,91,61514230,51,4,5.5091E+17,-2643.45,102023,73,,33
15,33,1,D,29,69,69,29,69,59140953,63,9,2.9069E+17,-35336.84,71517,71,,12
11,94,6,S,31,147,147,31,147,49471204,77,1,3.1147E+17,-96318.87,10422,75,,74
14,53,9,S,17,185,185,17,185,96555690,9,3,1.7185E+16,-37286.25,112213,74,,53
14,12,8,T,8,11,11,8,11,72002597,51,1,8.01101E+16,-94168.49,51314,76,,74
20,53,7,T,48,275,275,48,275,28058075,56,8,4.8275E+17,-25149.82,51417,73,,33
15,94,8,C,48,491,491,48,491,22936075,41,5,4.8491E+17,70295.44,12022,80,,53
20,33,7,D,37,195,195,37,195,89791153,22,5,3.7195E+17,-7416.4,12213,79,,12
12,94,2,D,26,121,121,26,121,32903048,41,4,2.6121E+17,38704.64,43018,79,,94
13,74,3,C,34,27,27,34,27,56055098,27,7,3.4027E+17,-15682.78,92217,77,,53
17,74,7,T,31,69,69,31,69,52795383,66,8,3.1069E+17,-72500.92,60418,74,,74
16,33,6,U,1,17,17,1,17,42591807,1,0,1.017E+15,-70624.35,62222,77,,94
10,94,3,C,17,145,145,17,145,51258225,13,7,1.7145E+17,1036.74,81219,79,,74
16,74,6,V,17,181,181,17,181,40776746,89,2,1.7181E+17,47765.64,100117,71,,94
12,13,6,T,19,45,45,19,45,32767412,72,2,1.9045E+17,96831.77,73113,74,,94
15,74,2,U,31,159,159,31,159,24895152,81,2,3.1159E+17,66844.44,41721,73,,95
18,13,5,S,30,43,43,30,43,88029431,16,5,3.0043E+17,74501.3,70519,79,,33
11,33,1,D,39,153,153,39,153,68478694,34,3,3.9153E+17,-21031.05,91020,72,,33
11,33,2,C,38,7,7,38,7,78646013,28,1,3.8007E+17,-8369.83,111414,73,,33
14,54,2,D,27,47,47,27,47,73326290,72,0,2.7047E+17,70966.5,122014,73,,74
13,13,8,C,46,13,13,46,13,59206083,47,1,4.6013E+17,68466.05,41217,80,,13
15,54,9,D,8,29,29,8,29,94667598,65,5,8.02901E+16,71491.86,52719,74,,74
11,95,2,S,29,165,165,29,165,78864668,56,3,2.9165E+17,-57223.7,91722,77,,95
11,54,5,C,18,77,77,18,77,10889306,51,1,1.8077E+17,19290.67,52022,70,,95
10,95,5,T,6,27,27,6,27,98008756,51,4,6.02701E+16,75990.53,91919,73,,33
16,74,7,V,55,78,78,55,78,72944448,39,1,5.5078E+17,77921.99,122614,80,,33
13,74,6,C,51,13,13,51,13,23403811,77,6,5.1013E+17,-90789.1,61721,71,,54
13,13,1,S,49,29,29,49,29,71311178,31,5,4.9029E+17,-72302.73,100618,77,,33
14,54,8,V,6,71,71,6,71,76652698,54,6,6.07101E+16,86029.81,42414,72,,13
13,74,2,C,21,113,113,21,113,88105983,54,8,2.1113E+17,32151.07,101213,77,,13
13,95,7,V,42,103,103,42,103,52212060,29,1,4.2103E+17,-69962.3,72414,70,,95
13,95,4,V,28,133,133,28,133,97770918,49,3,2.8133E+17,-3042.38,93015,74,,33
17,95,6,C,17,13,13,17,13,94805940,85,6,1.7013E+17,65077.91,12522,74,,13
15,33,2,U,30,87,87,30,87,51699802,81,3,3.0087E+17,40917.76,111920,72,,13
10,13,4,V,29,67,67,29,67,81908437,64,0,2.9067E+17,66079.83,81321,77,,33
15,74,6,T,27,61,61,27,61,59703472,72,6,2.7061E+17,-29797.97,91713,74,,54
16,33,7,U,28,85,85,28,85,69166809,40,3,2.8085E+17,96504.25,81814,75,,74
20,33,7,T,1,99,99,1,99,79310189,1,0,1.09901E+15,-19078.79,60320,76,,95
15,54,2,U,31,117,117,31,117,12977886,64,9,3.1117E+17,40863.44,91515,70,,33
14,54,2,C,56,45,45,56,45,54579248,64,7,5.6045E+17,-27192.55,51913,78,,54
17,13,1,U,18,19,19,18,19,16202808,13,9,1.8019E+17,60324.63,92620,73,,74
12,95,9,C,29,123,123,29,123,20206089,90,8,2.9123E+17,-36549.77,42614,70,,33
14,13,4,C,13,303,303,13,303,17392188,56,3,1.3303E+17,14552.88,32016,73,,74
10,74,4,T,17,111,111,17,111,83721445,29,2,1.7111E+17,72183.3,30120,76,,95
19,74,5,U,47,37,37,47,37,73073303,5,1,4.7037E+16,-86086.97,33119,77,,54
12,13,7,U,42,109,109,42,109,84937321,56,4,4.2109E+17,8769.62,21814,74,,13
18,13,5,U,22,117,117,22,117,59621068,96,2,2.2117E+17,-83543.2,112623,77,,74
10,54,6,U,13,3,3,13,3,48779032,8,0,1.3003E+16,-80423.79,72423,71,,95
10,13,8,S,55,31,31,55,31,24199994,58,8,5.5031E+17,27754.76,22017,79,,75
12,13,9,V,48,493,493,48,493,80473986,45,4,4.8493E+17,89956.51,100316,71,,75
12,34,7,T,21,239,239,21,239,66685281,60,4,2.1239E+17,12392.48,72221,70,,95
20,34,3,T,38,43,43,38,43,84619318,38,4,3.8043E+17,-22103.82,101613,79,,95
18,95,5,S,37,37,37,37,37,35208268,58,8,3.7037E+17,20399.74,50220,80,,13
10,95,5,D,48,57,57,48,57,31141474,98,5,4.8057E+17,97515.58,92913,73,,75
18,13,2,U,42,79,79,42,79,30587792,63,4,4.2079E+17,93615.33,21915,73,,95
11,95,9,C,42,33,33,42,33,96105324,88,7,4.2033E+17,38184.05,52121,76,,13
11,54,3,D,42,25,25,42,25,69161482,73,3,4.2025E+17,-34672.57,92315,70,,95
16,75,9,U,37,31,31,37,31,60701378,7,2,3.7031E+16,-25102.07,101021,80,,13
16,13,5,C,51,680,680,51,680,75202084,1,0,5.168E+16,14928.27,40818,76,,54
18,95,9,C,34,7,7,34,7,17535711,25,4,3.4007E+17,98010.86,11417,79,,34
12,13,4,C,47,51,51,47,51,50801681,3,9,4.7051E+16,70975.82,111620,77,,13
15,95,1,S,45,87,87,45,87,26549869,50,6,4.5087E+17,35329.82,111819,78,,34
19,54,9,V,29,109,109,29,109,96531390,69,7,2.9109E+17,-67254.62,22314,73,,95
15,13,6,U,30,47,47,30,47,35219238,46,9,3.0047E+17,-56857.12,102513,79,,75
10,34,2,C,32,15,15,32,15,24727663,96,7,3.2015E+17,24005.19,40622,76,,13
18,54,3,V,49,11,11,49,11,74865247,52,5,4.9011E+17,88158.81,62914,77,,75
11,13,9,S,54,15,15,54,15,21690126,80,1,5.4015E+17,98268.16,70721,75,,95
14,95,2,C,28,129,129,28,129,62130658,3,2,2.8129E+16,-93859.05,41016,79,,13
10,34,7,D,5,121,121,5,121,92930005,41,4,5.12101E+16,-15536.15,101717,77,,54
11,54,8,T,17,153,153,17,153,99691549,86,3,1.7153E+17,-76537.3,81716,79,,23
20,75,6,D,12,15,15,12,15,57597721,15,0,1.2015E+17,52789.58,30422,76,,95
16,75,6,D,36,37,37,36,37,59390501,82,7,3.6037E+17,-80805.71,30514,77,,95
18,34,9,T,8,79,79,8,79,56019953,48,9,8.07901E+16,64460.48,52421,74,,75
15,34,5,C,40,31,31,40,31,23955139,65,3,4.0031E+17,92298.14,60522,72,,54
18,34,7,V,51,183,183,51,183,46180534,27,9,5.1183E+17,-88306.6,32618,71,,75
15,13,5,C,51,710,710,51,710,95045392,59,7,5.171E+17,23517.41,70623,72,,95
15,75,3,T,16,3,3,16,3,41038312,61,7,1.6003E+17,-42093.9,72823,79,,14
14,75,4,U,20,147,147,20,147,35612509,52,7,2.0147E+17,14956.87,72920,80,,34
17,75,5,S,53,47,47,53,47,27651551,80,9,5.3047E+17,21264.01,51721,73,,14
15,34,5,S,2,180,180,2,180,54573375,51,2,2.18001E+16,-69489.05,11515,70,,14
11,34,5,S,40,7,7,40,7,51751890,91,6,4.0007E+17,98995.58,20115,71,,75
19,75,8,S,41,59,59,41,59,80533683,38,1,4.1059E+17,-31454.49,71920,70,,95
10,14,7,C,39,25,25,39,25,75610058,39,7,3.9025E+17,-9111.89,20718,70,,96
10,75,6,D,1,13,13,1,13,28655123,5,8,1.013E+15,-38610.17,41718,80,,55
17,34,6,C,8,87,87,8,87,44416698,80,8,8.087E+16,18446.94,110522,77,,14
18,55,9,C,26,163,163,26,163,29349848,86,9,2.6163E+17,-56482.3,82418,78,,34
16,75,7,C,46,25,25,46,25,34311926,44,0,4.6025E+17,-86831.73,92514,73,,14
20,14,3,D,17,53,53,17,53,53188969,93,1,1.7053E+17,-12205.97,72922,75,,96
12,34,5,T,48,159,159,48,159,25635484,93,2,4.8159E+17,-44131.75,111119,78,,14
11,96,9,V,17,41,41,17,41,69466022,29,1,1.7041E+17,29743.45,10617,77,,34
17,96,1,V,56,9,9,56,9,96820940,91,8,5.6009E+17,21074.57,31017,77,,55
17,75,7,S,2,16,16,2,16,15432261,44,3,2.016E+16,-16347.55,71913,70,,96
18,96,3,V,5,115,115,5,115,71115351,59,3,5.11501E+16,94686.37,110119,77,,34
19,75,5,S,13,221,221,13,221,92992249,10,4,1.3221E+17,-52745.3,12219,79,,96
17,14,5,C,13,227,227,13,227,28654046,80,8,1.3227E+17,63837.12,10220,75,,14
10,75,1,V,29,31,31,29,31,71622560,87,0,2.9031E+17,-24444.59,111223,76,,34
16,55,5,V,47,113,113,47,113,42244831,29,2,4.7113E+17,-22317.72,112416,70,,96
16,14,3,D,29,151,151,29,151,54917549,28,9,2.9151E+17,81026.27,52817,80,,14
18,75,2,C,55,103,103,55,103,74655144,95,6,5.5103E+17,-99621.47,31616,71,,55
13,14,4,T,1,23,23,1,23,47218193,97,2,1.023E+16,5322.32,90117,74,,75
12,34,3,U,45,79,79,45,79,21886415,55,0,4.5079E+17,2912.38,110918,74,,75
16,75,6,C,27,97,97,27,97,49988195,22,9,2.7097E+17,-27307.66,53113,78,,14
17,75,3,C,46,123,123,46,123,38773921,86,7,4.6123E+17,-31091.24,112318,73,,55
14,55,3,V,22,71,71,22,71,33424426,47,9,2.2071E+17,59224.23,50420,75,,75
16,75,8,S,37,171,171,37,171,89789675,6,2,3.7171E+16,-54094.16,120815,80,,55
15,75,1,C,30,49,49,30,49,60056237,38,1,3.0049E+17,42040.75,93019,76,,75
18,96,6,T,20,185,185,20,185,58453434,65,9,2.0185E+17,87533.49,122321,78,,14
17,96,8,T,33,3,3,33,3,53035618,59,8,3.3003E+17,15783.78,120321,76,,96
19,14,2,D,29,1,1,29,1,39973537,34,9,2.9001E+17,33024.49,110713,74,,75
11,96,9,U,6,93,93,6,93,88697332,32,5,6.09301E+16,13089.94,50118,76,,35
11,55,1,C,12,31,31,12,31,97889194,76,3,1.2031E+17,89154.82,112417,71,,55
17,14,2,C,26,23,23,26,23,33216617,72,7,2.6023E+17,47879.67,61816,78,,96
19,96,6,S,46,17,17,46,17,14861560,55,8,4.6017E+17,-40378.63,122823,70,,14
17,55,7,V,20,17,17,20,17,36606107,99,1,2.0017E+17,-66709.45,91213,77,,55
13,96,2,D,19,149,149,19,149,34168431,71,0,1.9149E+17,-67510.99,91420,73,,76
13,35,1,U,27,129,129,27,129,82691513,2,8,2.7129E+16,-74807.19,41315,76,,76
16,35,5,S,24,5,5,24,5,61905259,77,9,2.4005E+17,69338.91,22523,74,,35
20,96,5,S,18,125,125,18,125,10642100,26,5,1.8125E+17,33515.02,51523,77,,55
10,76,7,D,20,99,99,20,99,35201287,39,6,2.0099E+17,69204.8,20615,70,,35
13,55,3,V,13,49,49,13,49,48669111,1,3,1.3049E+16,4803.15,61917,73,,55
17,35,4,V,17,163,163,17,163,40457561,75,0,1.7163E+17,23380.91,42320,73,,14
19,96,9,S,51,31,31,51,31,12218461,1,8,5.1031E+16,-62293.19,11922,71,,14
16,55,5,D,26,113,113,26,113,56618755,91,7,2.6113E+17,79090.91,31721,76,,76
15,55,9,S,21,69,69,21,69,54688997,16,2,2.1069E+17,20491.16,22417,75,,96
13,35,5,V,28,27,27,28,27,48823890,96,5,2.8027E+17,-36319.71,32920,77,,14
11,35,4,U,34,23,23,34,23,72312159,86,8,3.4023E+17,-33736.94,60821,70,,76
19,76,3,T,18,105,105,18,105,41897458,72,3,1.8105E+17,-75263.92,50322,78,,35
18,35,4,C,13,191,191,13,191,64941812,78,6,1.3191E+17,-52032.16,42415,79,,14
15,14,5,V,18,141,141,18,141,59665777,26,0,1.8141E+17,67689.07,111516,79,,96
15,55,2,U,1,35,35,1,35,63394952,89,3,1.03501E+16,68709.31,40313,79,,35
15,76,7,S,37,145,145,37,145,13747808,85,9,3.7145E+17,44614.66,42115,70,,55
18,35,7,C,13,5,5,13,5,28069411,72,7,1.3005E+17,-50792.79,12014,79,,35
16,76,9,U,27,141,141,27,141,59918271,69,4,2.7141E+17,-99568.28,32221,70,,35
13,35,1,V,54,25,25,54,25,39404755,91,9,5.4025E+17,13242.64,101819,78,,14
14,55,9,V,20,75,75,20,75,51165908,73,0,2.0075E+17,-37965.52,60816,72,,55
17,76,9,U,21,103,103,21,103,64659856,75,5,2.1103E+17,50888.86,82922,78,,35
11,14,2,C,39,161,161,39,161,49579507,30,4,3.9161E+17,-96015.74,12017,72,,14
10,14,7,C,41,31,31,41,31,55796615,61,6,4.1031E+17,61155.55,71114,77,,35
16,55,5,V,51,159,159,51,159,79554903,75,3,5.1159E+17,21258.94,102922,80,,96
14,76,7,T,53,3,3,53,3,96876870,60,1,5.3003E+17,56344.63,31214,79,,96
17,96,3,S,49,13,13,49,13,28152770,70,8,4.9013E+17,-467.72,63017,74,,96
15,76,1,C,39,117,117,39,117,20225580,65,5,3.9117E+17,49009.39,12319,75,,96
10,76,4,V,48,341,341,48,341,53790658,3,8,4.8341E+16,38642.51,60323,78,,55
14,76,8,T,54,59,59,54,59,66847732,21,8,5.4059E+17,-93479.26,82619,77,,15
14,35,8,V,20,109,109,20,109,40285502,38,6,2.0109E+17,66330.15,60516,77,,96
19,15,5,U,48,215,215,48,215,12604516,16,1,4.8215E+17,-79864.78,91716,71,,96
14,56,9,T,42,131,131,42,131,54494075,6,4,4.2131E+16,-48025.94,90523,74,,56
14,76,1,S,47,35,35,47,35,50025031,39,0,4.7035E+17,34564.48,32119,79,,76
16,35,5,D,32,17,17,32,17,24595697,45,4,3.2017E+17,-85090.54,91315,78,,15
18,35,9,S,46,31,31,46,31,81926045,94,7,4.6031E+17,64971.03,90422,77,,56
14,15,1,D,21,15,15,21,15,72331957,57,4,2.1015E+17,25029.61,11015,73,,15
15,56,5,T,1,25,25,1,25,46575368,58,0,1.025E+16,54895.1,32420,76,,35
19,15,6,U,10,5,5,10,5,73324617,23,3,1.0005E+17,-23039.02,40714,79,,97
13,56,3,T,45,41,41,45,41,98228227,59,9,4.5041E+17,-97133.55,61317,70,,35
15,15,2,T,46,83,83,46,83,84566993,12,2,4.6083E+17,-93223.79,72820,75,,15
13,35,4,D,24,19,19,24,19,57613558,30,8,2.4019E+17,93227.35,122015,80,,56
14,56,4,V,45,71,71,45,71,53656503,43,2,4.5071E+17,-38199.58,41015,76,,35
12,97,6,D,1,49,49,1,49,44400393,30,6,1.049E+16,-50438.31,122114,72,,97
18,56,9,T,31,101,101,31,101,23169478,49,2,3.1101E+17,-91652.57,72420,75,,76
20,76,4,U,39,97,97,39,97,35630709,85,5,3.9097E+17,-64513.69,21013,71,,76
14,76,9,S,53,7,7,53,7,88633442,88,2,5.3007E+17,98825.4,81315,70,,97
18,35,7,S,46,95,95,46,95,26062823,59,5,4.6095E+17,-33664.69,20915,74,,15
13,15,9,V,27,115,115,27,115,37139114,29,2,2.7115E+17,-70207.12,102622,71,,76
18,35,6,V,19,1,1,19,1,81977914,80,4,1.9001E+17,171.15,11718,73,,35
11,15,6,S,42,29,29,42,29,38117300,11,9,4.2029E+17,-44574.7,12416,80,,56
12,56,1,C,12,77,77,12,77,50094739,11,2,1.2077E+17,63993.79,41415,72,,97
13,56,4,U,20,155,155,20,155,70110388,43,9,2.0155E+17,-70196.81,90223,76,,76
16,97,8,U,38,61,61,38,61,65010306,66,9,3.8061E+17,-92461.83,61615,70,,15
16,15,4,V,21,199,199,21,199,87339060,29,0,2.1199E+17,62318.28,10717,70,,35
12,56,5,V,51,660,660,51,660,26994136,26,5,5.166E+17,-68210.4,50720,79,,15
15,97,7,S,51,187,187,51,187,47100873,7,4,5.1187E+16,74832.51,111418,70,,35
11,56,1,T,51,191,191,51,191,94634584,9,4,5.1191E+16,14193.9,62822,75,,97
16,97,8,C,47,123,123,47,123,23120751,7,2,4.7123E+16,-30384.03,42219,74,,76
19,97,4,T,28,99,99,28,99,31633680,95,6,2.8099E+17,21098.97,40518,72,,77
16,56,9,U,12,3,3,12,3,85455549,5,5,1.2003E+16,83460.07,42523,71,,77
15,15,8,D,46,29,29,46,29,98116874,47,3,4.6029E+17,9883.98,12821,74,,56
13,56,5,S,22,21,21,22,21,21714432,71,8,2.2021E+17,-21903.73,32419,74,,51
16,36,4,T,36,47,47,36,47,43902556,49,0,3.6047E+17,15982.09,71817,78,,15
16,77,6,V,29,83,83,29,83,13909418,63,8,2.9083E+17,-48683.15,11218,78,,97
20,36,5,C,21,135,135,21,135,82292342,74,0,2.1135E+17,-26390.16,100922,74,,97
11,97,6,U,19,21,21,19,21,91286729,39,1,1.9021E+17,-15229.3,122918,76,,36
10,97,8,V,22,99,99,22,99,86315183,64,2,2.2099E+17,21711.15,12415,78,,56
14,56,8,U,37,23,23,37,23,42100314,89,7,3.7023E+17,-39239.42,22216,77,,97
17,15,7,T,17,19,19,17,19,59938884,78,2,1.7019E+17,-75817.39,122518,75,,97
10,97,6,V,46,57,57,46,57,76701670,1,6,4.6057E+16,-55161.44,13114,74,,77
18,56,4,U,11,1,1,11,1,62395661,96,5,1.1001E+17,-45687.52,51513,79,,77
14,97,7,V,40,57,57,40,57,38085951,41,0,4.0057E+17,38674.17,80113,71,,77
11,15,5,D,16,77,77,16,77,54020543,56,7,1.6077E+17,-45449.23,70118,79,,36
19,77,8,D,36,79,79,36,79,84968310,67,8,3.6079E+17,-3304.01,62423,72,,56
13,97,5,C,28,87,87,28,87,17529855,48,2,2.8087E+17,-82986.42,52719,80,,36
15,97,4,T,39,31,31,39,31,89444699,15,3,3.9031E+17,90361.82,82817,70,,36
11,77,4,U,29,107,107,29,107,30383120,49,4,2.9107E+17,60319.45,81816,71,,97
16,97,2,V,12,133,133,12,133,10869711,18,4,1.2133E+17,-96274.37,41121,74,,77
15,77,9,V,29,29,29,29,29,88362325,47,9,2.9029E+17,61210.97,51019,76,,56
10,97,3,S,29,95,95,29,95,33419412,61,0,2.9095E+17,-41430.48,102019,79,,77
20,15,7,V,1,55,55,1,55,36440372,11,0,1.055E+16,82328.72,30513,74,,36
13,97,7,D,6,91,91,6,91,17997511,82,4,6.091E+16,69436.09,51918,70,,56
18,15,3,T,17,91,91,17,91,14414037,1,9,1.7091E+16,-93443.78,21123,74,,16
18,36,8,D,44,9,9,44,9,99328189,73,8,4.4009E+17,76190.55,70714,71,,16
17,77,3,V,13,51,51,13,51,81359003,11,8,1.3051E+17,32276.95,51616,79,,77
13,56,8,D,26,55,55,26,55,76322421,30,3,2.6055E+17,-80487.54,91721,80,,77
13,97,2,C,51,105,105,51,105,84087292,68,7,5.1105E+17,75629.5,121420,70,,16
20,77,1,S,26,5,5,26,5,21993909,15,7,2.6005E+17,-81279.5,40922,80,,16
11,36,9,D,8,91,91,8,91,92988575,39,8,8.09101E+16,53580.33,102217,75,,77
10,77,7,U,28,155,155,28,155,70505237,85,4,2.8155E+17,-31095.83,11622,72,,57
16,77,6,S,28,109,109,28,109,42694027,54,2,2.8109E+17,-81680.25,31914,79,,16
12,77,7,C,48,35,35,48,35,10784217,30,3,4.8035E+17,36476.94,41917,79,,16
12,77,7,V,21,93,93,21,93,65377493,39,5,2.1093E+17,23259.33,20215,79,,36
15,98,8,D,29,41,41,29,41,59587654,73,4,2.9041E+17,-58347.07,111623,78,,98
16,77,4,T,12,61,61,12,61,35743801,83,1,1.2061E+17,-26330,10119,70,,36
12,98,3,U,26,141,141,26,141,92684751,47,7,2.6141E+17,91357.34,81814,73,,57
19,57,2,V,48,393,393,48,393,29463157,82,7,4.8393E+17,-38561.27,100814,74,,16
20,77,7,S,45,73,73,45,73,67608238,61,3,4.5073E+17,88293.89,102920,76,,98
13,77,2,S,27,119,119,27,119,15662955,87,8,2.7119E+17,-37175.01,41116,80,,16
16,16,6,U,47,77,77,47,77,92941236,14,5,4.7077E+17,59952.44,22816,70,,16
15,77,8,T,28,101,101,28,101,65797542,56,0,2.8101E+17,-46111.18,90723,78,,36
14,98,3,U,21,7,7,21,7,50817858,23,5,2.1007E+17,51817.81,31115,74,,16
18,36,5,C,48,437,437,48,437,70436214,93,7,4.8437E+17,-85046.25,121814,71,,37
19,77,8,T,48,447,447,48,447,84904487,22,0,4.8447E+17,93261.33,30916,71,,57
15,36,8,D,26,67,67,26,67,86186984,55,9,2.6067E+17,65564.17,101414,80,,98
19,36,1,D,30,95,95,30,95,73552640,39,2,3.0095E+17,-43017.16,22523,75,,37
18,57,4,U,29,153,153,29,153,43461555,12,4,2.9153E+17,67554.33,121014,79,,57
20,57,7,T,21,193,193,21,193,57354530,82,4,2.1193E+17,-25283.28,62823,72,,16
15,36,8,U,20,27,27,20,27,37802471,32,3,2.0027E+17,-75179.94,61520,76,,57
14,16,9,D,48,303,303,48,303,55560510,9,6,4.8303E+16,-6370.96,60115,72,,78
13,57,9,C,22,5,5,22,5,97944624,30,6,2.2005E+17,-47603.26,70813,78,,37
15,16,7,V,29,167,167,29,167,20936264,71,2,2.9167E+17,-99293.27,81123,80,,98
20,98,6,U,48,115,115,48,115,14905133,92,0,4.8115E+17,1728.57,73021,71,,57
10,16,4,D,46,7,7,46,7,78802310,93,9,4.6007E+17,-18711.94,82516,80,,98
12,77,8,T,26,145,145,26,145,26976330,59,4,2.6145E+17,97119.02,81223,74,,16
14,16,7,U,19,69,69,19,69,80186248,25,1,1.9069E+17,2588.44,12522,80,,98
12,57,9,D,6,53,53,6,53,65584641,56,5,6.05301E+16,-80649.74,21223,75,,78
17,57,6,T,54,33,33,54,33,33326678,18,5,5.4033E+17,-46232.94,71517,70,,37
19,16,9,S,31,37,37,31,37,65504331,23,9,3.1037E+17,27331.36,21414,70,,98
13,37,4,V,37,15,15,37,15,61327947,92,1,3.7015E+17,-66541.42,100523,78,,78
10,16,9,D,36,105,105,36,105,49768053,48,5,3.6105E+17,35475.16,12817,75,,78
16,98,7,S,48,373,373,48,373,18789165,81,2,4.8373E+17,12511.43,92623,75,,98
10,57,5,T,19,119,119,19,119,35405461,47,0,1.9119E+17,86335.13,123015,77,,16
15,98,6,S,17,115,115,17,115,10220119,65,8,1.7115E+17,-46967.7,40623,73,,78
14,16,4,C,17,183,183,17,183,55056025,64,7,1.7183E+17,58143.76,120318,71,,57
11,78,2,S,20,181,181,20,181,16584684,19,2,2.0181E+17,-15191.23,123115,73,,17
18,37,2,S,13,315,315,13,315,62830521,78,8,1.3315E+17,-67937.12,92223,76,,58
16,37,3,V,40,41,41,40,41,41324388,30,5,4.0041E+17,70647.26,121617,71,,99
13,57,2,T,30,19,19,30,19,89222032,76,7,3.0019E+17,-57755.68,42618,74,,58
11,78,8,V,40,89,89,40,89,50342729,68,6,4.0089E+17,-25909.75,70921,73,,78
13,78,8,S,46,129,129,46,129,19431018,34,1,4.6129E+17,-86556.33,101319,80,,99
20,37,7,D,37,79,79,37,79,22126752,9,8,3.7079E+16,77830.1,91618,70,,78
16,98,3,U,19,61,61,19,61,42485435,47,8,1.9061E+17,-93386.31,52416,77,,17
16,16,9,V,20,97,97,20,97,73634616,58,9,2.0097E+17,67799.59,71121,74,,17
20,16,8,T,31,109,109,31,109,63262985,25,6,3.1109E+17,-51571.14,81921,73,,58
12,57,5,U,5,73,73,5,73,51796477,14,7,5.07301E+16,-46129.79,22513,73,,78
11,37,3,D,26,71,71,26,71,62589981,2,2,2.6071E+16,14140.68,80923,71,,58
16,98,7,C,26,3,3,26,3,77120309,61,0,2.6003E+17,-7663.35,82416,77,,99
18,16,7,V,40,135,135,40,135,42805615,80,1,4.0135E+17,-59134.52,83014,74,,17
13,98,7,D,28,33,33,28,33,68557736,12,8,2.8033E+17,14831.23,121022,76,,58
18,78,6,D,54,9,9,54,9,68570850,81,0,5.4009E+17,71643.18,32920,78,,78
15,57,2,V,13,163,163,13,163,81591763,36,9,1.3163E+17,-63940.34,102722,70,,58
19,57,6,U,19,103,103,19,103,70001330,96,9,1.9103E+17,43143.46,50722,80,,37
15,37,1,V,54,37,37,54,37,88247533,15,0,5.4037E+17,65844.83,51722,70,,37
16,37,3,T,41,53,53,41,53,78933799,45,9,4.1053E+17,-88320.2,113019,72,,78
14,78,1,C,18,73,73,18,73,78251784,21,5,1.8073E+17,46811.55,30119,70,,78
12,78,5,C,4,23,23,4,23,66938378,3,6,4.02301E+15,48117.42,101920,78,,17
16,37,7,V,22,123,123,22,123,81241136,66,2,2.2123E+17,97562.31,80923,77,,99
12,78,9,D,19,131,131,19,131,66792247,7,3,1.9131E+16,43153.77,50114,74,,58
17,37,4,C,16,13,13,16,13,49222785,98,3,1.6013E+17,-75992.58,53115,80,,17
18,17,8,D,8,5,5,8,5,95361065,44,6,8.00501E+16,-78257.01,30517,70,,99
18,17,6,V,21,109,109,21,109,16247604,37,4,2.1109E+17,17611.47,13120,77,,58
15,78,8,S,54,69,69,54,69,23488097,26,8,5.4069E+17,-63293.42,52213,70,,78
20,99,7,S,39,95,95,39,95,34966351,76,8,3.9095E+17,-44265.43,30917,72,,99
10,78,1,C,53,43,43,53,43,96435878,90,8,5.3043E+17,29236.25,61023,79,,99
14,58,1,V,18,123,123,18,123,41090401,4,9,1.8123E+16,34548.57,51718,80,,17
10,17,7,V,6,43,43,6,43,77900246,48,1,6.04301E+16,-25149.9,121317,72,,99
17,17,4,D,48,131,131,48,131,21208028,62,6,4.8131E+17,43178.75,42016,76,,38
12,78,4,C,29,91,91,29,91,91468688,70,7,2.9091E+17,89730.81,22518,75,,17
13,99,6,U,39,159,159,39,159,16763169,76,4,3.9159E+17,48885.54,91515,76,,38
11,99,4,C,39,41,41,39,41,90592063,13,9,3.9041E+17,-94667.12,52618,78,,58
20,99,8,V,48,443,443,48,443,46331544,43,3,4.8443E+17,47414.85,31123,72,,38
14,99,6,U,6,79,79,6,79,51778314,42,6,6.07901E+16,-85860.54,90917,79,,58
17,37,8,T,36,97,97,36,97,61267202,75,7,3.6097E+17,-92658.13,20914,76,,17
10,78,4,V,47,177,177,47,177,57300720,60,2,4.7177E+17,-66868.93,103116,78,,38
14,17,9,T,29,35,35,29,35,58177707,12,5,2.9035E+17,-94769.36,50120,76,,79
11,37,3,D,55,133,133,55,133,56946953,40,0,5.5133E+17,-9446.4,31714,77,,38
11,58,2,V,40,75,75,40,75,67794611,37,0,4.0075E+17,8444.08,12115,79,,79
10,17,5,S,20,23,23,20,23,90250252,5,2,2.0023E+16,-49748.82,81320,70,,38
18,37,8,D,8,23,23,8,23,85963316,5,0,8.02301E+15,-51348.36,22813,78,,99
18,78,5,U,13,79,79,13,79,90261826,39,8,1.3079E+17,-51057.22,51815,79,,38
12,17,6,U,48,69,69,48,69,14059737,9,2,4.8069E+16,-68323.49,101917,72,,99
12,78,3,T,1,27,27,1,27,62071386,23,6,1.02701E+16,59882.7,100418,76,,99
16,17,2,U,27,57,57,27,57,52744607,92,9,2.7057E+17,-64150.95,41513,80,,58
15,17,7,S,53,41,41,53,41,15050540,44,1,5.3041E+17,-86085.69,90218,75,,58
12,78,1,V,29,119,119,29,119,19961826,68,1,2.9119E+17,-78274.62,50213,73,,99
12,37,5,C,18,59,59,18,59,47116531,5,6,1.8059E+16,60378.95,122819,71,,58
12,37,4,U,25,17,17,25,17,18710258,79,8,2.5017E+17,-90845.35,70818,71,,58
19,17,6,U,13,11,11,13,11,64633346,38,6,1.3011E+17,-23919.71,50113,78,,99
10,17,6,U,50,11,11,50,11,48946882,79,1,5.0011E+17,-83697.08,12722,80,,38
15,99,9,U,46,67,67,46,67,72085748,4,8,4.6067E+16,-36764.78,92519,71,,38
16,58,2,V,22,107,107,22,107,48394891,49,8,2.2107E+17,-38683.91,93018,78,,58
11,58,1,D,12,83,83,12,83,89184217,52,4,1.2083E+17,-72129.16,102817,73,,99
18,38,2,C,19,25,25,19,25,18150132,61,6,1.9025E+17,98650.63,111723,79,,38
12,99,9,S,48,385,385,48,385,81231359,29,5,4.8385E+17,91380.08,103019,71,,58
15,38,5,V,21,207,207,21,207,74871754,46,5,2.1207E+17,25548.45,110822,72,,38
15,58,8,T,48,21,21,48,21,41099337,82,3,4.8021E+17,-44683.81,60115,78,,59
19,38,5,V,13,13,13,13,13,25242124,68,5,1.3013E+17,66539.41,122213,70,,18
17,99,2,C,27,1,1,27,1,53666656,70,6,2.7001E+17,-70772.96,60420,73,,79
18,99,9,D,12,129,129,12,129,64917449,13,3,1.2129E+17,57058.09,62913,71,,59
11,58,7,S,1,105,105,1,105,77705181,51,6,1.10501E+16,65353.92,50919,76,,38
18,17,5,S,26,115,115,26,115,58172716,43,5,2.6115E+17,-26271.03,50818,72,,79
13,58,8,S,8,21,21,8,21,89066195,53,4,8.02101E+16,-36122.39,110918,70,,18
16,58,7,S,47,21,21,47,21,35166518,38,7,4.7021E+17,-48536.5,52622,78,,79
16,79,8,C,48,377,377,48,377,76548519,43,2,4.8377E+17,-74951.16,101422,74,,38
19,17,7,C,20,167,167,20,167,51767901,17,8,2.0167E+17,85558.09,40818,75,,18
18,38,2,C,42,41,41,42,41,79050589,54,3,4.2041E+17,65524.26,80313,80,,38
17,79,1,C,38,25,25,38,25,21661973,16,0,3.8025E+17,-52414.3,60120,75,,18
14,58,6,V,35,19,19,35,19,34275745,66,5,3.5019E+17,-2617.51,122623,79,,38
13,38,1,C,51,735,735,51,735,82793018,50,2,5.1735E+17,84851.41,112613,76,,79
18,79,3,S,27,67,67,27,67,27968041,70,8,2.7067E+17,-49129.73,62615,80,,38
10,58,4,D,5,15,15,5,15,58061213,74,1,5.01501E+16,-53682.72,122813,79,,18
19,99,5,T,47,95,95,47,95,37653122,73,4,4.7095E+17,-77447.28,51516,80,,38
14,58,8,V,55,11,11,55,11,75723783,50,1,5.5011E+17,-99246.69,71114,73,,18
15,99,8,C,37,19,19,37,19,81153896,47,9,3.7019E+17,-75551.67,11118,74,,79
15,38,6,U,51,197,197,51,197,74743377,57,3,5.1197E+17,82160.31,10816,72,,18
10,38,2,U,22,49,49,22,49,27103068,51,7,2.2049E+17,1907.93,50517,71,,59
15,18,7,D,17,125,125,17,125,88347631,73,0,1.7125E+17,86451.88,80922,70,,39
11,18,5,V,39,9,9,39,9,74229098,40,1,3.9009E+17,56277.96,22816,78,,39
10,79,8,V,47,167,167,47,167,76265288,49,8,4.7167E+17,63785.82,11017,70,,39
19,59,3,T,19,19,19,19,19,21507315,31,0,1.9019E+17,-44718.12,22820,73,,18
16,38,9,V,55,65,65,55,65,71597906,41,6,5.5065E+17,-61989.09,22420,78,,39
13,38,8,C,16,1,1,16,1,60282055,64,0,1.6001E+17,-57116.11,102018,71,,80
14,79,2,U,13,77,77,13,77,82282125,53,9,1.3077E+17,-67685.96,21219,77,,80
14,59,6,V,22,19,19,22,19,87011774,72,1,2.2019E+17,-70256.42,71913,78,,18
19,59,7,T,46,117,117,46,117,75911949,99,1,4.6117E+17,-45064.84,112623,78,,59
16,38,2,S,13,199,199,13,199,94271502,74,7,1.3199E+17,-55085.12,51616,76,,59
13,79,6,T,31,39,39,31,39,61738848,31,2,3.1039E+17,23802.14,40614,77,,18
20,59,2,D,29,131,131,29,131,18091316,53,8,2.9131E+17,44420.55,62814,72,,59
11,18,7,T,8,67,67,8,67,90566343,9,9,8.06701E+15,77586.38,10117,78,,59
18,38,9,C,13,229,229,13,229,48661586,92,2,1.3229E+17,3633.34,112716,79,,59
15,59,7,C,31,27,27,31,27,35684224,44,5,3.1027E+17,65100.94,81813,74,,80
13,59,6,C,54,31,31,54,31,24349299,34,0,5.4031E+17,54352.87,91618,80,,59
18,59,9,T,6,61,61,6,61,71460698,81,2,6.06101E+16,-97351.5,32818,70,,39
11,79,7,V,29,87,87,29,87,15608877,9,4,2.9087E+16,33202.11,81321,78,,19
14,38,1,D,39,101,101,39,101,16762035,58,2,3.9101E+17,96291.83,81121,73,,19
19,18,8,U,49,23,23,49,23,69199541,97,7,4.9023E+17,85116.43,51222,72,,19
13,79,3,T,51,147,147,51,147,93518500,83,7,5.1147E+17,-68868.69,20222,75,,19
13,59,5,C,48,77,77,48,77,58064844,56,8,4.8077E+17,44075.82,101416,70,,39
11,18,9,C,29,49,49,29,49,18465866,10,0,2.9049E+17,-84924.94,62713,70,,60
17,18,8,T,39,55,55,39,55,13829928,30,0,3.9055E+17,-33986.19,102321,71,,80
18,39,9,V,39,173,173,39,173,91592454,58,9,3.9173E+17,45251.32,62720,73,,39
18,18,4,T,9,5,5,9,5,25840308,13,2,9.005E+16,15871.34,120323,72,,80
15,59,6,T,13,19,19,13,19,96050019,8,7,1.3019E+16,-15016.8,60220,75,,39
17,18,9,C,28,103,103,28,103,11144927,60,1,2.8103E+17,37422.33,82820,75,,60
10,18,1,V,19,173,173,19,173,16452286,46,3,1.9173E+17,82567.12,20222,76,,19
15,18,4,D,47,147,147,47,147,43676298,58,8,4.7147E+17,17578.5,72620,75,,40
13,39,3,S,35,5,5,35,5,68587417,77,0,3.5005E+17,-88813.09,111920,77,,80
11,18,4,T,46,105,105,46,105,95326169,28,4,4.6105E+17,12389.4,81722,72,,19
12,39,5,T,27,163,163,27,163,28147070,25,1,2.7163E+17,-95931.91,20720,73,,81
18,59,1,D,47,71,71,47,71,69749848,12,1,4.7071E+17,-4617.71,53017,79,,81
14,39,7,C,1,65,65,1,65,36763865,96,6,1.065E+16,42761.91,42320,79,,60
10,19,5,V,47,105,105,47,105,50381601,74,0,4.7105E+17,25651.91,61913,78,,19
20,39,9,D,27,5,5,27,5,35252675,23,0,2.7005E+17,29852.98,110917,80,,40
17,19,8,D,31,49,49,31,49,77687890,33,8,3.1049E+17,-4439,100721,76,,19
18,56,2,S,13,45,45,13,45,43709054,53,6,1.3045E+17,7611.11,21522,71,,19
16,39,5,V,55,123,123,55,123,69435815,3,0,5.5123E+16,99703.02,102413,71,,40
11,39,7,T,48,65,65,48,65,90145651,34,7,4.8065E+17,34359.7,123013,70,,40
19,39,4,S,1,89,89,1,89,27942092,15,8,1.089E+16,82324.2,12919,79,,60
15,19,6,V,13,277,277,13,277,74520621,20,0,1.3277E+17,33061.86,110515,74,,19
16,19,2,U,34,13,13,34,13,57458996,54,4,3.4013E+17,55061.06,121317,74,,19
18,19,3,U,18,79,79,18,79,14998093,74,1,1.8079E+17,-91461.22,11820,74,,60
14,39,6,D,51,45,45,51,45,62445069,17,5,5.1045E+17,-38772.2,102516,80,,40
15,19,3,D,1,69,69,1,69,88842821,64,6,1.06901E+16,-73341.25,31413,80,,40
16,19,9,S,42,81,81,42,81,91788548,79,3,4.2081E+17,-61091.31,52421,71,,40
16,19,1,D,28,63,63,28,63,21925082,17,2,2.8063E+17,-79056.87,72616,76,,81
16,19,2,U,37,81,81,37,81,45200751,75,8,3.7081E+17,-46984.61,92014,77,,81
16,19,6,V,26,89,89,26,89,28274146,8,3,2.6089E+16,-31534.69,52919,74,,81
12,81,4,D,27,41,41,27,41,73375822,92,2,2.7041E+17,76919.52,51414,75,,81
12,81,4,V,19,141,141,19,141,56795797,10,1,1.9141E+17,18428.87,50620,78,,81
17,19,4,T,40,153,153,40,153,22621499,25,2,4.0153E+17,-11368.03,70815,80,,40
14,19,5,S,48,143,143,48,143,72785735,37,9,4.8143E+17,64961.05,31013,80,,40
15,81,7,T,20,57,57,20,57,73633746,29,0,2.0057E+17,1278.42,51819,73,,20
17,81,7,C,26,137,137,26,137,94649261,14,7,2.6137E+17,-51088.85,22716,79,,40
15,19,4,S,36,69,69,36,69,50836378,94,1,3.6069E+17,-63483.23,91619,76,,40
19,81,2,T,51,650,650,51,650,75023492,36,7,5.165E+17,75843.5,81520,73,,81
13,81,1,C,53,17,17,53,17,82793731,58,1,5.3017E+17,31573.42,73021,76,,20
10,61,9,V,50,17,17,50,17,39083199,91,3,5.0017E+17,-95390.35,90816,70,,20
18,61,4,S,30,77,77,30,77,48007622,72,4,3.0077E+17,24520.96,92516,70,,81
13,81,7,T,21,119,119,21,119,92542511,86,0,2.1119E+17,31111.71,81623,77,,40
17,61,7,T,54,71,71,54,71,60140475,42,7,5.4071E+17,-82356.51,102715,72,,81
20,61,4,T,56,1,1,56,1,90467689,90,2,5.6001E+17,-72026.39,51713,75,,40
17,81,1,D,38,101,101,38,101,79956177,34,4,3.8101E+17,30321.55,91621,71,,40
20,81,3,T,26,129,129,26,129,54842807,45,0,2.6129E+17,-73798.65,62317,71,,61
12,61,1,U,41,47,47,41,47,95259511,57,6,4.1047E+17,-84350.38,82319,78,,40
13,81,5,V,20,37,37,20,37,47216491,40,0,2.0037E+17,-81480.78,91623,79,,81