APROPTN-CDE,MAJ-CLS,OBJ-CLSFCTN-CDE,FY-ACCTG,ACCT-TYP-CDE,MULTI-ELMT-CDE,OK-TO-PROC-CDE,APRTNMTS-CUR-DTL,ALTMT-CUR,APRTNMT-TYP,ALTMT-TYP,PRD-CDE,APRTNMTS-1ST-ACCTG-PRD,APRTNMTS-2ND-ACCTG-PRD,APRTNMTS-3RD-ACCTG-PRD,APRTNMTS-4TH-ACCTG-PRD
28,15,65,91,6,9,5,70263.97,84693.53,1,6,8,75034.43,36195.2,-29494.5,-18960.52
75,60,54,49,2,6,8,-15109.58,38787.54,1,1,7,15417.58,97483.51,-39924.95,-94485.9
46,72,58,58,3,5,7,92021.16,14945.12,8,7,3,-13450.85,14372.69,-53757.66,-93310.48
59,69,30,22,5,8,1,-73402.29,6629.04,7,5,3,11240.33,-17683.87,-6462.22,68606.18
78,96,32,76,2,7,7,19387.36,71063.04,3,5,3,63907.78,-69549.35,99801.49,97641.34
36,88,21,78,2,1,5,-47345.16,18782.49,3,1,7,-7716.74,-60805.83,11239.22,48511.45
82,72,67,41,8,7,4,50008.01,14488.26,3,3,4,64645.14,-81865.78,62731.75,-73945.57
40,50,59,70,9,5,9,-27359.76,-72964.71,7,7,1,8492.08,-23041.12,-1054.81,-46306.86
51,85,43,46,2,4,5,-38052.87,-68832.65,4,8,4,-21894.2,-77686.73,14384.96,81318.67
25,58,95,10,9,9,7,33756.81,-84729.86,1,3,2,-92172.67,-18490.76,-61659.68,17421.49
15,39,96,88,6,5,5,5154.28,-63940.54,4,2,8,-83752.82,13821.99,-43869.8,65675.14
81,69,96,98,8,7,7,53827.89,-38800.63,2,9,2,72539.79,14811.01,-67241.69,-96316.91
84,47,96,20,2,5,7,-28956.87,59161.46,8,8,1,-65284.08,-81136.48,84849.31,68967.3
13,39,44,32,1,7,5,64103.14,-22957.19,2,6,8,-37148.52,-19459.79,81152.89,28231.44
21,73,22,84,6,7,5,63086.38,48628.72,1,7,2,79665.36,36572.44,1617.42,48929.56
32,66,30,43,2,5,8,-83410.41,-41311.5,8,3,2,93631.49,-7908.32,-5684.81,4678
32,73,74,89,9,5,5,28192.87,43128.37,2,8,1,-60975.94,85246.33,19576.68,-4495.92
31,61,11,41,5,8,8,54190.49,79951.86,2,5,8,-69515.02,3700.41,34084.96,39216.98
69,84,55,25,6,5,7,4045.8,-16946.18,1,8,8,-1212.41,26068.85,89744.2,-59727.92
27,47,94,11,4,8,6,17568.11,44189.19,8,3,5,-76797.78,-63445,23089.36,10372.04
78,40,30,87,8,7,6,77303.62,-40513.39,8,3,1,68938.43,-50483.99,-63634.41,40207.66
24,72,99,41,2,6,5,-86021.65,-9021.42,5,6,6,45652.98,24206.02,-20900.62,37214.7
27,57,59,53,4,6,2,67725.97,-86866.88,1,3,3,7688.48,-80473.57,14792.51,-30349.52
32,94,24,88,8,5,6,48963.02,15796.14,6,4,3,-78933.71,32125.81,5904.13,-62266.24
28,54,64,79,3,2,4,23487.7,-77595.51,3,4,7,-57613.43,33774.79,-1992.27,-24363.93
98,31,71,13,4,6,9,-66115.63,-43957.62,3,5,3,-98649.71,31959.46,802.86,91133.05
68,42,83,74,9,4,2,33276.67,42229.95,7,8,5,-33494.98,49262.61,98726.95,-58361.27
40,63,78,69,4,9,2,3146.94,-8026.18,3,1,9,-26595.23,-55779.05,47765.41,97041.63
86,53,26,45,3,2,3,1337.57,57867.79,5,4,7,-72546.45,-19673.03,-97456.95,-22222.42
40,81,63,32,4,2,1,4982.42,-43311.45,9,2,7,24346.35,4205.87,7783.43,32055.41
52,55,75,66,1,3,4,-65301.09,97535.36,7,6,3,29128.46,72965.39,14093.07,97473.01
17,61,40,81,4,1,6,72775.05,84352.39,7,7,1,-58706.56,-78422.19,-80035.41,-69060.09
71,19,57,90,2,4,3,73348.04,-55370.85,3,3,9,77344.1,64280.52,7636.71,-85377.83
27,99,89,36,6,6,4,43085.58,-10354.99,1,1,7,-1523.9,22522.04,-55164,-32348.59
12,44,33,51,2,3,5,76754.8,-94468.1,9,8,5,590.17,30868.97,-90482.46,3848.3
82,30,14,12,3,4,5,18417.37,61573.42,7,4,1,-76894.3,-85896.12,-82021.97,19078.1
16,68,30,68,9,5,4,-38319.07,35657.85,5,6,8,-90234.84,14407.57,-54060.7,51491.56
52,45,24,89,2,5,8,-71664.28,-10294.12,1,3,1,40550.16,-4223.54,-31462.12,71125.83
51,31,80,61,6,4,3,-86998.6,92067.39,8,9,6,-51942.83,-58630.45,-20561.55,60229.38
80,88,80,96,3,8,3,54690.15,-61772.32,1,3,3,-98144.5,19847.29,-65903.41,39536.33
18,28,26,67,3,3,8,52357.62,52835.49,6,1,9,-47969.54,-89759.46,45657.98,-45279.05
41,44,21,49,2,3,9,-980.35,-1008.13,3,8,3,55168.34,-51261.63,95476.74,45079.83
27,30,67,13,9,8,1,-61601.4,-85279.54,9,7,8,72452.11,94361.17,82489.96,26026.77
84,95,68,16,4,9,2,73843.61,28276.47,3,5,7,-89241.65,10287.72,-45665.57,-24085.28
78,16,79,66,6,1,8,-14954.93,52000.1,8,1,5,-94413.38,-97761.38,52661.09,41053.84
98,61,51,33,2,2,8,-45896.93,-558.2,7,4,5,-99374.91,28101.46,87781.11,59265.88
83,65,76,78,2,8,5,45476.73,-64057.78,5,7,9,-387.48,76351.25,-52497.03,43976.39
64,77,95,43,5,8,8,5887.03,47028.33,5,8,3,-48022.29,75566.96,-61209.8,42477.54
61,77,93,21,7,5,8,13270.6,-60485.03,9,6,5,78421.47,-70891.02,35488.57,89074.09
87,57,40,18,7,8,5,-8165.62,37299.09,3,3,6,19058.15,45911.11,95860.57,-15848.1
95,14,16,71,6,8,5,-7147.94,90217.74,5,6,1,-53047.71,-87366.91,82570.08,77294.9
13,17,28,60,1,5,5,-37387.9,-62589.26,6,2,6,-63891.35,10002.15,-76445.62,-33669.31
44,33,84,36,8,5,8,3611.52,-60031.34,1,6,8,-64991.3,-32461.05,45501.39,-16360.49
59,45,42,76,8,5,5,-39364.8,-10599.09,6,9,7,40477.01,-56434.27,72128.68,-46698.38
75,55,94,81,5,8,7,57988.64,-59892.91,8,5,3,92634.06,-35950.22,88068.35,-50071.11
31,76,42,69,1,5,9,-23615.83,-28371.82,7,7,9,-77207.61,28908.91,-89463.25,40548.91
63,66,55,51,6,7,8,-89090.24,32470.17,3,8,4,-29128.82,-55946.06,72940.34,50957.04
41,18,13,31,1,9,4,-54201.25,-23996.84,9,2,6,60997.09,-74214.43,52809.09,48719.86
47,42,25,56,9,8,9,95058.89,-7351.55,4,1,3,51133.61,-6721.15,-39232.9,30949.23
45,88,28,66,8,4,8,-58564.28,29914.93,6,8,7,-89267.55,45004.28,-68624.84,-55633.55
59,32,20,45,3,9,3,5151.32,52716.38,3,7,5,1353.14,-95463.7,7745.17,46568.54
87,12,93,72,2,8,8,-75388.42,79544.09,7,2,1,-18735.38,-45550.58,42004.43,-47943.24
45,23,13,39,9,3,5,-19750.02,88370.38,5,5,7,3488.48,54446.9,-45777.48,60264.37
93,79,85,60,4,8,9,-16908.67,30302.4,1,8,5,-84251.24,16564.52,-49930.76,1460.97
14,40,15,81,6,5,4,24651.83,-9312.99,7,2,2,-79780.5,31980.69,-86551.15,66373.6
88,87,59,83,7,9,3,-48230.95,53909.78,5,5,6,78083.31,45264.91,-6900.59,-36636.47
86,46,33,40,7,4,4,-40277.55,-49865.25,2,1,4,-70526.72,21877.29,86468.38,27919.98
61,27,25,18,2,3,4,13264.61,-20145.77,6,1,1,-45317.41,55075.2,-48847.99,41477.68
21,89,63,28,4,4,6,41835.44,62977.41,4,9,6,46315.82,18481.9,14042.26,-36278.59
87,58,70,90,1,4,8,-16976.29,-13276.42,1,1,8,-71950.94,-73524.04,71066.86,65615.19
28,81,79,32,2,6,5,14321.63,-96514.05,6,4,8,-78514.2,82330.91,35691.98,-7439.89
82,14,86,99,1,8,3,-28260.27,50449.76,8,8,2,41116.81,92258.98,16228.35,85106.95
22,50,25,29,5,5,9,54621.41,4709.45,8,4,5,5353.36,-78747.79,16123.79,26330.69
25,21,92,82,5,3,8,-37368.95,23392.48,2,3,1,-5884.5,-48262.55,-1267.29,-90164.26
52,91,56,19,7,9,3,72469.25,7525,5,2,5,-49290.26,-18082.76,-24593.18,-25062.36
87,65,98,54,7,8,9,-48408.13,-2206.18,1,6,5,54887.99,-22186.15,43385.57,83507.01
69,48,73,92,3,3,9,-75165.02,-2116.17,5,3,8,15762.08,69046.61,86310.25,11762.66
46,31,97,35,4,9,7,-18706.93,96131.56,5,2,2,-92846.41,86445.31,-46140.21,89482.94
91,31,29,25,5,9,4,-50974.45,23820.27,8,3,3,-28019.08,86563.8,66702.75,93196.46
87,40,56,63,1,7,2,-81590.09,-74396.25,2,1,2,-6467.01,-77270.12,-28517.67,-10421.82
66,75,22,80,5,4,3,-34840.81,-35950.22,3,4,4,85887.99,-88222.61,-32064.81,-89047.1
20,54,66,64,2,2,2,-67482.34,-72238.44,2,2,6,-83831.35,79575.47,80845.19,-28330.68
20,82,59,34,6,3,3,-13656.46,78490.5,4,3,5,-69641.92,50442.19,-47442.37,-99343.11
45,19,77,45,1,2,2,-24486.4,40712.75,6,4,7,-33583.91,-24912.38,-14053.23,15910.38
33,32,77,21,3,3,7,51434.84,5476.94,5,8,3,-30270.77,46565.87,-70879.1,1943.54
35,51,53,58,3,2,2,69487.91,-14663.16,7,9,8,43996.79,-67259.67,-97845.85,-61623.35
48,22,64,74,1,7,6,-18149.76,20926.92,3,6,1,92171.2,-37404.94,301.4,40566.24
97,10,43,18,4,2,7,-45546.68,5202.8,8,2,6,-42066.52,19645.18,-73528.27,37661.04
91,52,88,69,2,6,5,-23563.93,66903.1,1,9,6,8045.34,52801.62,-64770.8,-25959.11
30,94,11,58,9,7,9,15214.4,-6956.37,6,9,4,-30124.31,-21669.43,-24666.65,24969.54
50,61,74,23,3,5,7,23293.14,94640.61,6,7,7,-19943.13,47306.57,-405.86,-72221.75
91,46,69,43,2,9,7,-87131.91,-68586.37,4,3,9,-5586.59,49225.9,-96303.71,39956.87
63,33,89,25,8,7,7,11314.39,-31256.04,7,9,3,-65074.83,10149.42,-13850.15,-18831.61
74,59,92,84,1,7,5,-51367.65,-62478.11,9,5,3,-3158.91,29620.35,-51615.49,-61729.27
74,96,76,22,4,7,9,45199.12,26285.6,3,2,8,93448.36,-66963.16,-14460.7,36776.08
80,86,39,72,7,5,8,52585.62,14401.94,3,7,3,-48326.07,6349.61,77727.11,-43675.21
32,26,50,76,5,9,6,11904.46,55122.92,8,4,8,35231.76,92500.55,10173.22,81184.65
98,91,42,65,2,8,2,-71189.29,-96423.11,3,2,7,-40950.44,-34620.69,-20031.11,-23800.86
21,57,26,52,7,6,5,-88831.12,836.27,8,1,1,-8960.94,3974.84,-74237.98,-82083.68
52,28,34,37,2,2,6,-90244.46,4507.39,7,3,1,7234.37,-32116.97,8882.95,-32032.55
24,66,33,79,7,5,9,-47132.95,50925.36,1,2,7,41633.52,91498.42,-70010.36,-26640.9
59,36,91,64,1,6,9,12826.58,-28269.46,1,5,3,16220.57,-27902.28,-94685.31,-84763.94
88,84,35,35,5,9,9,13119.17,-36491.81,7,4,9,-36843.04,-39897.3,-85123.06,-42803.74
87,10,20,94,6,9,3,40267.88,39338.48,3,1,5,-38476.11,14842.26,-83236.7,51061.16
29,75,42,59,2,9,2,87648.64,-13066.4,9,2,4,-17867.62,-53548.59,21439.66,-39506.94
26,10,22,72,2,3,5,-78191.59,38706.83,5,6,4,-39293.45,67489.29,76746.03,-27593.52
32,27,69,67,5,2,6,-22568.15,-75044.09,4,1,8,-54733.09,-50122.25,47489.4,10710.46
23,24,32,71,3,5,3,-27935.83,56360.26,4,8,7,6795.28,9668.42,4292.55,-45238.42
66,84,87,82,9,6,1,-38932.69,-24506.65,8,5,9,-41417.66,-48978.15,-51271.18,48973.28
20,68,78,89,4,3,1,66078.21,54756.42,7,7,8,-20760.93,-22908.46,-22057.57,-40915.58
17,72,50,89,4,1,9,-82898.72,96729.76,9,6,9,85400.37,-36381.92,-68410.81,-56861.41
47,82,75,50,7,1,9,94200.27,-76615.22,8,7,1,95621.53,45128.89,-33876.05,51268.79
13,81,82,12,7,9,2,-29807.48,91568.53,9,5,8,88602.7,-12159.53,93076.75,-17527.01
98,40,29,15,2,9,2,-65010.91,30917.77,1,2,3,-11672.43,40007.63,22456.82,-85153.34
39,65,40,11,7,2,1,-92689.4,-35248.78,8,5,2,-5150.39,92554.43,-23064.25,-67084.21
78,17,95,38,4,2,3,-64032.9,87138.21,3,2,3,-12185.48,62748.75,97760.8,33686.22
98,76,55,93,2,1,8,18362.94,43262.87,2,7,7,30785.76,66054.94,54051.59,15721.56
61,44,77,42,6,3,1,6996.56,76163.84,3,8,1,-24857.92,-2384.31,97936.76,54358.65
54,28,77,83,4,8,8,53075.13,75481.16,7,7,8,-52843.56,5120.97,66248.11,54049.05
45,43,34,63,7,1,4,-57294.48,-58237.14,1,1,3,26603.6,93697.27,88120.22,18331.85
99,28,60,64,7,8,5,-27349.09,-91447.51,8,2,3,-91604.68,41637.67,33502.52,57681.08
75,44,71,50,8,4,3,64774.48,76408.12,3,1,9,79471.44,-69058.61,10429.6,77010.81
13,91,84,92,1,5,1,-18625.57,43874.3,3,2,8,80777.29,31839.45,-59755.64,-5473.53
92,17,13,92,2,3,3,-66311.05,60327.94,9,5,9,81522.96,77771.17,-55177.88,46410.96
35,58,64,65,9,1,7,71136.23,51847.76,8,3,8,82745.82,-43152.45,-71358.27,-75604.26
15,12,32,18,9,3,4,-81734.61,62582.32,9,7,7,43050.73,-51175.77,88381.64,14245.8
13,63,76,20,4,7,7,51298.96,-46912.13,8,7,1,-71319.77,-71747.8,10352.16,-75332.82
36,94,44,35,1,4,1,81388.19,-5051.17,7,4,3,-43376.34,-85300.04,-79784.47,-45534.58
81,76,15,43,9,7,9,89930.98,66087.88,1,7,5,73859.55,81725.39,97475.64,41341.61
53,22,74,87,2,1,6,-11360.19,28969.87,3,4,7,-17553.94,91492.44,59025.98,61471.02
63,28,10,24,3,9,7,79966.93,47509.35,5,1,8,-8794.61,21697.64,49981.39,-23227.99
94,27,62,43,1,6,6,13269.02,-74280.41,7,7,7,-45203.6,70093.01,-59179.02,42485.03
52,92,21,48,4,7,3,32554.93,-18041.44,8,7,1,31248.89,89982.29,-78158.08,79986
50,21,76,80,7,6,4,45721.31,86780.42,7,1,8,59729.77,32357.86,-91847.07,59080.53
28,32,76,85,8,3,2,77416.2,47272.71,1,8,5,82537.11,-9630.02,-53556.11,-44550.3
80,23,68,94,8,4,3,35162.39,44497.95,8,9,2,-41275.6,78211.92,57170.75,96953.53
75,89,15,60,1,2,9,-24350.43,-35837.39,5,3,5,82928.33,76780.29,-26789.54,81294.31
50,96,39,29,8,3,2,-71507.55,14323.89,2,1,7,-84280.19,-1188.46,-35811.67,21186.52
15,82,44,47,8,9,3,-78010.29,12625.46,5,2,4,59843.57,-93268.39,89265.52,58235.48
23,25,46,33,1,2,6,64023.16,13203.39,7,2,2,-63927.44,-35661.34,17301.11,-746.4
88,32,79,22,2,3,7,-30394.22,51866.91,4,6,3,-60505.25,54639.91,-95308.35,-36554.51
40,17,40,84,5,6,7,33120.49,34152.06,2,1,4,26695.92,46024.48,79609.65,-68540.68
85,43,26,22,5,7,6,25842.27,-49155,3,3,2,54273.62,55837.37,95840.49,-92713.52
21,33,52,81,8,7,3,61836.04,54670.09,4,2,6,89492.6,-75970.4,8928.55,-47695.33
45,41,97,36,4,6,1,-6049.46,-88998.99,2,6,9,84758.44,-45163.26,-80630.2,-22837.19
45,47,45,78,5,3,1,-13112.42,7077.68,6,8,5,41477.8,80299.47,-84737.74,32052.3
78,99,99,82,1,1,3,-60758.03,-93898.98,9,3,3,-18579.83,-30261.9,-66888.79,7139.7
69,27,44,87,6,1,5,8782.55,12812.97,5,5,3,87604.11,-69164.04,46602.85,57194.3
44,69,98,80,5,3,2,-67795.15,-96596.95,3,8,5,74632.01,28637.89,82459.62,64292.43
11,67,17,94,8,5,6,-83567.55,49641.19,3,2,9,47225.12,85340.9,-49388.28,78292.72
29,46,82,44,8,2,4,58920.83,59023.86,5,1,8,65873.13,23392.24,-91654.06,1528.86
91,59,80,20,2,6,3,23781.07,40478.83,9,5,3,-32906.71,-5913.8,92374.97,92488.48
35,71,38,49,9,4,3,24568.63,-27470.99,8,8,6,77490.32,40970.87,-87313.52,54147.56
35,84,85,12,5,3,7,90456.12,66028.04,3,4,6,98830.63,83083.64,-82887.03,11212.62
42,56,18,75,1,3,6,-7424.59,-1613.99,6,1,7,-89028.57,-60103.53,-24975.43,-51433.01
35,21,95,90,2,7,6,79927.3,-37857.8,6,3,9,-6236.08,-74342.53,24512.36,64150.13
19,99,78,39,6,6,5,-18245.44,94585.78,7,3,4,54461.68,-70711.27,21091.92,98950.55
94,82,77,94,2,6,6,-47770.84,-22256.95,9,4,9,-23978.05,38725.61,89148.91,-89860.14
28,15,34,44,6,5,6,-41215.53,54265.49,4,4,3,48856.74,-22363.04,11789.66,22433.78
34,16,50,58,1,6,5,4815.45,59896.91,9,8,1,4018.74,10500.67,-91741.52,-16734.81
69,48,98,31,3,6,4,19861.86,59155.28,3,6,4,-36000.13,-32077.92,-90665.11,-86957.33
32,80,46,43,8,5,8,32646.58,60740.14,1,5,2,-64625.86,60452.5,-64269.86,96783.31
44,87,64,85,9,4,5,31897.16,-79964.81,4,8,6,15724.06,83765.89,-9425.33,2506.01
29,72,70,55,3,8,4,-54664.64,-38599.16,2,4,1,44944.62,-54654.37,-85724.94,18373.1
25,72,56,81,8,5,9,66916.11,45191.03,6,6,4,-46290,80108.22,-49273.85,92173.71
25,50,37,71,7,4,9,-63494.61,-4763.87,1,7,6,-18419.79,59764.49,-68520.94,93856.45
42,33,96,75,3,9,2,69108.96,18462.5,4,5,8,69100.17,56751.45,54680.34,-23975.04
82,64,47,14,5,9,6,-69911.49,-49635.19,6,8,6,78352.18,-7247.14,-45215.32,65678.77
30,10,72,91,9,2,3,7744.2,-89639.46,8,4,3,-45234.18,-2848.44,-40879.92,1942.36
63,26,18,95,5,6,3,-2263.53,-47299.97,6,3,1,82945.23,6803.41,-40206.67,-28335.65
44,26,64,66,9,3,6,-86490.07,56352.57,3,7,5,-31999.77,-28670.89,74358.42,-84296.43
57,86,78,24,7,3,2,-61221.47,19102.83,1,4,4,10820.03,97886.77,70139.33,69916.69
78,77,13,52,7,6,3,16338.28,-5875.22,5,4,7,-72032.7,-33350.54,27791.49,41707.9
93,91,59,27,7,2,3,4480.35,-74214.89,4,3,6,-85109.92,88123.04,42007.73,97823.32
91,83,62,16,4,3,1,88417.85,-50381.77,7,3,5,-41786.34,-78265.74,87391.31,52612.56
65,45,79,62,7,3,2,65860.13,44037.96,6,5,9,-77525.52,8302.07,84457.86,70161.22
15,36,40,25,1,1,2,72991.21,52096.28,5,9,7,8048.7,-47632.61,-41621.28,-21272.45
40,98,75,39,3,2,1,-59303.83,78441.23,9,5,2,-46248.59,51656.79,-40886.79,15077.3
66,70,15,50,9,2,8,35349.01,91649.57,7,6,6,-62015.23,-5625.75,-99421.57,65802.03
25,53,38,18,7,1,7,-17150.7,7511.33,2,5,5,-88881.76,49430.02,2110.95,32004.65
53,36,85,14,2,8,8,93287.25,-27696.65,6,6,5,43641.8,-21557.8,31504.02,-89303.84
16,51,15,45,5,7,9,-5368.1,-55661.98,5,8,1,-73505.83,76939.72,15132.14,58105.33
72,42,44,34,4,8,4,79207.72,11751.39,5,6,9,-34214.93,25027.24,-79616.73,33769.8
25,80,59,79,1,9,2,25007.18,-91680.4,1,4,2,-7470.08,-70434.46,65804.86,-13717.11
60,84,24,68,4,4,4,-99235.26,-93006.9,9,3,6,-22827.61,62488.44,-23031.66,-5885.69
27,28,19,49,8,2,9,79094.88,87217.63,2,6,9,37182.88,85404.94,2424.26,13050.28
93,25,18,95,2,4,9,13524.8,-95771.93,6,3,6,90489.73,50611.9,-16524.39,-93864.26
34,33,20,12,1,9,9,80689.91,83256.82,9,5,9,13475.88,29654.34,82851.01,-29208.02
73,43,87,37,9,9,1,-87650.82,-12741.67,6,8,8,-80977.99,80152.68,-15946.85,56134.5
70,51,23,52,7,9,8,-99010.99,51645.59,9,6,2,61806.26,-94981.65,-40865.64,91494.36
35,74,48,14,6,1,4,-81501.04,58553.93,8,5,6,75902.59,-80984.94,88710.08,-79206.47
18,20,44,11,9,8,2,-80053.78,-8178.06,2,2,8,-58452.23,81872.51,-7258.62,-67906.72
66,35,77,97,2,4,5,77234.09,57592.75,6,1,5,-92246.85,-64252.5,69325.62,-77882.61
17,95,48,91,5,2,1,50552.53,63036.22,8,8,5,-92829.47,17081.77,-60678,-19730.68
28,16,27,65,4,5,1,20885.78,91965.29,5,2,5,-55848.19,-25315.83,-5178.17,-49146.84
90,40,53,87,2,1,4,4076.61,43672.41,5,8,6,-94722.26,-53331.21,-96152.52,-26465.17
67,86,29,31,1,1,5,90858.33,-57481.01,5,5,2,64796.23,-80092.85,-75057.6,29661.03
90,86,38,60,3,4,8,-72002.08,-92038.69,6,2,8,80010.43,-15137.35,11786.26,80814.45
48,49,10,71,7,5,8,-50530.39,-55961.95,2,8,2,3350.2,52659.22,86975.05,-63613.36
66,12,31,21,6,8,3,-48237.42,96230.87,8,7,5,61080.53,-52972.13,44281.59,51648.68
11,10,65,57,2,8,4,-26532.82,19443.28,2,5,6,19832.08,-59936.27,28938.68,-64149.09
80,71,64,41,7,3,2,9576.82,80471.34,5,7,7,6515.82,52197.29,-84038.7,-31968.21
57,83,42,35,5,4,1,-71764.67,-81346.99,6,9,9,57368.94,60218.35,-45993.71,-67938.38
73,46,95,75,7,2,6,35867.64,-463.28,7,1,3,55195.72,1658.98,98705.42,-69227.98
55,31,82,74,9,1,1,68738.56,65915.16,9,4,9,-33783.47,-77887.94,-69260.68,9761.7
57,64,76,34,3,6,9,17120.95,55531.4,3,9,6,52110.33,12674.2,68256.13,77640.76
53,39,32,18,6,1,9,-45380.59,-8292.43,9,3,6,-64987.92,19401.78,58656.49,44961.43
54,79,80,85,8,9,1,65921.24,-52720.11,6,6,1,-82592.86,-76217.85,-39420.06,-90544.25
92,54,58,34,9,9,6,28617.83,78784.2,6,1,7,69643.57,-77026.21,8608.33,-3778.19
79,97,20,20,9,1,7,62880.79,79831.4,1,7,7,-35439.95,80595.61,8366.36,90036.41
95,72,11,16,1,6,4,72486.12,27582.63,7,1,6,65865.04,-99094.39,23385.95,78523.99
37,30,62,58,7,7,5,24909.46,-33094.74,7,7,9,-7903.56,76942.97,-67302.7,-59565.06
12,27,60,53,8,4,6,-73102.59,39372.17,6,7,3,13480.33,-2582.77,70943.5,-41536.24
88,16,48,45,1,5,5,-87592.93,47625.47,9,2,3,37170.92,-31144.79,23986.73,5041.61
48,15,96,79,5,6,7,-53572.78,-62119.45,3,9,9,-3856.39,-54616.92,37944.8,7321.06
85,55,83,72,3,5,1,-397.65,-31033.88,3,4,2,59906.5,48301.98,17143.69,24323.08
42,38,15,71,4,7,6,57837.68,3263.7,9,3,5,38222.81,-43547.37,28004.55,34229.52
95,64,79,15,6,1,7,44653.39,7240.65,2,1,3,-88848.1,66237.82,-44839.79,36598.1
70,25,25,58,7,6,6,-91480.48,68583.57,5,1,1,-33692.28,39609.31,37317.55,-64711.4
76,60,14,12,1,7,8,45671.93,-55348.68,3,4,3,-26277.25,74249.07,46584.33,19002.42
80,83,16,71,6,6,2,-30530.35,25242.68,1,9,6,-94791.79,73272.92,38698.25,-4968.84
55,88,67,91,2,8,7,76987.36,-32966.62,3,6,7,-39991.32,85818.73,-63943.78,-6871.88
58,10,96,81,1,2,3,-5925.37,-10281.71,6,8,2,-43663.31,-72864.22,71969.88,-32552.63
42,72,99,27,2,7,1,-52690.59,-34119.64,7,7,8,21429.78,-21742.27,71616.17,-48012.2
31,89,67,89,7,3,4,89049.41,66115.94,2,8,8,-81487.01,60642.49,-99920.23,-4087.73
13,39,94,86,6,1,5,36324.17,56300.69,8,1,7,68435.28,40529.49,-4295.4,66639.06
49,64,41,41,9,4,1,95727.58,-1232.67,8,5,1,45414.24,-77690.54,-28775.39,37068.37
62,82,55,63,7,5,2,-96584.68,51260.7,7,2,6,57008.75,-99968.72,-43928.17,-45802.73
16,63,10,37,9,1,8,16327.85,-58712.38,1,4,6,99024.02,63907.36,-6221.13,29395.82
83,40,43,27,6,2,3,-49493.27,-40298.96,6,2,5,-53460.83,-84885.38,33268.67,-34102
46,26,54,50,1,8,9,-41325.6,52161.62,6,9,9,-6021.37,1096.03,82205.52,-2658.22
69,80,49,64,8,3,8,-20295.98,-41338.48,5,7,4,58223.93,58392.73,-36127.19,-27646.79
77,73,77,23,7,9,9,42074.56,-48592.44,9,5,3,-42254.42,45174.61,-26527.2,-46280.03
43,78,92,47,9,8,5,-55713.46,24086.86,4,1,2,-26821.19,80948.34,6748.9,-82433
23,19,33,78,3,9,3,76274.54,18264.51,3,8,2,8392.1,98906.62,-33236.61,1321.06
16,97,10,65,3,5,6,-84716.13,-25845.15,2,3,4,67351.41,20594.29,-96928.12,29504.49
97,65,69,43,4,3,1,-78266.01,-19506.8,2,2,1,-95510.84,-51187.32,48802.21,-95962.42
77,12,58,46,4,6,1,-20103.72,-84650.14,4,9,7,75247.44,-20569.91,-9916.43,67394.81
94,50,85,45,7,1,4,50501.14,-74330.32,1,6,8,86931.44,8850.5,25823.07,-90843.59
79,47,89,94,4,1,7,58936.61,-4761.17,7,8,7,-42366.83,15723.3,83300.23,-84069.88
83,71,26,53,9,4,8,59405.43,-3614.42,8,9,4,-92235.05,99251.14,-76511.13,47743.89
21,38,41,78,1,7,4,-84123.3,-20132.57,7,3,4,56371.87,56849.78,-53609.57,-71566.22
45,68,50,90,3,8,9,3591.76,-23012.78,4,3,1,-19390.01,24101.94,-61088.36,10421.7
39,84,55,78,7,4,1,-5182.56,91368.19,4,7,6,66438.61,-73721.36,50890.47,31162.03
11,87,13,41,1,9,6,54106.68,35003.14,1,6,2,-79861.91,-48857.12,15262.18,78122.01
39,42,77,37,2,1,7,-38834.46,29492.96,6,1,6,-22910.93,25300.62,40684.24,54986.12
84,26,25,30,8,6,6,-18571.8,-18956.79,2,8,5,-48483.29,-58359.24,28548.37,-47348.43
55,62,23,46,3,7,7,12874.17,-44116.81,6,3,8,-89053.07,-66189.28,36143.34,-52344.76
41,29,47,61,4,6,1,82987.24,76081.14,5,5,7,75259.53,-86746.27,39251.35,38278.62
16,99,83,45,8,7,7,-50854.36,93932.74,8,1,1,6422.33,21773.53,11196.59,6854.91
48,31,85,48,2,1,8,39154.71,85786.48,7,1,3,20286.2,29458.56,7418.82,-33262.9
95,88,76,44,8,7,8,-58617.17,25445.12,1,3,8,-13801.79,-65750.33,-30146.36,-40555.8
87,28,23,15,6,8,2,24798.43,32046.09,3,5,7,-81580.05,19078.85,75156.02,64394.66
36,18,71,95,1,8,4,70004.15,78801.38,8,5,3,-96866.64,-74152.69,68300.35,-69611.5
90,46,27,38,3,2,8,-52170.32,-97535.57,7,2,6,74767.27,-30409.31,-73928.79,-4587.13
61,17,28,44,8,4,6,-59342.14,-8397.91,3,9,6,-33684.46,-59690.57,-98925.67,-48283.96
97,88,29,82,2,8,6,77830.94,-31451.34,6,6,6,93522.44,97087.91,42548.15,-20753.36
96,18,57,58,8,6,9,-34111.32,-13056.28,6,7,2,-72516.11,36257.02,-59419.33,36467.69
77,28,73,25,9,6,4,57587.45,-3133.83,6,8,3,-64240.37,40622.29,50254.96,14581.57
76,57,28,55,7,9,8,-13920.19,-61119.04,2,7,4,-99002.81,-36745.96,-43522.45,-5302.91
48,65,92,53,7,4,5,95283.05,56969.98,3,9,7,9761.27,64245.53,72722.33,-12558.03
77,81,14,54,5,8,6,-85415.05,77394.85,4,2,7,64321.64,-73569.25,-19598.15,95540.5
61,99,91,98,2,5,8,-69836.95,97215.44,7,8,1,96756.48,-1134.69,78842.13,53377.2
71,55,23,28,3,6,8,95180.04,38862.75,7,1,1,128.42,99734.07,-34117.86,-8309.84
73,37,17,74,7,8,6,85540.39,43559.51,1,3,8,-48897.35,11471.79,33315.73,-67664.98
29,98,12,61,6,8,3,-26647.09,-26506.61,1,9,4,18075.52,-68431.75,-72294.44,-75594.76
32,68,30,73,3,6,9,-49045.53,7480.09,8,6,7,7298.57,66407.39,-77190.41,64766.82
56,78,59,11,6,3,7,67803.07,38765.68,4,1,1,-5625.55,62077.79,85137.21,-92692.44
34,19,78,39,7,9,2,-46515.36,18687.41,7,7,3,70298.77,97836.99,10450.59,-84559.71
51,93,44,99,7,7,3,48853.22,47869.29,1,9,5,87983.54,-43370.21,94006.21,-61224.7
43,33,22,91,4,2,5,76962.37,74354.93,3,9,4,-51108.02,-14383.13,13216.96,72631.93
98,46,45,67,2,3,4,-65070.38,2672.33,5,9,4,-78251.22,-49334.61,-68764.13,-3001.27
42,31,26,51,9,5,7,92095.92,-18817.33,4,3,2,11321.79,-36101.26,26830.33,-17582.07
39,48,19,59,6,4,1,-9872.89,33027.75,4,7,7,63298,-1545.32,-77191.36,-91970.3
56,17,22,39,8,7,7,-98014.67,45792.58,2,3,9,86300.02,-5957.72,-12490.37,50368.43
55,13,84,25,5,1,2,89796.54,-2669.94,7,7,4,52768.28,9697.87,-79171.25,3690.35
18,37,72,61,4,7,5,57352.1,79801.05,9,5,9,86776.24,-50067.84,76202.53,-50711.88
83,61,70,45,7,2,7,-6288.48,90474.28,4,6,4,51286.22,-71331.66,24096.17,80265.68
80,57,40,38,5,5,6,75444.67,-59892.77,9,5,8,42540.21,71908.48,76690.06,-73723.39
44,20,68,26,1,7,3,-49157.88,30092.89,4,3,2,43364.4,8083.29,86878.94,-36526.24
58,64,50,55,9,6,8,31234.91,82462.56,8,5,5,37808.22,54390.19,-58068.88,8525.55
85,63,63,62,6,3,4,-64556.66,-20030.63,2,8,6,-51561.64,53796.39,80440.32,57742.4
74,10,88,70,7,8,2,-85622.24,-71580.57,5,5,1,72899.23,41411.32,32696.96,53265.29
26,86,65,62,7,4,8,-18385.45,24656.5,6,3,9,97299.26,-21570.22,52769.76,35984.04
62,48,29,33,6,2,5,-95625.82,-22394.68,1,8,2,20426.91,83493.46,-35606.42,4968.96
61,16,11,59,1,8,6,-38674.65,4499.27,9,6,2,38640.43,329.19,25322.99,-84235.11
69,78,14,37,8,5,6,-23207.23,28271.73,2,1,8,64706.44,-99298.64,45281.86,47242.95
88,87,42,39,2,6,8,39706.15,-30542.44,2,9,5,-67715.33,27081.1,-89234.31,-67266.94
70,14,29,37,8,6,8,-9614.8,63673.87,8,9,7,82645.86,-62693.26,-90025.12,20889.47
35,28,64,50,8,8,9,-48872.5,4013.1,5,5,2,49919.38,55382.5,30311.51,48191.22
37,24,58,68,6,8,6,-58505.4,-60133.21,7,4,4,-56318.35,38439.92,-73853.49,20715.22
18,47,42,23,3,9,1,84032.21,52935.92,2,1,8,89620.72,-41622.08,55861.88,83710.09
37,54,35,17,6,6,8,88048.74,30593.76,4,3,2,-72281.87,-83621.67,-56672.51,-52173.98
59,67,51,70,3,1,9,-53831.68,-59.3,8,3,5,-35164.31,72589.78,-82504.2,-94333.8
75,22,65,94,6,8,4,25327.94,-57531.26,2,2,3,8936.07,-64282.91,-71070.33,55642.24
98,36,80,76,4,9,9,36448.67,-5105.48,5,7,2,59431.43,65126.86,-37769.86,62337.09
26,88,60,83,7,4,5,69464.44,63554.45,3,4,2,-12379.43,57350.6,53825.34,-18105.59
11,38,88,75,9,9,5,-99936.57,35042.89,2,6,3,-22140.58,80779.33,-97865.61,12741.47
84,25,82,36,8,5,7,83720.15,17893.63,2,8,8,73644.72,48276.2,6916.72,-76991.7
82,55,22,81,9,5,3,-50921.2,-49683.76,3,8,9,-94724.19,-47093.05,-45985.86,-32504.39
18,30,71,64,4,7,4,-41168.8,-71629.39,8,7,8,83581.49,-33249.64,97686.23,31394.42
66,75,71,94,2,3,3,-97573.29,15268.86,9,2,6,-17320.1,-45937.9,97454.8,84937.83
32,18,24,62,1,4,1,81096.68,-44800.39,8,6,4,-71266.66,41957.48,-68700.06,-58025.17
11,35,51,92,4,3,6,25765.22,-95507.21,6,1,4,-22010.79,-85230.76,-86964.31,-87512.37
21,24,69,41,4,1,7,-78930.58,-66888.27,4,8,4,-45097.3,-72689.41,-14980.56,-55728.45
65,80,15,49,1,6,7,-43623.38,-28160.5,4,7,6,6811.99,86882.11,34662.91,-25058.36
40,86,33,63,8,7,9,88321.02,2699.27,4,8,8,12395.6,96596.46,-46219.92,97994.45
99,88,53,42,6,7,8,89591.26,-89720.67,6,8,9,-81335.96,-17383.66,93775.02,36972.46
36,55,20,42,7,9,9,49143.44,-36082.12,8,7,6,53218.43,-52385.54,-56615.05,-31866.43
42,79,64,40,1,8,4,-49431.21,95144.71,9,9,4,53813.1,-48882.17,-92295.29,-92550.55
63,42,71,90,1,9,1,76202.17,-49210.13,6,6,8,-71083.3,-86612.91,65290.31,36999.3
83,34,76,89,4,4,3,-94599.19,16964.76,4,7,4,-68133.58,95292.21,34400.1,5837.58
99,28,36,43,1,1,1,71623.15,75355.31,8,5,5,-48133,89209.91,51793.37,17471.78
78,46,60,20,8,3,5,20794.88,67229.56,4,7,6,-9666.83,28695.17,-12464.29,97433.21
69,64,26,55,2,1,7,-10364.41,34610.16,5,4,3,13018.77,-519.43,-91787.51,79896.67
61,75,17,87,6,5,6,17132.21,-43157.72,6,9,9,-357.48,44690.67,-24519.69,72097.99
60,75,57,16,3,7,3,59330.5,-12872.18,3,7,2,98765.88,-77087.16,26488.68,-39985.44
20,64,35,44,2,6,2,-59181.59,93235.88,9,5,6,-5553.19,7614.38,-77875.5,-8844.33
96,83,43,46,3,3,9,52525.3,-54866.92,2,5,9,68903.88,86775.1,31290.23,63022.81
66,13,19,55,6,2,9,24837.17,58222.5,6,5,8,-50431.69,-51756.2,34090.27,-19829.91
42,79,66,65,2,9,7,60129.62,66963.08,9,1,1,18306.48,14397.08,-52735.69,4512.83
52,26,38,73,6,9,6,72666.07,-53330.02,8,5,8,83109.98,20142.6,-30690.05,49249
23,14,55,34,6,7,8,41735.97,-20402.23,1,4,6,-53590.09,-70566.3,-94372.14,-70073.48
55,83,55,61,6,6,6,19918.56,43339.89,8,1,2,94481.95,-15711.34,-87170.35,-87100.69
79,88,56,89,7,8,7,-7557.98,58182.06,6,4,8,-69464.37,51942.2,20501.59,85532.91
75,75,40,45,4,6,2,72528.27,71618.04,2,4,7,-34354.38,39657.89,52850.25,82792.19
59,79,14,18,1,7,4,60255.07,-82310.14,8,1,7,-91798.6,79365.24,60145.29,-39046.02
50,83,61,12,5,2,1,-75741.08,50658.43,7,3,5,39516.39,-34031.17,-41231.68,-7617.09
49,42,15,28,6,4,8,-59316.4,-34097.25,7,5,9,29574.77,90089.37,-11897.37,60672.81
83,92,61,90,8,1,6,-73964.86,54870.16,5,7,8,27406.85,-10450.39,-17848.68,89130.51
68,25,80,25,5,8,1,30599.83,-18960.32,9,5,1,85970.05,23598.97,-72078.22,-21691.65
48,30,50,64,4,6,1,96492.96,60929.37,8,9,6,44497.67,-38968.31,-62157.96,-66761.72
82,80,46,65,6,1,3,-57002.34,4649.06,1,9,8,18135.46,8593.16,34468.89,8811.15
43,95,22,32,6,1,1,-10065.05,-570.16,6,8,9,37879.54,-16592.11,9541.03,-37601.34
59,69,18,44,3,3,4,-49845.75,-66154.73,8,3,5,-37480.33,69574.75,68627.72,-15467.75
77,37,27,36,3,1,8,30851.66,92498.06,9,2,2,61206.69,95903.85,-75443.21,-76395.98
36,36,70,67,4,4,9,16815.28,-48707.66,5,5,9,95423.98,15633.67,79096.4,20176.5
45,80,10,67,1,8,4,29927,21676.31,2,9,5,-87381.46,-40397.73,83420.56,27366.83
37,78,58,24,9,9,6,-32422.85,-92451.69,9,2,5,-65369.06,31188.33,-62080.16,47080.94
65,58,29,59,7,4,2,95573.51,-22427.68,5,7,3,42266.55,-84322.21,41270.89,-24526.35
56,97,59,23,7,6,7,61923.85,37287.73,5,4,3,-49184.11,3067.18,-15554.28,77021.91
18,83,27,16,4,2,2,-17212.07,-4485.67,3,5,4,7930.67,-13658.01,78410.92,51813.36
18,43,92,23,3,7,2,-57402.4,-64276.02,3,8,2,90835.96,96460.43,-52943.72,54796.84
67,13,76,14,7,2,5,-28453.5,-4814.7,4,6,9,-36926.96,97132.1,78257.94,2887.75
13,40,41,93,6,2,7,15371.28,-51911.76,2,5,1,72105.98,-1070.77,33424.73,-55409.87
28,63,27,48,8,5,6,26701.23,-53146.21,9,9,7,68049.93,94601.05,51352.39,-35104.49
57,24,16,95,8,7,1,89376.72,60824.59,1,3,5,-89763.72,805.56,51235.15,62075.97
81,69,87,79,2,6,6,58433.35,60523.04,7,7,8,-29922.7,-12129.76,73228.17,-32503.31
51,37,78,59,3,1,5,45753.98,65805.8,5,1,4,-34511.01,18028.45,-9306.21,-65351.95
70,80,56,18,6,6,3,81303.46,-23779.66,8,5,9,65788.82,56480.55,-21133.37,41991.97
80,77,23,37,2,5,4,-60925.73,-55029.86,4,4,1,65809.85,-47067.29,-70116.35,-29272.46
65,87,28,24,7,3,2,68386.54,-83666.07,9,5,3,-20442.66,94240.66,-49549.77,4654.92
93,69,84,81,8,4,3,-50157.19,92193.63,1,8,6,78996.29,29438.21,38025,49689.88
72,20,87,37,7,2,4,-1237.14,7116.84,3,2,5,-81535.63,97382.37,50836.54,-90188.09
48,16,54,60,4,3,5,1928.14,-1079.73,6,4,9,-92022.18,-51639.72,15680.73,-74783.73
52,81,79,99,8,4,6,79285.79,-36985.66,5,2,9,59834,-21267.92,724.77,83800.16
41,70,62,90,8,5,8,11964.07,9515.15,9,4,1,76805,68995.31,29781.89,48745.03
41,58,28,61,9,6,2,-39196.51,22786.09,9,6,6,54180.74,93669.68,39111.97,39504.66
81,73,76,22,2,8,8,94107.83,19885.05,1,5,9,-77618.17,24137.03,-70636.81,-33417.5
54,54,43,44,7,2,9,41264.12,90650.32,6,3,5,4473.42,-19304.62,68897.13,87193.07
15,36,34,62,7,8,4,2251.59,-31018.4,9,2,3,-56311.91,-36307.25,-8005.3,-39224.77
55,29,21,65,4,9,7,85582.06,-22793.26,5,5,9,11243.03,-33128.23,-31195.21,-65743.76
81,29,86,46,4,4,4,-58633.64,-80502.35,3,9,4,-85740.38,-84877.34,63887.72,-73166.73
47,22,40,57,4,7,5,52265.5,-21437.27,9,7,1,81971.06,38911.68,-48246.83,63569.34
51,58,44,95,8,4,6,85127.93,-51620.93,4,7,1,-42695.09,-19025.96,-24339.31,51511.05
94,17,19,98,7,5,9,-42820.53,97777.63,1,7,2,-24146.59,61750.56,99478.8,-68420.38
18,45,49,26,3,6,9,-48033.41,57790.44,1,8,3,74565.91,16870.68,64881.21,-51895.9
38,40,36,79,4,9,8,42106.23,-19523.66,2,4,1,92062.88,91174.72,70549.88,38704.61
71,30,10,88,3,9,7,-57714.38,-24618.63,3,5,9,18548.45,55192.21,-60092.49,-48213.28
73,94,82,64,3,8,7,-13885.52,-76835.37,1,1,4,88528.73,30349.54,7068.6,17811.05
67,11,80,28,2,7,8,5620.32,71773.62,9,4,7,-6087.01,-76685.4,-15543.58,82135.16
95,61,10,60,6,7,4,6780.02,88789.3,4,5,4,-57325.82,-32900.2,23700.89,-90514.96
85,21,68,79,5,8,9,91301.38,-505.99,7,4,4,49991.5,30732.04,-34913.08,52653.37
79,36,51,11,2,4,3,41465.34,90578.62,4,4,3,-59920.11,-11233.75,33232.08,-22531.51
18,15,44,29,7,9,2,96043.55,44533.57,4,2,6,-50060.38,95556.93,92669.26,53274.71
80,62,48,21,9,3,8,97348.92,-95891.67,3,7,3,-58873.27,89021.87,-45492.49,-2413.01
52,91,30,92,9,2,3,-86868.68,-44585.72,6,7,7,93445.31,76366.27,-84853.13,-74831.97
88,12,18,16,7,8,2,72018.81,73209,3,4,8,73929.49,-19899.72,83431.32,43680.85
18,37,79,70,8,3,2,12230.21,-94265.75,7,4,5,-84045.07,72659.84,187.37,-90045.49
27,22,74,25,1,2,1,-34844.31,-19743.28,8,4,5,-93137.91,5275.55,52774.7,32711.61
58,18,89,32,9,2,5,97564.55,21200.54,5,5,9,39057.19,36836.58,14512.08,-74793.33
56,42,30,19,8,1,6,-51577.48,49312.39,5,5,4,8856.46,-77546.07,79124.42,-86029.36
83,19,25,89,6,5,9,88684.18,59218.45,9,8,4,-87198.02,-60259.01,14340.05,-92571.33
90,54,90,39,1,6,5,84526.8,-24089.57,4,3,3,40403.72,74063.83,-21798.09,-99454.75
42,31,32,85,8,9,4,-30712.26,-55523.18,4,6,5,66868.13,-41137.39,-82356.1,86375.54
80,98,42,11,9,5,3,-88345.61,20911.49,3,3,1,-61857.88,8458.64,-55161.37,-20849.55
23,57,29,33,5,4,2,72377.1,-75354.32,5,4,6,77126.11,42041.04,25488.75,94006.85
83,35,52,53,3,3,2,-65507.23,-49535.03,1,4,4,37514.93,-6823.14,-86427.5,49267.12
18,83,87,87,3,2,1,68381.8,-38826.7,6,3,6,52.78,-60990.87,-93250.48,79500.02
75,35,80,33,3,2,2,55420.96,19204.97,4,7,6,-34586.65,76558.43,-45343.62,-3263.32
79,95,68,93,6,1,2,-53790.99,-79366.95,6,2,7,-1484.86,-76651.87,17979.6,-48658.29
65,53,74,82,3,2,3,-99268.51,-98413.46,6,4,2,12419.26,87080.29,14800.75,89626.42
20,76,73,38,1,2,7,-30814.64,36447.18,7,1,5,38119.37,-53107.18,-37645.53,14827.56
82,17,43,34,9,3,7,22515.76,-32548.67,2,7,1,58818.58,9422.41,-78624.32,-21359.97
48,87,93,93,6,7,1,-8923.2,12509.7,5,7,8,-35869.93,-47275.69,14079.66,60392.82
44,98,69,74,5,7,7,50520.98,41998.15,1,3,1,90069.85,-52373.32,77117.39,-1513.15
79,73,41,84,7,1,9,-81208.55,28761.11,8,3,5,95853.57,25827.6,65443.4,-11077.75
92,13,65,76,2,7,3,-43610.4,-3215.49,1,6,6,50122.81,78553.58,-32979.8,2893.27
66,81,52,94,8,9,5,69410.01,20550.62,5,7,5,38729.11,58928.57,81447.79,-70516.63
76,36,64,83,6,3,3,90774.73,97408.45,6,4,9,-53112.26,-84597.39,-28181.5,36675.76
88,44,32,32,4,5,8,44670.95,94760.87,5,5,3,-60819.7,-29483.02,-92685.02,-21300.91
89,23,20,56,3,3,5,-31639.71,-60317.22,9,5,7,-9951.72,-22202.89,811.23,30601.74
44,11,13,51,7,8,8,-29065.33,-10599.26,3,7,4,-93741.27,44248.1,76635.72,66502.77
19,84,70,42,6,5,9,52051.44,86497.01,7,3,8,-57816.26,7525.88,59216.13,-29989.4
38,69,86,50,4,8,3,7079.91,-36961.65,4,9,5,76235.38,29900.78,-18792.35,79595.93
14,55,43,66,2,9,7,-5489.48,63356.59,8,3,9,23965.16,49662.7,-40841.09,-70971.23
33,66,30,15,6,3,6,25843.8,-10495.05,5,1,4,44298.52,-87168.72,-20708.33,7530.65
89,55,37,56,8,7,8,22931,-51805.04,9,3,8,34181.69,-74822.83,-47201.52,-72903.39
69,76,41,14,4,6,4,-21616.47,16163.75,4,7,7,-72197.57,91471.47,48971.54,-77363.82
21,72,41,99,5,8,6,14831.5,-32990.49,8,8,2,6771.68,74041.06,-6774.31,8224.1
41,53,79,72,5,4,2,-19016.16,40995.96,7,9,9,-35968.8,-19674.54,-89488.04,-47657.54
25,28,53,61,9,6,4,-72579.51,78486.09,2,2,1,-1955.06,96650.42,16616.52,-91832.08
47,37,71,82,2,2,1,-7783.37,29700.61,9,4,8,29161.74,67015.87,-1899.3,-90653.1
46,47,59,14,1,4,4,-52087.59,-11379.82,1,2,7,-2818.52,-89416.05,90937.02,-2327.71
73,11,39,47,4,1,2,-49366.93,29895.59,8,8,5,-46131.1,57686.99,1153.98,-46544.44
68,19,10,71,2,4,4,-30158.47,-94765.29,7,5,4,-19367.61,-50001.61,66315.91,-18653.35
62,96,34,55,1,2,5,74195.83,22226.19,5,3,7,-17501.4,-34397.87,-44642.66,-85743.31
92,23,37,21,4,4,8,-41535.73,-9632.25,4,6,6,-23340.22,-80287.39,41901.56,75453.79
10,72,45,21,4,5,5,-76489.52,75906.22,7,6,8,-66132.09,43267.17,23031.06,88042.66
55,41,61,28,3,8,2,-9032.18,395.06,6,4,9,72913.76,-72976.03,-26367.53,-70783.18
29,43,79,61,4,5,3,41362.67,-80763.57,8,6,7,11912.56,33605.5,42389.9,38928.29
73,86,12,55,2,2,9,36245.49,95033.54,9,9,9,-79491.83,-15683.81,-88912.84,21669.34
36,74,45,41,3,3,6,72474.07,73826.89,7,8,8,82618.4,17334.34,-12109.4,-59861.94
82,77,24,58,9,9,8,-71387.91,44864.62,9,4,2,-43254.33,-90165.23,98435.54,-91045.27
55,12,56,42,8,6,5,3624.17,40326.89,8,7,5,-37392.33,-54150.12,-78325.48,-80549.68
48,36,12,92,1,8,4,-32674.12,69264.5,2,2,7,17104.14,-93605.29,30344.26,-7939.92
58,83,92,97,8,5,3,37432.96,36321.94,5,7,4,89941.49,-94720.08,87642.73,16073.2
29,35,44,15,5,4,6,-75525.41,-836.41,7,3,4,64552.31,-7299.03,-36607.76,88996.24
91,95,91,49,7,3,9,-79955.48,13047.55,4,8,1,95212.44,-32280.82,96380.91,-45357.76
76,36,21,70,5,6,3,-64806.34,-51055.71,4,7,5,-30693.8,-91767.12,42789.39,-14484.77
56,65,22,90,7,9,6,-63514.19,-25912.83,1,3,7,69319.11,25278.76,1203.39,12299.89
37,56,44,14,3,3,4,59363.15,-61036.93,5,2,5,91816.5,-18698.62,88658.43,50616.53
86,54,99,47,3,6,9,-4288.67,39619.49,7,6,5,-27465.21,2056.36,41918.23,-44391.79
66,53,99,75,4,4,7,4839.91,-38578.37,5,9,9,43559.77,-97958.96,88410.01,50479.8
26,19,14,49,6,9,6,-89801.76,81615.89,5,9,3,-29043.87,-38533.13,-78894.08,68268.22
46,54,16,57,2,7,1,-76584.25,36915.53,9,6,1,-94072.74,-86536.53,-23618.61,-16760.85
95,82,31,56,2,6,8,-98097.15,-26817.05,3,2,9,97126.99,79521.66,-69329.1,54954.25
36,42,97,72,1,1,5,63803.57,92486.68,1,8,1,-77623.89,87308.81,-85810.93,88071.79
16,51,81,89,1,8,7,8828.5,98580.11,9,8,3,89345.36,71660.91,-54110.62,7571.16
37,99,24,80,3,5,5,98348.99,-46690.49,1,7,5,63577.55,92681.56,-24662.08,12481.87
15,52,83,99,1,7,7,-89122.08,-84281.78,3,3,6,10133.13,95880.11,-53573.73,-32130.52
82,97,97,45,1,5,6,-88824.54,-43492.29,5,1,4,6832.3,-21140.21,-8902.7,-49796.94
38,63,24,88,3,7,4,-11293.83,-36848.59,6,2,1,-50115.31,9104.39,15249.15,16951.29
23,76,46,75,5,6,3,95047.37,92499.18,4,2,8,-43572.23,-51026.68,-34091.97,-47412.29
20,21,67,35,1,4,9,32562.45,-96735.54,1,6,4,-44350.28,17898.73,-80820.78,-70349.92
66,16,97,20,8,3,7,58933.67,-17744.59,8,9,5,-74090.84,11842.17,76336.01,18892.23
42,85,13,69,3,9,5,33924.78,-89036.49,4,3,8,-23789.53,21504.87,71075.16,-75798.26
23,32,70,43,5,7,5,-57829.03,-48691.35,5,1,1,47277.44,91481.07,-59938.28,-7465.46
69,48,22,53,4,5,9,-91696.46,11878.11,8,7,2,-78908.71,98856.74,81315.27,50584.64
81,55,20,67,4,5,5,83576.79,-5821.42,1,6,8,40682.02,21408.91,-26445.82,99764.32
16,46,67,50,8,9,9,66434.74,59096.18,2,5,3,89891.04,78065.69,-6197.36,-54107.53
99,41,74,53,4,5,5,-86441.73,-33671.59,8,3,7,-55837.66,25168,-48077.82,-39775.2
56,84,19,11,3,9,9,-6901.84,44918.82,3,1,9,-55312.6,39181.3,-39425.05,-82601.31
65,54,78,69,9,5,9,29506.99,-30490.08,7,2,7,-93970.01,-16589.7,-4191.49,3996.89
43,59,63,32,1,9,6,63534.96,-10638.48,9,7,6,-96812.2,77690.87,83243.77,-38675.69
28,87,73,47,7,9,8,19152.83,-94977.86,7,4,7,58109.49,-94221.38,89351.9,42852.89
48,32,47,34,9,6,8,-2179.86,13161.61,6,5,7,30272.33,56548.39,-93736.04,84459.33
75,12,79,65,3,8,4,-88359.06,6548.14,7,9,1,8234.94,-63208.91,-30311.44,-91423.98
66,22,95,41,4,8,3,-35693.43,-70207.64,7,3,3,31727.7,-41213.17,56043.58,-32369.82
94,93,21,25,1,4,2,-20473.11,61874.27,1,2,2,56876.55,-7874.09,-80623.24,68210.34
51,98,68,76,4,3,1,85361.52,82655.35,3,2,6,97452.56,-59984.91,-42651.47,63196.5
51,13,99,90,2,2,7,57665.35,-14127.57,2,2,6,-85294.54,-48669.01,93899.14,-79521.62
58,65,34,64,4,1,8,-72384.48,17662.59,6,1,3,-4864.8,-63630.01,-48736.96,55347.4
17,29,14,89,7,7,7,99424.92,43095.85,6,6,7,-99553.79,-34695.51,-55775.1,33582.15
92,26,13,64,2,8,3,-31003.1,-90660.35,3,7,6,-28125.47,47397.77,-34147.47,19019.4
80,19,81,18,7,7,9,36909.84,3445.85,7,4,9,88555.51,-66255.67,-38110.44,-29281.83
70,31,12,47,8,3,3,-8359.19,-86733.13,6,4,1,-40401.31,71184.39,36279.89,-22785.46
84,92,34,16,3,9,8,-30919.2,14798.91,9,7,2,-41312.17,-10936.91,69641.94,51535.42
71,55,30,51,3,3,8,41340.08,8227.11,1,9,2,21124.82,57843.01,14386.98,-45314.92
53,98,24,98,5,8,6,-82588.72,73592.97,2,2,9,39813.74,8965.37,-8606.02,4794.56
15,56,74,10,2,8,8,62842.42,-85160.58,2,9,5,-76663.66,32824.15,-15557.86,25052.57
13,79,44,41,1,6,9,-92716.02,-22489.53,9,6,4,15790.53,-8704.61,-15723.37,40773.48
81,23,98,90,8,8,3,77080.28,-94946.55,5,3,1,23102.72,77273.97,50685.64,39752.19
41,71,86,18,5,9,6,32562.92,77838.49,4,3,5,38267.28,-89400.58,23502.93,8548.47
47,96,63,30,4,3,6,4374.89,-39556.6,1,2,6,71335.02,71740.57,59513.74,-71665.87
30,50,25,60,2,6,2,-85596.93,-14138.74,5,7,7,-13344.96,46550.29,-19208.62,54086.99
17,45,55,93,2,6,2,73413.57,22772.79,6,5,4,-75573.56,-47728.76,49804.27,-89949.63
49,39,16,78,5,2,1,39735.06,-17702.14,7,9,9,-37214.86,-76050.19,63600.78,18775.91
53,99,15,91,7,2,2,90965.21,-37652.32,4,1,5,50999.16,-64128.32,79642.63,60463.69
59,38,93,12,3,1,3,37126.66,90134.26,9,7,9,70588.35,75706.94,42700.79,-45117.29
86,18,53,90,2,2,6,27622.07,-11154.22,5,3,6,46173.3,-23375.27,31047.76,95345.8
77,83,81,75,3,3,3,49558.04,78202.17,9,3,4,-76542.31,-85449.65,-86575.52,-48577.9
51,89,18,65,2,6,9,68710.82,-44878.99,6,2,7,22608.48,89876.02,26526.91,26801.42
78,12,70,50,3,3,7,65575.71,-81088.94,4,8,9,27939.93,-93340.01,-52195.74,-41805.19
80,17,68,95,2,9,2,-94069.04,-41862.54,7,8,9,-51161.18,50631,-63880.27,77657.09
27,76,30,61,2,7,8,-2312.68,-5440.98,9,9,9,69355.72,7884.69,-62610.2,-16116.94
92,72,44,54,2,2,3,98300.03,41404.25,9,2,2,56583.36,62610.99,-5249.03,-83846.96
74,45,24,42,3,8,9,-20280.8,-74128.88,9,6,7,-32252.22,59234.26,28476.81,-98557.75
81,47,22,89,3,3,6,-40973.93,51810.27,2,5,9,-21188.41,-96509.61,-59159.09,87188.68
47,43,26,77,8,9,3,56637.63,99821.71,7,4,8,77501.03,-26515.6,-82971.74,-9611.82
72,89,21,13,4,6,5,66381.44,7669.92,9,4,9,-39320.22,84223.14,-15658.67,70454.03
62,32,74,23,1,3,9,-11667.88,-96744.17,8,8,2,48917.95,92908.84,55028.62,41667.95
32,36,79,35,6,5,9,30266.46,79770.73,9,3,9,-53676.58,94986.62,91483.21,60097.78
47,69,28,89,7,9,2,-73848.82,20085.87,2,3,8,33079.41,37386.8,32577.58,-16478.23
94,69,95,83,9,9,1,42114.52,-26629.25,9,5,9,1678.25,-27539.39,80676.58,5351.03
91,99,72,37,3,2,7,-83095.54,40292.9,8,3,4,69311.87,-15474.52,-16190.15,78684.91
32,43,92,21,1,1,5,98228,14188.28,9,1,5,85418.51,55989.72,-58997.05,-32426.93
38,39,92,98,3,7,3,6170.53,88811.61,4,4,1,-59000.71,98458.28,-75841.78,35791.74
27,81,56,73,7,5,1,49416.6,-84475.9,5,4,3,49182.75,-80259.71,66036.53,27118.96
57,93,24,44,4,3,7,79230.79,-84593.34,1,3,3,7211.42,76482.61,-35938.42,37229.59
95,53,17,20,5,1,6,-41598.72,91444.37,3,6,8,16726.59,89121.3,87657.41,-68277.72
90,94,76,31,1,7,3,-73381.12,-71548.24,3,2,7,93951.3,23316.69,-81757.27,40592.01
16,26,70,92,4,6,9,278.61,-91130.9,8,3,1,36340.62,73695.4,28706.54,-74334.93
80,53,79,74,1,3,2,-39253.05,-69110.98,7,6,7,35021.16,-96429.01,23699.29,-12598.28
45,58,95,81,3,9,6,31635.78,36121.02,1,9,8,67726.77,46968.19,-83462.03,57131.28
33,18,12,39,9,2,6,-51626.12,46545.49,7,3,6,-72966.81,-31515.02,-54907.13,-44028.09
55,10,62,43,5,6,2,56886.11,51642.58,8,8,7,-51235.64,-42169.07,77382.29,-29213.17
50,34,72,52,4,6,3,39449.23,89157.14,6,6,2,-63252.96,-79965.48,97250.21,-37310.74
50,94,65,58,5,2,4,-74837.86,-94641.01,7,6,3,-75309,-56022.96,-62756.65,90218.09
55,25,39,22,1,3,7,-697.69,6388.12,2,9,6,-32173.78,33945.14,60601.8,-58086.2
90,45,19,80,7,4,4,-66945.47,67965.64,3,2,9,96954.77,-56406.43,57023.91,14499.03
40,58,57,73,2,7,7,27486.39,6265.16,6,9,5,-60837.16,1981,41959.13,-39996.86
62,44,61,17,7,4,1,-14171.29,39128.24,9,8,7,17405.47,72206.21,76193.73,-57780.39
35,50,10,79,5,7,6,-12436.66,72084.34,5,4,9,16409.72,-60099.35,43734.2,74282.21
22,21,71,20,1,1,3,76063.68,-77661.01,7,8,1,-73922.79,53624.55,-62476.73,56282.09
82,74,64,77,1,6,5,-52533.42,-96692.48,9,1,3,-90602.09,-41901.86,-29322.65,55562.72
87,53,78,68,5,3,7,56070.07,87193.63,1,5,4,34066.26,4167.27,45967.13,5331.28
55,36,15,24,3,5,1,70017.49,52022.21,3,3,6,-98183.28,-96755.56,23675.3,78817.82
64,26,48,11,6,7,7,-14322.61,53608.08,4,2,4,2626.1,25836.33,-76616.25,-89901.46
62,14,46,42,8,1,6,25720.94,29171.74,6,9,9,-30315.05,-58571.03,85680.17,54519.92
60,33,59,27,8,7,6,3473.11,58123.25,4,6,5,79207.4,-37192.63,22446.83,34837.97
71,35,15,70,5,6,7,26041.23,54404.81,9,5,8,45946.77,-8176.03,51833.41,-77868.2
22,60,38,62,9,6,1,25339.05,51661.85,5,1,3,54993.22,-62409.87,-30875.04,4557.29
87,37,99,30,7,7,7,-92031.57,72160.07,8,3,1,99805.88,17252.19,-37467.93,-91664.11
25,45,54,58,9,1,6,-76481.46,19407.73,3,9,7,-72943.9,-26344.38,-13666.43,-7357.13
85,93,87,99,9,7,9,-34704.47,80261.64,1,8,4,-85498.88,-39990.92,-40712.22,-78393.61
46,82,23,62,1,6,5,-66647.62,-24862.09,7,7,3,-58195.42,99826.1,23752.18,24762
66,77,34,37,9,9,8,-8979.43,-76495.52,4,7,4,96227.62,-77304.77,-39539.77,56012.02
11,77,27,69,1,5,5,-19703.99,-27267.65,3,8,9,52156.18,-25647.42,-88631.87,74562.62
48,82,72,62,2,8,4,19235.95,-26657.03,4,2,4,-30645,-37393.33,92053.29,90994.54
96,65,29,74,6,5,8,-8734.64,-76489.76,9,5,4,74719.44,84351.01,-71865.53,-29541.68
97,36,86,51,4,4,5,-72238.14,-71749.49,4,9,1,28680.46,-68182.6,-57844.29,89031.5
94,84,38,90,1,8,2,-47580.68,-73701.64,4,8,7,-19765.19,79089.97,22318.17,-35711.78
26,60,81,63,3,5,4,-34780.79,38863.07,1,7,6,74840.57,4043.03,72689.54,50302.63
18,40,19,83,1,2,4,75528.76,30250.65,7,6,2,77691.62,40608.23,-59691.08,86240.17
58,29,60,47,8,4,8,45080.58,-35874.74,6,3,6,31472.46,-14857.38,-73210.3,-65365.6
38,49,14,65,2,4,1,-54068.19,-24157.04,2,3,7,-1625.27,-14339.46,91414.5,85009.7
23,37,36,69,8,8,1,29112.2,-28931.41,6,6,6,91562.45,62657.24,-13472.35,15859.08
77,96,42,72,6,1,8,42164.57,-83140.78,7,3,5,-45283.47,17441.16,77105.88,-71366.74
55,12,99,91,9,1,6,97671.32,-25798.52,6,8,7,33072.24,-61738.46,-53924.2,-47980.28
31,81,16,96,8,8,9,-92253.66,-41037.13,5,2,8,-26132.94,-476.33,-90916.01,-55053.71
70,99,71,18,6,6,6,7339.08,18446.19,7,6,7,50398.8,14688.18,8223.57,-72302.16
76,39,25,36,8,9,7,-11237.69,-78992.07,8,2,5,56883.06,70370.9,67628.98,76059.37
89,50,75,61,5,6,7,-11270.21,-59449.67,7,9,8,40479.46,63500.2,-7912.53,72027.05
53,19,44,79,3,7,4,-26749.03,-58657.48,5,8,5,88744.49,-40651.71,5399.43,-27502.63
10,33,54,99,4,7,9,19062.62,-99332.3,8,6,1,47926.16,24045.9,52337.82,55923.16
53,44,82,46,7,4,5,8150.71,27617.08,5,4,2,-64502.02,82368.11,-57433.28,-20870.6
54,82,14,16,6,9,5,31430.6,42254.1,1,8,6,-88021.83,13061.58,-2271.63,-16342.02
14,43,38,37,4,5,3,57152.54,-55143.79,2,9,6,12221.29,-79354.67,83402.24,-93501.1
61,44,47,39,8,5,3,15691.55,81368.68,6,9,1,12838.33,-8477.81,76791.23,-26424.52
90,55,56,61,4,3,1,96076.18,4066.09,6,7,6,-45076.03,61646.56,7755.8,-78422.57
62,33,66,48,6,3,5,10425.38,-9241.23,1,9,8,-13239.35,-50710.3,48877.37,-94697.96
68,37,26,40,4,1,9,-54437.72,86487.83,6,2,8,-35647.23,67423.5,8102.13,-23947.36
99,76,64,61,5,5,1,-59395.32,7514.59,8,6,2,-71311.11,-42196.01,27896.71,76527.41
50,39,22,14,7,9,7,-94581.07,60884.7,8,8,5,60981.37,18706.83,-74441.23,65274.31
41,11,64,64,7,1,1,-64974.84,-27706.05,2,1,4,-94061.28,44939.26,-75607.67,55480.43
71,39,22,65,7,7,7,8460.48,91208.28,5,8,9,54413.95,55400.11,-58278.48,18473.33
63,76,15,72,8,1,7,46223.4,-57332.86,4,2,9,6524.37,-99880.49,9791.69,80389.35
75,16,75,29,8,7,3,63552.29,-90634.6,9,2,8,-27609.64,15589.13,-83999.12,9714.57
70,38,41,51,4,7,5,4861.72,24046.25,9,4,9,1686.42,-71061.07,-64533.29,73326.58
21,25,42,24,5,3,3,51086,44504.5,8,9,8,59276.96,-35727.58,-96719.71,54039.46
37,14,51,40,8,5,7,42493.8,-83873.58,9,8,8,-4358.89,-60784.11,23401.04,5858.71
96,43,98,80,3,3,2,83305.1,-93294.65,8,1,6,-56096.55,46278.54,90535.85,473.5
68,95,53,64,5,7,1,47619.93,-52065.71,8,6,5,91531.08,85881.36,46608.28,67047.4
96,26,15,58,4,2,6,-27631.97,-73253.63,6,1,4,-33846.66,42201.07,94767.72,41382.68
61,30,71,79,5,1,7,47117.72,-25420.17,5,7,1,-40717.09,60060.62,81577.66,-31059.93
63,71,66,13,4,6,3,-95574.04,-93705.37,4,3,9,-15132.53,-83241.51,90570.34,-6695.86
64,92,99,24,7,7,4,30891.12,3963.86,1,1,8,-66943.7,-95923.9,-16929.65,-601.98
89,77,90,31,8,3,3,-73307.44,18652.38,9,6,1,-28540.81,-50372.15,-65093.34,28045.06
90,94,68,90,6,4,5,-81617.22,87142.39,8,4,2,81030.57,-30668.7,-56779.26,61444.82
87,82,36,70,2,3,5,-98825.83,29796.88,1,2,6,33635.34,23802.79,95875.1,-6791.87
64,42,49,33,2,5,9,-56304.55,-7996.6,2,8,3,-46025.05,60977.54,-97346.93,-15810.42
40,26,92,92,7,5,3,87221.9,62883.44,6,3,1,-10116.83,20347.85,13237.71,87204.1
44,67,89,19,2,9,7,49063.67,70711.39,3,4,3,-35581.97,728.59,-7205.39,-67763.95
60,26,21,24,5,3,9,92813.24,-64436.38,1,7,3,16074.22,-49375.76,-29462.37,67580.04
90,66,65,29,7,7,3,41066.12,-34280.14,3,6,5,-81309.58,93908.25,-41018.77,-48936.98
40,71,58,36,7,9,7,-8309.59,-1216.66,3,6,4,-96502.66,-14143.48,-12352.92,5633.8
67,30,25,79,1,3,1,65079.48,65399.86,5,2,6,-40969.58,13059.6,-73977.11,-85548.36
71,70,35,74,6,7,4,96649.86,75675.39,4,5,1,87496.24,86167.21,66180.03,-46589.76
87,22,95,81,9,1,4,12971.59,51826.59,6,2,8,-72192.66,-54996.09,23675.06,97136.23
52,85,51,37,1,4,2,93861.09,46076.71,1,3,5,-96965.43,24029.67,-5050.39,-76058.3
60,19,73,76,2,4,5,-85523.18,-62364.52,8,5,6,-56043.46,-96304.48,9175.44,56903.57
60,75,15,61,7,2,2,71645.52,-46976.51,5,8,4,-53796.01,29873,82465.14,-86545.22
81,48,17,70,8,5,6,-30262.45,-68218.39,6,6,9,70853.67,28228.47,-53287.58,-15485.24
99,80,74,38,2,2,1,-35123.72,-45315.96,4,1,9,-30252.73,12115.61,56760.48,37557.7
41,14,56,98,5,6,5,-64116.79,77926.08,9,6,5,-48061.61,-71320.35,74753.81,-96673.21
10,87,52,31,7,1,3,54084.11,-24144.74,9,2,4,-65229.26,42817.32,79272.76,45643.24
43,37,57,56,6,5,8,48456.56,7960.55,5,6,8,-54089.55,25310.43,-78281.87,29537.75
64,51,18,83,4,3,2,-70841.07,24775.59,4,8,1,55584.45,-38545.98,-73929.37,31026.12
64,54,14,68,4,8,5,-13091.86,-43168.58,8,3,1,-33609.99,12459.59,-54026.26,68378.75
48,53,32,95,6,2,3,-65474,20147.41,1,9,5,-74016.65,-21049.4,26772.19,95392.17
82,28,67,12,8,5,8,6634.85,-9678.08,1,3,4,87433.24,59016.41,10827.05,30833.4
58,31,77,76,6,3,1,36962.38,-67633.71,5,5,9,-22973.84,-25619.44,97240.79,-29433.93
52,70,63,25,4,8,6,19197.97,15275.9,4,4,2,51271.22,-3511.9,-46758.05,-26916.99
70,10,36,49,7,1,6,48258.39,46184.6,9,4,9,-71879.56,-14152.41,-80027.87,84282.25
72,68,86,61,2,6,7,3098.36,88489.61,2,2,6,-51998.13,-24439.43,84254.95,34585.25
85,17,11,45,3,6,7,18459.66,-35529.71,9,5,9,-81529.49,-28449.04,-26952.79,20500.72
90,21,55,20,1,7,2,-89181.6,59038.96,6,8,8,-69980.41,-23961.82,28565.73,-27377.65
91,33,73,55,2,7,9,74256.83,34998.78,9,5,3,48330.76,-9339.61,24326.42,85111.33
75,54,44,37,2,2,3,-14071.74,-71752.05,8,9,3,16960.92,-75335.36,-54371,70409.9
76,48,45,27,8,9,8,-60598.31,-9652.37,3,3,7,-79826.89,43665.36,-62122.28,76070.54
57,43,41,54,4,3,2,21693.34,-59422.79,3,4,7,96366.96,76973.02,2395.31,-73917.79
34,21,67,76,9,8,4,-54284.91,-58.93,7,1,2,-99621.47,65646.51,8443.08,23945.11
54,25,89,28,9,2,2,-53955.71,74136.46,7,7,3,3435,43705.81,80157.51,-76909.99
85,27,87,89,2,4,7,-35071.94,33193.45,2,2,4,63204.22,-12101.52,-90168.19,-31745.79
29,98,20,67,2,2,8,-6515.06,55786.21,3,3,5,84968.53,-26312.41,-46195.41,60323.78
72,61,34,90,7,7,1,19462.6,3218.25,4,2,5,2330.62,-93480.95,-29818.94,-2056.6
58,33,44,53,3,8,7,44182.24,-65242.87,5,8,8,-15845.1,11979.63,-75221.51,82654.98
19,44,38,87,5,1,8,-16471.54,9945.28,5,3,4,-7424.73,20058.82,-12006.1,-73902.53
12,18,71,54,6,7,6,45001.31,56855.91,8,8,5,1950.52,-58840.11,-59993.53,55187.67
28,73,84,54,7,8,3,-61443.41,90892.05,4,2,3,12662.16,-23061.55,70922.54,8272.56
39,68,35,71,5,6,4,46010.93,17809.9,5,1,9,-77797.39,-38080.52,-42266.21,-81283.72
35,41,92,17,8,3,5,-58800.82,71778.06,3,8,2,53612.72,52606.16,-7031.91,-70941.54
71,11,16,24,7,4,7,-35789.06,-78191.85,9,1,8,28378.82,-97283.77,-94894.57,-63587.66
76,39,61,80,6,5,9,50230.73,-77498.83,2,6,2,44300.13,7997.02,-73123.77,-20702.69
44,96,75,65,9,7,7,10347.13,-33998.66,8,6,7,-55007.46,75794.17,-6765.77,-84349.67
41,97,81,98,9,9,9,64469.19,82024.35,2,3,5,-9012.86,-47931.2,3920.58,58723.87
11,62,56,89,7,7,8,30338.6,-93195.56,7,3,4,-52963.05,18343.5,-49680.73,33326.14
13,62,85,56,1,9,2,-42515.62,13010.64,5,9,4,17133.46,38469.74,79979.91,-51243.2
28,55,47,72,4,8,9,-25445.54,-5244.48,4,7,2,-66606.77,-30583.31,-35533.88,-40903.11
42,97,12,65,5,2,5,-66044.54,81321.51,4,1,5,18600.56,48798.66,-37146.06,-25614.49
50,27,14,12,4,9,4,38539.13,68260.33,2,5,3,-29974.75,10718.23,86935.07,32704.97
54,22,98,26,3,5,7,92128.73,68335.83,5,1,6,-23177.68,26545.51,57050.58,-83270.08
40,28,28,81,7,4,5,24625.17,92144.91,3,9,1,-91909.03,-85092.59,62461.36,-38973.79
56,57,12,54,3,7,5,10289.09,94546.95,6,7,1,-68701.55,-36926.21,-59846.04,-79633.73
10,66,38,39,4,5,4,-67132.33,-79761.08,1,5,1,-81650.04,48662.82,11101.87,-25889.61
81,67,82,55,5,5,5,-32340.67,-96093.23,1,2,5,49333.78,-22279.33,-54833.01,42399.79
65,29,85,98,8,4,1,-33905.74,-61826.56,1,5,1,-28872.14,15155.89,-98834.66,16734.44
77,98,85,23,6,5,3,94615.02,59858.26,5,1,5,-8005.72,16380.82,28366.8,77097.09
94,24,78,86,8,1,8,61686.45,-94012.46,1,1,5,87021.09,-10413.67,83754.03,-50012.18
83,20,33,60,1,3,1,72490.47,-13374.07,5,4,6,922.71,42052.34,-39306.1,44634.35
87,96,38,46,2,8,8,71567,55743.59,5,5,7,-3179.37,16956.96,-39282.84,-42968.62
35,91,43,30,9,1,5,37762.94,-31840.55,6,5,9,65831.23,-39375.39,-18782.63,77861.8
44,98,85,33,7,8,7,98676.15,-71575.7,7,6,6,5564.68,99015.36,8110.06,21064.21
54,67,39,54,9,5,5,99933.35,-23539.28,9,5,1,89191.65,20003.29,-7134.62,-22115.15
93,20,54,59,7,7,4,26375.61,-5991.88,6,8,1,82407,73450.94,40123.7,83834.66
96,35,96,38,3,5,2,80569.07,-13880.06,1,8,3,16778.83,-18441.31,54287.35,-89056.18
77,74,10,34,2,4,2,10257.49,-39311.3,1,1,8,-1949.97,-20794.4,20063.7,-64179.85
22,47,79,44,6,2,6,74480.75,84775.36,3,9,8,55416.62,52380.07,-15093.83,72560.21
50,94,73,52,6,2,7,-16973.65,23270.37,8,2,8,-78402.95,55458.95,-51937.6,56305.18
88,20,38,68,2,6,2,-61641.8,56984.29,8,5,3,46924.18,58221.69,22159.16,-73791.72
80,92,32,39,9,7,8,-93809.47,46484.36,8,6,3,-92065.81,-61169.45,-7277.02,-53552.95
97,61,76,25,6,2,8,34626.97,-17856.88,3,1,7,-75832.63,-41870.46,53940.5,77745.09
93,96,50,94,5,8,5,12068.42,80918.98,3,2,6,-33174.26,-30849.84,92169.96,-54780.87
80,14,80,30,5,8,8,84151.76,-80205.45,7,8,7,-34040.21,-25264.69,12689.28,63792.12
34,32,76,31,1,5,9,52140.9,63543.31,6,9,8,75745.24,79828.32,-54322.48,16516.25
42,45,60,37,3,8,4,46147.06,15888.83,7,5,9,-2610.94,12524.66,-80402.64,-68099.69
86,36,72,83,3,9,1,-79677.82,-41450.99,8,4,9,87646.9,-31226.01,-34982.77,38824.48
58,64,12,75,3,4,3,62094.47,25418.31,9,8,1,-74608.68,79504.38,27140.89,46142.3
68,72,11,90,2,1,1,-70413.25,-34664.27,9,5,9,52608.57,92292.44,-45632.91,81839.11
47,75,98,81,5,3,1,31719.47,-73300.99,1,4,6,-50551.58,-86007.16,-16769.31,18801.4
51,14,91,78,9,1,7,-82234.38,-15677.24,9,2,1,-82199.83,84556.06,39785.01,-52734.95
77,21,40,44,5,1,2,26300.82,20455.33,6,3,7,-6683.9,-47814.57,-11827.08,-54884.43
76,52,58,81,4,7,5,-9112.74,90277.59,1,9,2,-9221.06,-31735.44,85547.52,57673.21
89,68,42,73,1,2,1,25708.94,49985.9,7,2,8,73081.52,-7013.45,42656.9,64226.49
24,81,48,61,4,5,4,12048.8,67867.06,2,2,3,34285.89,52755.83,-76830.6,43664.7
61,48,18,86,8,1,7,78699.46,24744.84,8,7,1,4943.03,42088.64,-97206.46,-94498.4
60,90,43,45,8,4,9,-22408.17,93883.94,3,7,6,-45859.77,19193.03,6927.61,74407.76
86,10,58,20,1,7,5,-25266.11,27318.03,1,5,6,98219.83,-47691.1,60464.05,73554.71
39,98,53,93,1,9,3,-39395.67,39229.56,6,3,9,-48207.99,-59651.73,44513.53,-3695.89
91,62,42,80,2,5,5,53554.69,77309.79,6,1,8,97524.22,-42188.89,-22672.85,-68800.2
28,84,26,82,8,3,1,-85954.56,27589.14,9,3,1,-34624.31,96970.12,97968.39,-17069.24
35,25,43,23,1,5,2,24204.48,-77742.79,8,8,6,48787.1,50474.71,83669.77,70731.4
53,38,29,57,4,1,2,-76967.91,9709.86,1,9,6,-94135.98,-79623.72,7383.6,58249.7
42,70,28,44,8,2,2,-91425.48,93804.92,6,8,1,-95249.86,-46344.85,-83575.01,68660.05
37,13,31,80,6,2,4,36872.41,5792.03,6,5,3,46146.67,17089.16,-90411.86,-29556.42
10,41,62,33,8,2,5,57345.23,-72218.42,1,5,7,-76931.22,-18095.79,-59568.69,69245.81
23,66,74,91,9,4,5,-48948.33,-32647.06,3,9,1,-84909.13,13263.17,52746.49,-92523.33
16,23,23,17,1,5,5,64209.93,-6699.69,7,6,5,-72118.62,39906.77,-5109.17,-86793.19
25,59,22,30,9,5,7,54978.4,-71386.29,1,2,4,27367.65,61147.82,-44574.8,-84.44
12,20,19,29,7,5,5,69249.43,-98324.78,5,7,2,18221.63,64077.36,24269.87,-98961.22
36,51,12,80,5,7,1,-43857.23,-5514.45,4,4,2,72518.48,-36653.08,5088.59,-79823.52
37,37,80,87,3,5,9,36189.65,-35817.36,2,5,3,86127.49,3489.24,-68847.21,31181.85
99,69,49,83,1,1,3,91603.45,51736.68,2,8,8,-49994.85,82047.09,89945.12,-57558.84
38,19,14,53,1,9,9,-69199.57,20601.81,3,8,6,-37623.76,-23859.72,-56447.81,-4285.33
70,81,47,30,9,3,6,29276.77,-89322.96,8,4,5,-55691.72,-5365.96,62431.37,5378.37
65,20,71,31,5,9,7,19960.48,97086.81,6,1,7,32411.72,15215.37,51805.28,-48783.11
88,25,48,39,4,6,1,-11484.46,-7151.93,5,4,3,-54295.12,54406.17,-93361.23,-67098.37
79,63,26,47,4,7,6,70452.72,-8505.07,7,9,7,90893.1,80694.45,38393.41,-45335.1
22,64,48,41,2,1,8,-96429.72,-56740.74,3,4,5,84617.55,79993.55,-28465.52,-41742.99
87,42,20,41,3,6,5,65717.31,-22942.69,7,3,5,74461.21,16629.16,33016.62,-4122
80,52,85,59,4,8,5,-48492.94,66794.93,5,8,9,21200.05,93440.17,-98412.32,73341.49
94,75,35,10,8,5,6,-24966.49,61240.84,5,3,8,34147.99,-33052.05,-62792.98,-67643.62
65,43,73,63,6,5,3,-13220.07,91161.07,9,9,3,-63932.09,-51837.61,45171.46,-5414.16
50,43,56,42,4,6,6,-2018.54,21878.16,8,2,1,39554.32,-88281.59,-96484.29,68973.51
82,65,98,57,7,3,7,-18307.6,8898.93,3,6,8,88756.92,5275.76,-4385.81,5517.34
60,87,41,66,9,6,1,94317.4,-86969.67,1,3,5,-45823,-14653.57,86419.23,-33088.41
36,56,70,30,5,7,6,-84840.97,-65180.44,8,5,6,19697.77,22419.15,37537.99,6473.97
98,12,11,70,7,1,6,-81081.4,-99756.61,5,4,3,76984.36,-4471.74,42576.84,86648.84
39,24,86,86,3,6,4,-64291.2,-31067.64,6,6,9,-84273.46,-59070.37,-41507.81,28298.78
94,97,97,58,6,6,8,95622.25,28692.67,3,8,1,81938.87,-35377.89,-2305.68,-89570.22
40,85,41,35,9,4,8,-84094.98,71003.74,9,5,8,-9021.79,36071.54,-10427.93,-59035.56
80,60,92,63,6,8,2,-74713,-8505.89,1,1,6,93266.12,82235.64,-36996.53,-10076.65
11,70,72,87,7,8,5,7907.16,55172.69,8,5,4,44865.41,-29588.64,-53178.6,-30313.06
14,17,76,16,8,2,4,-4062.25,38433.19,6,2,3,-23985.75,-31011.39,52426.25,-67598.92
87,55,17,64,5,5,5,-56763.97,71967.51,4,4,3,-43889.17,44555.97,21597.26,1283.34
93,80,55,80,7,4,9,-40309.18,34111.59,3,4,7,-2345.03,54025.88,-99648.26,73539.94
72,50,30,49,8,5,4,40443.7,11721.77,3,2,3,-5256.04,87311.59,80928.99,-79428.43
70,69,92,56,5,9,1,32868.23,12312.82,7,9,8,94750.56,-74452.27,-53704.54,7060.09
85,30,35,74,7,4,9,23395.16,-98905.78,3,2,7,-90128.18,-76969.36,-83681.13,68464.8
49,52,24,64,2,1,3,35898.95,37484.89,8,5,3,18646.7,-9164.06,-14325.59,6713.73
43,14,11,91,2,9,9,63087.07,-29802.44,7,8,4,72086.94,91817.38,83770.85,-64062.42
89,36,92,47,2,3,9,-21178.08,-42342.59,3,5,9,77328.98,26500.17,2612.48,85223.13
79,36,10,38,8,9,9,26873.16,-32969.51,4,5,7,13581.91,-10344.93,20910.32,-98883.57
56,47,30,62,1,9,2,78020.39,-97701.84,9,8,9,33440.93,79844,-7141.73,45639.99
84,49,88,50,1,9,9,34509.99,95276.5,7,2,6,-4676.41,-69739.7,-66503.06,12496
41,58,68,94,3,2,1,46372.29,-15372.06,9,3,7,-4313.61,28850.55,49455.56,-42145.96
56,27,68,39,6,9,4,83026,69658.85,6,5,3,-38366.86,27245.54,-41639.18,-59681.31
34,60,17,65,5,1,1,74391.46,10770.84,7,8,5,88415.09,34976.25,-36529.82,-1949.22
60,22,44,75,8,4,2,82262.42,49426.07,3,9,2,-7488.01,66983.86,21395.85,30493.71
95,78,75,86,9,1,8,-85734.73,-16920.63,5,5,5,60506.83,-72662.65,56915.58,-79429.8
56,14,90,58,5,2,7,61007.43,54125.6,2,3,7,65983,-43110.8,58505.42,-60907.58
17,65,36,55,6,8,4,-11295.15,30024.23,5,3,7,27173.36,-79950.57,16352.87,9233.63
93,83,74,71,4,7,6,-9369.3,76074.11,7,7,2,-33426.2,-32322.15,39524.28,-49054.96
19,20,36,71,9,4,8,-97305.52,79740.71,7,2,4,3173.72,-5937.04,33651.5,-22018.94
32,22,29,52,7,6,1,-25483.02,-3793.11,2,3,5,36792.94,-66297.34,-32077.1,-52132.54
24,93,22,46,4,8,5,-56080.59,-442.96,4,6,3,-70070.84,58598.81,-19064.31,-28519.08
69,66,72,39,3,1,6,20458.89,-20567.59,5,5,9,72378.98,22258.87,46838.47,-33775.56
26,50,15,74,3,5,1,-78015.66,49506.31,3,6,5,-80058.56,-39939.4,-29844.22,-43664
73,69,94,17,9,6,9,-31226.66,-3021.63,9,4,3,-85532.78,48212.96,72206.88,-27598.68
98,11,51,64,8,1,6,-56716.76,78019.69,5,5,6,42157.03,14160.49,73908.29,-35815.98
20,72,73,92,6,9,1,35907.51,-34610.05,3,6,6,-30686.17,96260.01,-23781.13,-29924.76
80,49,83,44,5,6,1,-50200.22,29973.03,6,6,8,-67453.25,-29078.29,-86911.4,55815.94
85,71,16,45,2,1,3,-67901.4,-20880.53,6,7,9,17596.03,21730.91,31606.56,67429.7
16,24,61,61,8,1,6,-72874.58,-4283.34,8,2,8,96964.45,46932.46,-27425.93,72852.74
71,54,34,17,6,3,4,81848.03,95609.55,9,9,3,-29176.97,53811.47,-14785.43,-36490.72
17,27,21,74,7,6,3,3600.73,93063.26,8,9,7,44082.1,-25273.86,-25002.83,-11901.41
12,12,29,30,8,4,7,-51728.54,-77118.01,3,4,9,40073.56,-28865.49,-31510.35,92388.21
83,84,24,74,5,3,3,35919.46,78630.23,7,7,4,39245.65,50156.1,-19069.97,-64057.91
70,67,97,46,3,7,9,64978.37,-56308.59,9,8,3,-90511.21,53328.21,-19745.55,47363.74
14,87,64,46,4,3,5,-57191.71,-62185.53,4,8,9,19955.02,85390.37,95126.48,72886.56
55,85,16,25,4,9,6,-61773.06,24283.16,3,4,2,-83460.04,-50044.43,79154.81,86555.43
82,98,23,74,8,5,7,65242.79,-89373.67,9,4,9,-52445.22,-27211.65,49658.62,-38835.4
16,46,89,22,7,6,6,10458.17,13251.94,2,5,9,64311.33,90956.81,-80959.12,-90592.72
28,73,36,35,9,7,8,-73116.37,3705.72,9,2,2,16779.36,-13264.03,84330.81,31201.36
87,22,90,86,2,6,9,12448.32,83035.33,9,6,8,-96301.39,-52198.89,-92033.46,-19615.95
61,50,65,90,6,8,9,-1002.8,-70200.78,2,4,4,7098.54,89401.06,-17231.21,-1515.66
81,28,86,35,5,9,4,88264.55,-27401.13,8,4,3,4888.11,38678.36,57400.21,-44927.72
50,62,47,47,2,9,3,94082.61,7809.98,4,2,3,23388.92,-74601.56,11651.28,-4295.07
20,89,76,73,2,4,7,11102.25,-64993.57,3,2,9,5217.34,-34664.94,-59045.48,-27559.89
14,44,99,44,4,3,1,-87377.5,-55963.89,3,8,7,13835.06,22292.22,44858.94,-85769.95
47,91,99,75,9,7,6,92230.67,-13258.03,9,1,3,-81208.7,-47461.09,3690.73,-82645.57
61,85,69,92,3,1,6,-17711.64,-66721.21,7,4,8,-56386.06,-40907.39,-46531.33,41284.95
53,84,61,68,8,6,2,47935.59,-77032.73,3,5,4,-37588.51,5928.3,4572.37,86729.53
78,70,65,42,1,6,3,6060.3,59476.64,8,6,3,-3038.85,16604.59,3061.04,34689.31
19,93,70,85,4,2,1,-63392.4,-72521.02,4,6,7,-5839.31,-38465.12,59108.3,76404.03
50,69,28,47,8,3,8,-80022.51,44198.14,3,4,7,-50579.28,-86769.95,66022.32,-69146.11
76,13,65,66,2,1,7,-47228.2,-49445.94,7,7,4,65121.59,-51012,-97881.39,59598.14
49,76,23,76,5,8,3,6397.82,84617.67,7,4,2,10873.07,45096.63,29521.4,-65908.55
99,64,89,55,9,7,2,-50840.23,80861.27,4,1,3,62705.66,-4466.13,52311.17,-86854.97
98,18,75,30,8,3,3,97833.34,-54854.61,2,5,2,-93400.54,-59852.35,-19863.31,-24492.09
31,34,17,28,2,2,2,-86979.15,-72115.14,3,4,2,68481.97,-56955.19,25478.32,-76758.54
86,42,94,70,3,3,5,-51580.72,39119.3,2,1,2,-72018.26,-89375.62,56538.81,-33468.36
89,53,58,72,8,2,9,-61156.83,-38904.71,2,5,8,85379.6,55141.04,-63945.69,64712.16
82,42,11,69,9,5,9,-3915.19,-1623.58,2,1,3,-85215.62,-86687.99,77425.64,-9959.75
89,37,12,90,9,9,8,-55606.68,-57779.52,8,6,9,-31248.67,-60061.3,8993.91,6830.93
60,36,73,82,6,9,6,-28206.62,-68970.23,3,8,4,87129.33,25907.72,-36237.24,78023.35
76,84,40,49,2,8,6,70067.03,53415.63,9,8,5,-2533,17504.54,28897.34,-36033.23
23,13,63,14,8,6,2,75645.54,59878.24,4,8,3,44103.09,-67464,72774.24,-43378.39
28,91,99,21,3,6,7,18967.59,15070.38,5,5,7,-12980.57,-5714.38,-89100.6,-14421.42
33,33,94,82,7,2,7,-42542.31,-5094.1,3,3,2,8600.29,57604.82,-11510.57,-93892.97
12,56,19,32,8,7,2,36923.68,-47576.3,7,5,7,-23647.18,10989.11,31945.71,-53425.62
13,49,79,48,7,7,3,-82101.59,54016.18,2,2,2,-45019.65,97264.05,39330.81,85412.36
26,95,68,78,2,2,9,33150.07,95010.58,7,7,2,-34254.74,-995.36,30195.46,55039.88
84,91,94,20,2,3,4,-46100.53,-49954.81,2,9,5,97170.8,-84822.27,28453.45,-81679.24
62,51,87,27,6,9,8,8600.65,-64699.76,2,4,6,70275.45,-23549.61,43432.92,-58047.53
40,74,38,19,8,4,6,-28441.99,53783.35,5,4,9,-13217.36,38988.46,55707.11,6878.84
75,88,26,83,9,8,3,-49681.6,-62339.24,6,1,9,-86457.72,23573.23,75414.26,-45755.07
37,62,70,59,2,6,7,-23133.01,35944.84,9,1,4,55583.76,8600.64,-3698.99,-71547.92
80,86,50,54,6,3,1,15063.09,14365.96,9,2,2,87843.93,52624.84,46129.8,67062.76
77,77,63,89,5,7,5,-58534.88,-47932.57,4,4,4,4040.01,58218.7,4884.62,13221.8
44,72,11,33,6,1,8,-3083.58,44414.74,2,8,1,-7377.46,51003.75,-15712.53,-39663.25
26,62,22,15,2,5,7,-34450.73,-69351.43,4,5,2,-80075.77,97903.05,-48065.14,43906.36
55,92,89,27,5,8,7,38643.66,77020.68,1,9,6,70340.21,-40960.52,-22285.24,-32006.29
34,92,76,57,6,7,2,-35905.83,-20487.17,2,8,9,76909.58,-135.3,-95422.14,16889.17
65,86,81,59,3,7,3,-70732.73,-66174.23,6,1,6,52721.46,12396.78,33874.26,30812.91
73,21,77,62,3,2,2,-8656.22,-86379.46,9,1,1,89415.37,-87988.46,-85362.12,-58088.28
12,66,11,79,8,3,1,17927.83,-26798.89,6,2,5,42815.4,-22833.46,-41970.12,48135.43
79,94,83,74,4,2,9,-65194.93,54214.77,1,5,7,70448.74,-97959.56,-15065.47,8665.14
72,64,49,39,7,1,1,-60114.34,38900.25,5,5,7,-62779,75681.36,55256.78,25896.48
82,91,22,53,9,9,5,-58611.9,-29701.28,7,2,8,92106.16,-59247.12,-90552.24,89712.8
25,13,24,90,4,1,6,19735.38,83041.97,7,8,7,-37225.12,32291.28,33636.14,-77046.67
91,79,69,10,1,5,7,3585.85,80650.5,8,3,5,33140.85,-22938.59,-86470.72,93939.64
94,83,92,71,7,6,9,-43556.45,20003.49,7,1,4,17924.96,-51809.4,42026.34,98717.75
32,13,34,90,7,7,3,51940.16,4002.27,5,4,2,67552.19,-8267.79,5322.4,99526.08
60,97,96,36,6,9,4,41530.44,74443.58,4,2,8,-42998.55,10275.3,92711.55,47644.11
96,80,52,66,6,3,2,70746.11,73592.96,2,1,9,-57922.08,86979.85,92890.96,68519.29
45,10,41,70,9,4,6,-12177.88,73105.69,8,4,1,96810.57,-86227.01,-44268.53,-5639.35
73,75,77,45,8,2,3,-46574,-37342.81,9,8,1,47068.12,-61857.93,54789.8,-52394.02
21,35,80,31,1,6,9,-20245.09,-93545.02,1,4,4,-45761.08,89543.74,-50831.15,-28903.04
40,56,63,15,7,3,3,53614.11,-62425.28,1,3,4,-92909.39,-98793.2,13997.28,96803.16
37,55,65,72,4,9,2,-49201.04,-95171.28,4,2,4,71793.43,-43592.3,34062.12,67014.74
51,19,15,61,5,3,9,48238.33,35496.06,4,6,4,40762.65,11918.97,-89463.25,97521.64
66,93,79,90,4,2,2,-55024.52,-40709.69,4,5,5,-80741.67,-53667.32,-34925.11,-52207.02
77,62,93,99,2,9,9,-21839.16,-57180.92,4,6,3,32215.17,-1202.64,-85840.8,35105.24
44,23,67,21,5,2,8,-72614.89,52271.71,5,8,6,79688.42,17734.71,-92242.1,-56337.69
12,92,84,34,6,9,5,69370.72,-53990.17,3,9,9,-97328.52,17382.6,-50779.47,-84840.25
91,85,94,85,9,8,8,89832.64,-3334.05,6,5,3,-39477.56,36257.35,33979.59,-68091.82
26,42,69,20,4,5,4,50395.4,-1248.73,9,7,1,-41273.21,-32193.02,-32792.62,70577.76
57,21,70,15,6,8,2,-2534.5,3790.36,3,1,2,-66943.48,64250.94,18194.67,-98724.46
49,33,20,82,3,4,5,70059.29,-51065.81,1,7,2,-76260.68,39006.55,-50657.18,8465.21
32,29,23,94,8,2,8,-48940.01,-60271.35,2,2,8,20629.03,49785.18,-50948.13,-60395.08
20,86,14,74,2,5,3,-95488.64,37539.03,2,5,5,9099.09,-52270.85,10584.57,-29463.18
49,98,87,59,7,8,8,23135.53,95185.72,8,6,6,-96841.94,56390.9,-74595.09,77319.85
18,56,63,77,7,3,8,86688.82,-81623.76,5,5,3,-73187.99,-48849.81,-36003,-7202.06
84,13,58,75,5,8,4,44826,-50919.59,6,5,5,-2981.72,25846.06,-73811.18,51682.44
70,88,73,65,8,8,7,1247.23,66126.34,3,7,7,-25680.44,93245.53,44671.72,-66460.29
77,15,31,28,2,4,4,-3072.12,8921.2,5,2,4,91289.19,-18743.99,-13349.57,-24176.62
64,62,92,27,5,7,3,-85160.15,9686.98,7,2,3,94735.8,-19766.71,-19279.18,93426.64
85,11,40,82,3,4,9,-42500.59,-65858.72,4,1,8,-46240.91,93016.17,-22907.21,80394.24
79,30,56,29,7,3,6,89129.21,-13187.47,3,2,4,47440.86,-95325.18,64411.96,78261.3
99,53,11,60,7,9,7,-50363.55,-91526.35,8,3,7,-30688.16,-75195.93,37048.54,92593.43
88,55,50,47,5,6,3,21149.32,70135.58,4,6,7,32997.37,53354.39,-70859.34,95396.01
90,72,14,34,4,7,4,-75617.4,12773.29,7,2,4,84251.82,78424.15,76350.4,-57930.2
36,60,44,60,7,3,8,34258.33,-62886.18,7,9,8,-46191,-1976.3,17481.42,-63569.07
46,20,15,84,3,4,2,-76172.71,59962.8,4,4,3,53829.53,-28287.53,86075.95,-11566.69
50,14,86,54,2,8,1,10750.27,-52069.94,8,8,3,81768.21,25302.58,55959.9,57581.45
77,11,47,49,7,2,1,94367.73,14371.71,3,1,6,-74726.55,-89886.41,55470.99,41378.63
89,99,93,85,8,1,7,87843.43,-52511.53,3,3,6,20559.69,92849.57,-88228.72,-54828.69
63,49,11,57,9,1,1,-12093.17,24848.27,6,2,4,38018.8,67804.28,-96459.82,31485.87
64,38,22,78,9,7,4,-62.52,18671.42,6,3,5,-96144.44,17674.45,58730.6,38629.5
73,59,32,91,6,1,4,-62715.15,-54525.5,4,1,8,-20461.19,65016.04,-29580.85,63255.73
55,95,55,61,1,4,2,-98719.99,54091.69,5,3,9,-59533.62,-53900.46,13571.94,-54660.99
21,83,31,10,7,4,3,31747.91,34783.08,8,4,7,-89191.85,65912.71,-34309.15,-27699.37
39,87,66,79,4,2,7,76805.75,-48099.89,9,2,5,-96637.2,-90360.87,-71375.17,59747.98
58,95,35,70,7,3,5,-67307.1,-15603.27,7,4,9,-78705.47,-24271.48,-61471.92,-7791.76
64,33,94,41,4,7,9,-97712.3,-89035.65,5,1,2,20525.02,-23221.65,14244.81,-99923.84
83,70,57,94,2,5,9,55728.23,-88473.06,9,5,8,-57164.72,-26656.31,-3726.99,-5893.76
92,57,68,71,4,9,3,-12545.91,-40633.1,2,8,8,39568.29,45237.31,-17668.14,70279.68
68,81,25,17,6,9,5,-1222.48,-268.57,8,6,1,43442.54,-50658.03,69482.33,44589.96
47,92,93,94,5,3,3,-47768.69,53861.36,8,8,5,-41102.97,-61240.56,20445,87582.29
91,85,60,50,6,5,8,-79634.92,-10210.61,1,2,1,67161.96,-8650.77,59319.99,41774.95
98,23,44,19,2,3,1,-74289.61,37455.81,5,5,5,-48530.75,-23756.33,-5369.56,-59683.63
24,95,32,30,9,8,3,-55831.92,-94216.91,1,9,6,5084.95,-70791.73,-11924.99,44423.74
98,30,13,85,6,1,3,-20718.83,-87216.08,5,3,3,-78880.9,10071.86,-42485.01,-47769.25
98,69,10,77,9,3,4,-83924.94,-43777.96,6,3,4,-62522.84,-46972.96,-87501.83,71045.85
75,24,42,67,1,3,7,67436.52,-36798.89,3,6,4,-91267.5,-30045.67,73069.08,62941.82
16,79,49,25,2,4,9,-59152.58,-15067.25,4,7,5,76813.01,-96335.13,76854.38,-41367.22
17,21,40,56,2,7,4,75468.16,10269.22,4,9,6,-97614.49,-30457.03,-35221.87,57142.06
29,12,62,67,1,9,2,82688.63,18566.38,5,9,3,54068.47,-66872.85,-73969.34,97765.53
98,35,15,38,2,4,2,-75597.84,6778.22,6,3,5,-99633.11,1542.23,72253.51,15715.95
83,93,56,64,9,2,5,97704.24,29583.16,3,4,1,61592.91,96321.38,61555.54,-14541
87,12,59,77,3,2,6,17244.76,-89798.08,5,6,1,56183.94,-60535.15,13599.34,4141.09
23,96,39,69,3,5,2,-21399.78,31608.84,1,7,8,-22035.27,74855.43,-2496.13,53370.19
85,87,39,80,9,6,1,-52879.76,-57997.06,1,9,1,-42042.43,27112.4,-5882.92,12239.79
45,21,44,40,1,2,3,-99725.47,-80962.87,8,1,9,-65072.25,-45151.78,41912.94,-53833.76
42,41,83,33,2,1,1,51274.21,37521.83,1,6,8,6941.82,43883.17,70153.86,92817.69
56,69,27,38,5,3,7,72900.16,-33351.04,9,5,3,79936.1,14183.66,38489.27,-21508.66
29,10,92,30,3,1,7,-25289.94,25689.47,8,8,5,57848.87,-71387.36,-66663.19,54041.2
77,82,47,94,5,7,9,34499.84,47034.77,3,1,8,44073.78,-3557.31,-38519.86,58420.63
80,46,66,26,9,7,2,-10319.4,78283.11,5,5,3,-37241.23,-43217.23,-85433.67,-872.7
51,36,78,46,3,9,6,96266.38,-27406.26,8,4,5,91795.44,-86115.55,-57722.9,14474.75
49,11,77,63,2,2,6,-96135.75,-15352.65,3,7,8,16890.21,51902.09,85805.6,-85228.26
20,85,34,40,5,6,6,82164.59,57183.46,5,1,9,9168.91,75291.89,78171.04,-79345.06
80,84,42,36,6,6,2,9547.22,76847.91,8,2,2,-58281.78,-82999.79,-1970.06,41233.51
98,89,52,96,4,6,6,39023.13,35683.62,9,7,3,-8391.52,-79681.47,-6501.79,6347.6
39,29,47,92,6,2,3,-14101.48,-92386.93,2,7,8,-26971.05,-25619.77,4019.69,-83380.74
65,24,26,29,2,6,8,57244.74,-16774.53,3,4,1,-63334.76,-59004.66,24544.2,-52502.72
92,87,87,98,2,3,8,4251.57,73091.21,8,5,2,78107.29,53844.46,-3524.63,-63379.09
79,79,63,40,3,8,2,61324.9,76407.95,1,3,1,-97857.73,-84448.48,30436.76,42390.31
64,56,10,54,9,8,4,73390.16,8736.1,2,4,3,-71959.63,-95073.14,-10053.74,-66400.52
18,11,85,91,1,2,3,-92944.31,16603.63,1,4,5,38416.86,-25912.77,82982.84,29642.83
27,15,18,67,9,4,2,-66754.85,60529.57,3,7,7,65746.55,9171.17,68504.06,-17224.64
11,67,33,30,2,3,2,79427.29,-57468.77,5,2,1,-76109.4,-67001.64,-57802.13,31955.62
62,67,67,63,9,2,2,16890.89,-9486.95,7,7,7,21929.35,-23303.01,-52121.49,24456.01
45,64,73,14,4,2,9,-429.91,-37416.55,1,1,8,-60397.26,35050.6,71751.54,74913.74
92,45,93,77,8,2,3,89795.89,82705.57,7,1,2,83518.87,-16666.52,-58298.81,71291.54
48,62,43,81,6,9,2,24171.12,-24524.38,8,5,4,16398.61,65530.86,74727.01,-72610.66
91,14,32,83,4,3,1,-70946.76,-68911.41,2,3,6,-40473.26,41120.42,-29788.05,96796.56
62,23,30,28,6,2,5,30778.47,-82124.38,4,4,1,-22432.91,-32217.65,36676.76,13645.58
46,85,75,49,5,1,2,10810.89,-18483.28,6,8,4,42652.81,-24150.2,-75044.98,72822.22
59,26,58,12,1,5,1,-62391.7,-75364.68,1,1,9,45452.84,-16676.64,-35014.38,-95167.25
76,26,88,42,8,2,1,65529.29,74498.64,4,2,9,76419,7822.26,-8136.84,40436.47
92,52,13,51,6,1,9,-66203.68,44606.19,9,4,2,38788.03,11980.72,-82903.48,33853.97
66,57,28,19,7,1,2,-24622.5,-95043.77,9,2,5,24510.23,-76621.2,-27635,20623.82
80,10,61,26,9,9,2,71874.26,21178.81,2,8,5,-46055.35,67379.23,27064.73,-78729.95
70,54,95,47,9,2,9,-30085.76,-51360.08,5,5,2,98920.62,74244.78,-94858.42,-77037.25
46,87,98,25,6,2,4,-78349.74,-44654.03,5,3,8,73234.01,-8119.19,-69648.12,35832.18
51,49,17,86,4,9,7,-77498.16,46755.17,2,7,3,50644.03,-7986.76,-8204.9,77982.15
43,73,62,77,2,4,6,66412.01,-59249.54,8,8,1,18604.69,-96897.38,-62858.87,-29914.99
20,85,89,78,3,7,5,-6994.26,-15901.22,3,8,1,72418.85,-99956.63,52798.51,20435.31
22,53,19,71,1,6,1,-78205.24,-77580.61,1,2,7,-28359.45,-58555.88,68825.09,-9484.51
88,88,80,87,2,5,8,-65429.99,36566.78,1,4,7,-42404.97,-8875.89,26919.26,-72276.55
55,75,80,55,5,1,8,-95225.65,-20867.78,7,7,1,-35409.85,-82974.17,-32501.19,-74220.53
60,51,62,66,4,8,5,8664.68,37230.63,7,8,6,-79170.67,-63789.94,75050.34,-63946.12
80,24,71,57,4,8,4,-29666.95,-33895.45,1,7,3,93311.77,-42186.41,29565.85,29298.76
57,45,80,96,8,5,5,86505.38,14538.54,6,6,1,-35046.83,67280.71,-68075.34,-83062.85
52,34,51,20,2,4,2,-98970.09,49273.58,3,3,3,-2566.69,69357.57,43939.07,-65289.79
75,98,64,12,1,5,2,20376.16,783.07,1,2,8,-81094.02,-16367.56,-18412.06,-32155.94
56,45,72,93,5,2,1,-46456.96,-43524.25,3,8,7,80396.61,74578.24,80032.62,-30826.78
74,26,76,63,1,2,9,-74597.23,-66678.2,8,3,7,-40008.54,31209.12,-67939.12,43570.53
55,11,18,71,1,1,1,-80122.79,90181.59,7,9,6,55177.31,-20318.08,-42676.04,-42940.13
24,94,20,43,6,9,9,81904.92,96424.72,7,3,1,-15565.87,73319.42,37564.28,50132.88
84,85,30,80,5,1,9,-77974.99,12731.02,6,5,1,53242.59,-13188.37,-26841.27,8759.27
29,58,58,70,5,9,8,23407.55,-34045.75,1,8,7,46670.26,-98979.07,41511.1,55254.52
38,66,89,36,9,9,9,23132.73,-9101.09,1,9,8,-86760.95,21076.47,-35978.93,-86887.43
71,39,52,59,8,8,2,-18977.11,58880.99,7,8,3,63727.05,-68880.17,-70260.35,67405.04
31,66,99,22,3,9,7,55209.94,76231.58,8,6,5,-46920.7,30460.75,74246.64,-11618.7
56,51,49,14,4,2,3,-29524.7,69322.47,3,8,8,26528.43,-57500.62,-24379.06,75291.69
10,94,30,60,1,7,8,-43706.89,81945.09,5,4,8,38495.79,-65981.53,-6214.49,-57284.98
69,67,71,91,4,3,5,52782.51,-75573.48,8,7,9,89787.5,-38868.24,2759.29,-62853.99
71,82,75,81,1,8,4,29662.31,59738.76,8,5,3,83825.05,84571.63,-20283.49,-23803.07
77,21,74,85,2,5,6,-25367.35,4479.11,9,5,8,25753.84,86277.66,-83432.56,49279.27
26,16,13,33,5,4,3,-78161.14,52164.77,3,3,1,-31694.77,-30088.48,-64652.41,-6074.92
46,85,31,22,5,6,5,-7429.71,-70070.57,8,2,4,-93227.99,-2944.07,30992.61,-1681.88
20,90,60,43,9,3,1,-57931.72,-86653.41,1,5,1,42997.32,-10715.74,54315.71,6823.17
24,26,50,30,4,5,7,-92637.69,48223.57,4,8,6,37217.94,-78753.26,78054.4,-87806.84
78,22,82,56,3,1,6,-95761.87,-2111.67,1,2,5,16898.71,54604.73,8607.62,95437.48
32,33,71,76,2,7,8,-21446.29,-52258.03,6,4,1,-72223.81,18276.02,58680.22,-41369.27
46,37,25,18,8,6,7,37200.9,-50846.25,5,2,4,-78448.94,-90926.28,-3458.97,-64938.17
13,60,24,51,2,8,6,61960.08,28093.6,1,3,9,-66104,7421.18,49633.21,88764.93
97,34,68,43,4,7,2,-3539.96,-36965.75,4,2,8,-31776,-84112.39,-22332.6,-15723.99
92,26,13,11,8,6,2,83258.04,-78904.3,9,9,4,-72943.97,60083.79,-19455.15,-93825.79
82,35,50,63,8,2,1,-37908.99,-2336.12,8,3,7,-62454.65,-4635.23,94423.09,-67961.46
12,93,68,13,3,2,1,-48145.51,-64738.51,4,3,1,-27845.47,55690.74,-44956.68,-1048.23
78,24,58,62,4,1,8,89806.5,34526.75,7,2,8,-83513.49,-26811.03,96135.24,-68581.88
27,74,20,54,3,1,1,29850.42,-28190.72,1,4,9,87389.98,16380.82,-32910.03,15763.14
28,12,46,12,7,8,7,40597.17,488.63,8,7,3,21868.67,-17703.24,59358.09,-47288.35
53,76,82,38,9,1,3,36101.39,21996.12,9,6,1,-90624.28,5176,-37734.08,-13434.45
98,82,66,69,4,7,5,-97390.84,-57987.4,3,3,1,-72095.56,32696.65,-43911.43,70086.85
30,66,85,56,9,3,5,36357.87,99277.3,1,8,1,56996.52,13786.69,-46801.44,72187.81
13,47,49,34,9,5,5,-15942.02,89531.37,1,3,4,8435.52,-39698.98,-27550.53,-91493.84
32,10,13,15,8,5,5,-11045.35,17800.96,1,9,3,-58533.61,-75357.7,67968.61,-24120.89
26,65,10,76,1,5,1,54275.02,-18783.21,4,1,8,-59395.06,31597.19,-19653.84,-71250.01
35,35,30,89,6,5,6,11699.35,85498.1,3,1,1,30176.48,47200.27,-54950.78,63213.5
60,71,40,67,7,1,9,-1780.66,95500.21,8,2,1,-50516.67,-6909.12,35292.16,-89432.86
42,60,68,97,7,6,7,-28253.5,48736.12,1,4,3,34437.66,8736.86,64018.4,20919.61
40,26,68,45,2,9,3,19753.88,42388.19,1,2,2,19085.52,20102.21,42300.31,-23704.95
44,94,71,91,2,7,9,53031.63,-89492.21,3,5,9,44873.63,-79185.19,346.09,-96350.18
31,30,59,43,2,3,8,64309.44,-30260.12,2,9,5,98841.54,-44087.26,-72329.62,-407.02
84,30,85,80,9,9,2,-6884.53,-37329.33,9,3,3,-28593.11,-31557.41,-71553.13,-19641.35
50,79,61,14,8,8,5,-42290.28,-96271.74,5,2,6,39894.72,-3679.32,58859.15,-33840.11
81,64,54,48,7,2,6,77670.62,-85971.78,3,4,2,-10105.61,49440.05,-79553.57,60917.08
40,99,50,59,6,5,1,76720.61,22894.88,6,7,2,-33197.62,7312.08,-75030.54,-62592.42
74,79,75,47,7,6,4,-98376.23,-10597.91,2,2,8,29855.44,33516.6,81623.66,-9409.33
35,84,59,86,5,1,1,1912.98,66790.14,2,5,9,-55249.26,-26664.02,99579.65,12020.42
61,70,98,69,3,4,9,-45872.3,87514.7,8,6,3,4625.51,-89457.96,13431.73,-63861.18
47,81,76,71,3,1,1,38417.42,4679.59,9,2,2,92741.63,28676.04,49327.77,8557.98
59,50,12,54,7,9,4,78963.22,55948.02,3,8,8,82448.76,43713.27,28816.11,58693.24
22,61,99,80,5,1,3,-55634.43,47381.84,2,3,3,50973.96,47088.11,-19505.92,-29087.4
70,75,24,12,4,4,6,-30809.55,-41660.76,8,7,1,90973.27,66668.97,-45276.55,30406.51
32,63,61,54,1,3,2,-68613.67,-70768.23,3,2,1,90335.59,24345.98,-91608.65,-40797.75
43,12,43,11,7,6,5,-18957.17,-84232.08,1,6,2,-67119.66,82130.81,-9841.42,98115.46
54,33,14,63,5,2,9,77988.17,48042.85,1,2,8,20327.07,28975.72,-52612.61,59037.66
64,84,57,11,8,5,8,-2746.94,75721.99,2,2,2,-90540.65,91113.04,-39263.35,-21792.96
76,18,94,42,8,9,7,12633.68,16636.91,8,5,6,22806.99,-96789.62,-54937.96,31680.23
92,34,18,96,2,8,5,-43266.59,35542.68,2,2,8,27857.21,88608.07,-70388.87,1508.67
30,28,82,15,3,7,2,98261.31,33736.32,6,6,3,-61541.51,-15593.54,-83560.01,50400.24
98,66,60,93,7,5,2,22000.56,19660.36,8,4,6,-70034.74,-60972.95,47817.97,-58232.51
75,47,28,39,3,2,3,79197.47,-87130.68,3,7,6,-26037.85,65642.15,-2621.22,-12001.77
30,32,31,66,6,2,3,-95411.98,91297.46,6,3,6,-68958.89,75128.37,-23836.38,4540.35
14,59,32,67,9,3,8,-27545.5,-37747.05,6,2,4,74681.57,88041.37,65368.12,-91731.2
59,13,68,29,2,3,2,43580.26,-40824.95,6,4,4,-81532.22,-32860.65,-57868.1,-94589.47
66,42,25,96,7,8,3,-89121.47,67524.87,4,4,7,98236.98,-59773.55,-97380.03,90552.89
34,61,72,50,8,2,6,-57408.89,28043.53,4,6,7,-29649.63,22607.81,-33349.97,51629.81
60,51,13,58,3,3,5,-82302.46,72232.58,7,3,4,48105.25,-72074.51,-37585.13,76067.49
34,42,68,75,8,6,3,-59043.11,-28876.3,7,2,6,98310.52,75835.49,27481.39,47591.44
85,50,50,77,8,5,7,24491.58,-13575.87,4,3,4,23657.82,18204.73,-53322.08,-70676.58
20,24,75,58,7,3,5,94051.46,-44863.82,6,6,8,-18679.88,17635.54,-90532.44,33747.12
18,32,73,43,6,7,8,-77843.21,-92865.95,4,9,8,-52506.79,16467.24,-33144.41,1220.35
26,44,67,60,1,5,4,21066.68,40545.03,8,6,6,15151.52,67751.6,-38351.96,53794.74
59,61,28,66,5,8,7,-14616.7,-64284.83,8,6,3,51846.17,-6824.2,-53055.92,-61152.56
37,80,38,73,9,4,4,26428.49,89238.04,6,8,8,95726.51,80965.65,34910.72,-17926.36
18,30,52,37,3,7,2,-32791.76,50615.52,3,1,7,38726.01,92107.74,-99642.86,11022.01
86,31,16,36,4,4,4,-95024.05,-9869.77,8,6,9,-70321.9,61754.03,-12399.87,-63541
98,45,34,99,9,2,1,-93606.31,27615.81,7,5,8,10764.65,-56818.46,-46188.47,-96143.34
80,45,16,64,9,4,1,-69109.12,14454.7,9,9,6,-85049.54,94830.7,1767.26,-25136.08
88,23,40,64,2,1,2,41961.95,80551.56,8,3,2,-24014.75,71710.81,-43499.64,-70938.47
44,22,94,39,3,1,7,11499.73,86271.51,6,4,2,68701.57,-28638.29,2695.15,-4412.91
69,55,54,61,6,2,1,62965.27,91550.33,2,3,6,-2472.82,42769.99,-23967.29,75637.87
72,48,54,89,4,7,8,-98609.93,14845.67,2,8,6,-48752.78,94569.12,91156.74,-32430.8
84,42,84,18,3,1,9,32736.03,-16019.72,6,4,2,-98590.32,-94364.23,-42389.09,-26619.57
73,18,68,49,9,8,3,-67653.7,18500.94,6,7,4,-94806.33,15163.58,21045.37,65537.85
86,78,24,69,2,9,5,31854.42,-99357.51,2,2,9,31876.1,76653.06,-62238.73,-86523.53
33,65,34,81,3,3,1,-3212.17,-94172.85,4,4,1,39230.47,-52703.99,71351.72,-75157.83
15,41,65,46,7,5,3,48876.08,6212.71,9,4,5,-88692.68,62349.2,-34643.51,91532.87
87,94,64,42,9,1,7,87196.41,2034.23,1,8,8,73908.02,-37760.73,2218.17,-77767.14
65,54,26,67,4,3,9,17850.19,-97421.77,5,9,3,65358.07,24799.95,-72008.33,96032.3
37,29,59,48,5,7,7,-60460.17,58267.27,8,4,2,-22315.01,12018.48,-56697.3,-31099.82
53,62,41,85,9,9,1,758.86,72633.12,3,3,1,-53799.85,90279.26,85719.01,18468.01
17,89,17,84,7,7,2,91663.61,79339.13,2,6,7,-27191.67,-66756.92,48997.39,-94244.91
94,13,72,29,8,1,7,61463.2,43332.43,1,8,3,17424.56,13862.91,-19051.85,-67846.05
91,11,12,46,1,2,4,-67425.4,-762.5,7,7,7,-46333.38,48506.31,-27022.34,-20015.44
22,84,20,48,5,7,7,-9219.48,77199.02,3,4,2,19825.36,61734.13,-69975.35,51653.8
33,92,29,59,4,4,6,-17723.09,95468.71,7,7,8,46219.89,-59261.83,48335.74,-84342.45
11,41,52,94,6,7,4,-23853.94,1644.02,2,5,6,-42611.69,99176.41,37649.13,-91425.51
78,56,21,86,1,6,6,84322.77,60130.25,8,8,3,51881.24,-59881.96,32248.41,-77665.58
36,20,39,57,6,4,3,27776.37,-21087.18,6,6,6,-13120.78,-98639.68,85448.83,-52938.91
60,45,78,66,2,6,5,-90594.36,-45852.21,3,6,4,-50522.71,-54711.04,90970.64,37603.96
71,38,43,60,3,3,3,-35293.08,37209.95,6,3,8,-18192.03,16088.04,9008.49,90426.75
52,68,76,89,6,5,7,-3198.95,-10278.94,4,2,6,-37454.32,-40615.37,-73381.51,-10366.93
57,88,41,69,3,3,9,-61670.86,-59042.6,8,4,1,97683.77,28122.84,90303.96,-76965.81
68,80,66,20,2,7,7,-21686.53,90172.91,6,1,5,56304.71,17629.1,41094.65,46640.98
30,73,46,93,6,9,7,93431.51,26776.02,1,4,1,65084.67,-50283.06,-20249.73,3936.11
20,49,29,57,9,7,3,24242.25,93701.03,5,3,9,-88759.27,-53717.07,-19506.4,26472.36
43,63,17,67,8,7,4,-44478.27,43108.12,1,8,8,21752.1,17590.94,-59830.93,-28752.29
30,65,71,21,9,3,2,83214.12,16820.62,9,3,1,-20436.88,-39143.72,-65231.88,69625.33
62,19,82,58,3,4,5,-45691.81,88385.86,8,7,4,-66148.89,-42274.99,20511.22,71030.51
22,85,85,78,5,2,3,-76785.71,-68265.14,7,9,3,-61004.07,-33630.22,78699.39,19805.11
75,11,65,17,1,5,4,-22888.97,90395.98,1,7,7,-76622.98,75599.49,20400.04,-8745.88