ALTMT,ALTMT-1ST-ACCTG-PRD,ALTMT-2ND-ACCTG-PRD,ALTMT-3RD-ACCTG-PRD,ALTMT-4TH-ACCTG-PRD
-78592.37,41392.75,-23927.17,77241.82,-59846.93
98741.33,-50089.09,79216.15,-81293.87,-43423.31
-74737.17,-33271.74,59415.04,-80926.39,40167.33
98070.99,-57770,18690.51,-16757,77254.03
-32098.4,-75501.34,-13216.74,7890.84,-66763.32
-29867.76,-11149.53,18622.22,52029.09,-23741.17
33083.58,62465.38,74395.68,77151.69,-80154.21
-95386.19,39936.82,-8715.63,68507.11,14342.64
43486.24,36948.26,-54478.17,89715.87,31083.8
-94322.22,43457.94,-99076.47,-61149.75,-7851.16
-75620.51,-35946.6,-30480.99,-533.27,73086.94
-81535.7,75746.5,-75673.98,59395.94,87006.94
55069.52,-91876.6,82046.5,63740.07,-9231.29
65086.2,-35575.8,-23762.86,90225.07,9054.4
-35136.53,-51803.46,-71351.26,59704.22,33488.05
-5143.05,-64162.51,64515.64,6105.57,68519.9
-31.18,88816.53,-74302.31,-97646.22,-57426.12
-43555.39,6483.92,68624.31,22596.58,61877.93
-23312.4,-87594.63,-62249.62,97363.55,-11125.93
-53031.84,30396.57,-73652.79,82375.51,62215.97
18877.2,45829.03,37808.98,40881.64,58228.32
-31816.88,6557.63,31671.76,19517.72,-44687.42
24991.93,7069.25,66703.81,1065.44,44587.26
13428.06,-62773.26,-40143.82,73705.12,93694.57
-61742.74,72837.14,-30067.09,87916.62,-8114.45
20363.74,60737.94,50806.76,91263.65,71344.1
-47456.99,3124.68,34617.54,80630.32,-96991.51
90595.57,61385.48,1442.38,-99223,57305.16
39483.66,-10973.39,32779.25,47720.95,38101.5
-46511.69,91339.95,-972.8,-22228.28,79750.04
-21542.29,-94859.2,-80280.26,-28850.73,-37433.69
22069.61,-71003,-1713.16,-42206.59,47356.43
-39431.49,-6329.79,18410.83,45268.11,51938.05
-57227.43,38837.51,-98581.48,-47648.35,92480.55
-57690.87,-66840.7,-36372.1,58361.61,-65255.56
-84810.11,-32220.09,-35972.49,-26071.14,36049.45
-43804.24,-20319.16,-91395.08,45704.12,-38515.27
66709.28,-35852.63,58466.89,77745.76,-22735.57
75028.72,-25868.08,-69491.86,-77551.44,28565.2
-30447.49,-21255.48,-22653.62,77776.84,96518.26
-31466.49,-2330.39,12056.92,-26586.49,77237.72
-71282.69,-20665.33,-2379.25,-75227.73,22030.78
-7916.2,8435.43,88556.38,39310.36,19424.74
58579.88,-83571.49,51376.26,-90227.7,-61274.92
88437.12,62630.09,63666.29,65265.56,12589.5
-1560.55,823.86,-35230.66,10427.56,-33098.11
-49223.82,-77591.46,-36368.52,-50403.34,-10128.3
-91176.6,-33670.9,63833.3,-4799.65,4805.9
-39121.03,-84326.22,-97212.84,52701.39,62173.04
73417.44,-92372.28,47013.54,69094.75,40606
-56926.91,48723.16,-67618.77,69388.75,50901.39
76770.06,-35859.08,-62017.8,-48812.62,-54480.53
-93701.49,-44929.69,44984.93,32580.69,-12180.92
51069.47,10912.65,-98186.86,92720.12,10681.52
17713.63,-74583.66,-26615.02,-4267.74,27780.62
-26581.63,-61148.74,-24884.15,67823.56,-88143.26
-65902.69,-4387.09,-53461,50014.43,-79091.04
55208.32,-35894.06,-37899.83,97337.71,86859.39
39006.57,56419.28,63331.7,-28289.25,-52099.95
39048.2,-88458.4,-9347.13,-68580.05,73621.86
-65260.47,-44411.69,-33715.31,-79998.94,78861.64
42130.05,83284.24,54450.37,37020.32,-84724
86198.67,-61801.62,85315.85,11591.43,59330.77
-53413.55,-25840.7,-32371.32,44340.09,40510.28
40285.1,-84892.78,-50265.48,-57217.34,-66044.73
41933.35,-14476.36,88281.3,-77387.43,95994.01
-82014.9,72025.77,60711.98,56211.52,-53906.44
84181.84,-89266.13,-6670.5,56336.2,62172.62
-79596.67,-66229.83,-8615.37,33419.49,90186.38
-76720.54,18341.43,28730.88,26900.19,-30746.46
-31483.57,-32124.37,-91825.47,-45747.05,-67891.48
79645.72,-64910.78,-79166.22,-35488.45,-73447.14
-2844.4,24248.08,-57304.93,97069.77,-76682.47
-84914.71,-28083.66,4615.68,96393.25,-2136.16
36563.97,-89315.45,20056.4,11696.7,1960.78
71949.45,-64970.44,-64998,62886.73,-4367.29
-12636.62,-60512.01,59686.4,-85278.4,76029.01
-68097.22,-63119.07,1537.18,-67480.89,48280.44
-9983.71,89552.16,-80614.76,82906.41,-77030.2
-45226,31123.96,-98019.9,25787.24,-57580.81
3508.1,-27049.5,51427.52,-78437.37,-13276.31
-31470.47,-54081.07,57035.1,55575.76,-1269.38
22930.72,91446.87,83695.28,-17242.73,81573.74
25571.95,9732.12,-89371.72,36613.34,-4884.56
78241.53,-35736.06,46236.5,-23326.84,-26103.26
-33872.18,-81477.75,-68517.06,48989.25,15259.09
52153.97,-97326.6,-28857.47,-27847.62,37663.55
74901.95,2238.15,-32773.37,55679.56,-42261.13
-23908.73,59319.41,-96438.35,-96899.78,15378.43
72576.08,-34740.17,-22412.45,87167.2,63160.75
54563.16,44454.61,-22618.32,52741.07,-7630.96
97269.81,66474.35,-42251.74,-12971.63,72727.95
-25198.79,-91260.6,-80147.61,-33214.02,-70639.64
-17350.96,-85302.15,-82964.76,42056.85,76303.25
-42766.83,26981.76,65714.72,64400.71,-88902.11
40859.79,-93157.31,-99564.22,-67916.79,14634.01
-39640.48,71099.09,-57613.88,83643.4,52973.51
-60112.45,58953.83,-80602.28,41227.96,34095.3
30859.21,2497.38,-35880.22,-79956.21,36584.08
18673.09,-71749.12,-94206.42,-34541.91,89968.36
-70407.17,22651.39,66382.5,65892.06,18267.18
59456.54,-21522.44,-5026.12,3713.13,50295.5
-86764.16,63499.88,2935.51,-75573.59,-25847.12
99084.33,76812.48,-65453.91,-56422.02,-23138.37
40310.11,-24550.27,34666.66,6518.43,95252.28
93248.08,-91860.45,65958.29,-85418.04,96301.17
-5567.82,60976.27,-91030.39,36565.67,48592.9
12251.37,-93056.18,29190.81,-40227.9,-38212.44
-97406.6,57371.39,-67767.68,68427.58,26548.02
70105.44,75466.05,37341.27,-79861.61,19213.73
-10702.77,24666.58,83661.6,-71659.24,-71465.68
73538.21,-30996.64,30704.99,-49560.18,55137.76
31713.01,79099.51,-49497.37,-33588.71,-76691.21
-32768.88,-63295.94,87018.52,-95164.88,27926.35
33730.14,23477.43,69271.05,79605.96,44645.25
15703.38,30120.6,-83768.27,29923.98,35861.81
-34794.31,15081.38,60507.45,46980.69,-83665.11
5689.69,8428.07,-83537.85,22961.73,73291.17
76585.1,81151.27,-55262.94,-43694.38,-54712.42
-37170.55,76160.47,-28437.06,-94931.11,44034.7
84929.55,-36137.07,33030.02,-83965.19,-19286.66
41338.6,10513.14,-9788.05,58228.85,-78207.64
22207.25,-6582.3,-33631.94,-91256.12,-94111.79
-98433.27,98042.49,-39625.4,16587.13,-82468.55
-90993.91,6702.46,-44729.89,-83688.45,84600.53
85342.81,-31269.38,36860.71,-14000.79,-25142
80451.61,-92324.54,-44786.87,-29662.57,69022.94
90953.42,-71815.03,60833.93,65388.45,75928.96
64597.23,58440.01,50508.04,-30597.66,61835.23
14897.62,-36931.84,-6825.72,19869.46,-17027.71
4241.06,86733.52,-67731.82,-19424.44,90294.65
76334.11,2837.62,-99883.2,46697.26,76044.21
71493.01,41560.31,68706.01,71876.94,-64258.48
92043.87,81969.66,50223.1,94849.24,-62908.29
55094.18,-62901.76,-44958.67,-83449.99,-70538.03
78562.81,94382.08,-80984.55,-91227.25,27478.17
43792.6,95930.1,16065.21,-57499.79,75960.11
-99867.16,-39501.91,34627.06,26066.22,-62769.16
80435.74,-64489.13,23223.84,29514.68,97665.46
-84391.76,-51633.47,62264.63,-71039.27,-17466.24
-11319.49,-37844.79,-90959.39,-91232.04,71784.63
36332.24,17690.19,86679.14,-22554.15,-82589.77
-11177.27,-73947.24,45837.28,-59885.08,85480.82
-89977.7,-38289.18,-64809.55,-95701.31,98579.02
-66789.52,-42484.78,-70871.59,73376.99,41506.91
-77725.42,52386.04,45508.56,2813.48,-68474.18
-77192.19,-58264.31,-3945.14,6373.79,-72916.09
-37071.45,60173.91,82189.48,45376,-96318.78
97492.86,193.84,-37731.37,-82412.12,56037.84
-37138.84,99198.57,-65819.61,33910.2,68311.62
-95802.2,51035.51,-28633.65,32692.08,-21950.39
84797.14,-91957.18,-81556.76,30193.1,-35576.6
-39439.4,-81187.54,-7382.05,89863.17,51173.14
75153.77,-99928.07,-97251.95,78063.04,-68582.84
93871.13,-45725.73,93751.27,12745.57,-19896.4
-40467.48,64346.63,-97412.42,-89108.77,-98791.25
-40121.94,35581.79,-65458.42,-33332.83,85320.35
89641.53,-89271.74,-90432.64,-78728.93,10526.89
-57615.9,11196.57,38611.86,-23555.69,87769.52
-50206.94,-56117.56,-87202.01,78320.98,-52607.95
-39296.85,-61577.37,7211.57,1835.86,38128.17
-54521.38,-40680.74,-80423.4,-96736.16,-57141.52
16425.65,5465.59,-50756.96,66988.04,33223.18
82611.02,74702.24,66569.2,-90935.81,-95840.24
3141.88,-67283.64,-422.69,53148.46,-98556.55
63668.34,35253.05,-59505.64,77712.92,93740.14
-81505.51,-12026.24,69644.03,18484.07,16840.44
48170.89,-79311.39,10037.52,48698.02,95495.89
-67386.81,2535.99,-82347.82,46039.94,-3713.49
-21173.89,92444.1,-77228.7,94014.24,6053.32
-20395.84,-67751.86,5479,-92324.56,-57522.92
-8276.79,-85905.12,26398.82,-25973.76,-36210.27
-87955.63,-94969.14,4145.84,-41869.02,7860.43
-49134.3,89879.26,75771.9,-48327.67,-95852.65
-80313.77,-66671.86,-58908,-32086.82,-54096.38
-20984.27,51094.52,95614.01,-57975.83,5339.44
-93083.6,-49299.89,3869.8,60922.9,-68869.63
-82196.59,94541.19,-6842.68,-71067.79,65904.65
59227.86,67095.9,98096.03,55898.43,-91083.97
19501.18,4628.1,-25483.99,21316.5,33210.13
33969.44,-25041.59,16373.37,-50003.29,-7221.32
-67642.05,-75751.57,91136.85,-31430.82,68629.16
76997.5,-52722.57,-22759.08,8585.06,83111.31
26172.52,-47795.73,1609.29,-65750.57,61329.31
-98364.82,-80685.42,-13833.07,99879.27,93128.94
53083.72,-51008.23,-15630.65,-93508.77,58482.62
56051.94,62171.08,-10514.84,69732.09,13540.32
9002.47,-7559.13,-16924.35,-59835.13,-85500.32
-69083.8,-81226.76,-95689.34,-99118.75,95241.99
-74185.97,-63589.57,-26507.25,98955.22,60274.65
-89457.75,-1658.37,57594.29,-69177.93,14382.77
-21846.15,45819.79,-22972.96,-17284.67,-53459.07
-15822.73,-97165.09,31319.89,62091.92,82199.24
19544.39,34499.1,-45495.48,-26864.3,-94587.91
58239.59,23307.71,97846.22,71331.85,24839.87
-92448.59,67253.12,-67510.6,82722.01,-54159.42
54562.8,-78583.63,65985.74,-79439.06,-82296.65
-95575.65,-56978.71,33343.82,-67656.04,2036.17
-45697.28,-62547.36,57917.93,5375.19,99712.54
-65872.43,-54309.65,90560.57,-8829.85,-83167.67
80150.67,24612.86,9695.25,-40430.99,-40376.2
-71797.44,80401.1,34993.22,-30573.99,7645.36
44625.62,62274.97,9579.03,-8837.69,-23081.78
-57703.26,-34559.47,75877.75,-57105.45,-5839.83
-81229.64,64717.68,-13080.64,-70838.53,-13579.63
-47906.07,-17682.25,73580.05,30929.73,-87762.48
-17583.14,-32526.5,55613.81,50045.39,61376.08
-3546.78,23192.52,82547.74,-52791.78,70519.3
-65195.66,37841.05,43815.2,48528.26,41080.34
53156.65,29422.56,24732.87,45172.6,-57967.51
67454.19,-97431.46,30719.4,3964.92,-72018.34
17087.01,52540.45,64206.17,97338.56,-46277.76
-97407.91,-16192.36,-48403.23,-48321.05,-91082.2
-43309.16,11483.06,9328.26,-86873.04,1229.62
98890.5,31496.61,-55168.93,-54973.59,-91541.26
-104.46,-34907.23,-60063.75,-17219.48,-54688.79
27905.92,-49468.95,-64599.83,641.67,33469.63
-16788.39,-90831.4,95266.88,16833.6,74168.02
46394.05,55325.82,34147.32,-47044.05,17620.76
-18843.89,-89728.32,-23811.01,-9887.41,66014.5
6133.48,-16624.71,-6822.15,-17496.59,-5768.57
-79610.16,-59419.2,75588.64,-19641.28,52050.31
15108.72,-42610.07,8819.84,42252.54,-70066.74
52536.59,-96443.6,75791.83,-60561.98,16970.72
-61938.46,-66370.06,19223.22,-76554.97,-81557.84
95411.2,-6874.98,-27632.85,-64305.53,-96209.73
61135.68,80330.12,56248.35,-9020.64,-43652.84
-20802.75,-9022.46,-24076.4,-79607.17,-89439.15
32118.89,70220.08,-27565.42,17284.13,5142.78
-20932.12,-23286.41,49583.95,93605.2,45909.06
-27169.47,-83643.31,6683.94,55704.44,20225.04
54585.04,-26593.04,28693.86,-28261.64,85031.97
22519.57,-96768.76,89393.3,31342.32,77757.5
86378.11,82212.86,-99714.83,-81291.33,-68253.79
67929.35,48262.82,18956.88,62335.7,21811.88
-53271.08,61079.37,-98952.94,-28183.96,-95131.9
-50262.24,86851.56,96160.44,23149.41,-58771.91
-71282.67,48654.09,65586.91,-5608.46,-75260.54
-59246.12,31896.9,18439.53,84254.11,-5581.11
83137.06,-77383.35,-92323.03,-48113.39,82414.93
-24432.93,-96766.43,29980.86,-79202.65,22800.7
42915.61,-65894.84,64044.37,61904.25,-9429.83
-64592.29,-38055.97,-75867.22,-89215.94,54068.47
31977.82,-92268.91,22327.68,-890.86,-91396.77
67750.01,-80461.14,-27093.49,9453.47,-711.46
-72737.02,74604.88,-9864.74,-72260.84,26126.03
-45829.04,-91055.62,13241.85,66938.78,-19541.89
-50670.8,1071.9,-32275.66,49586.61,-25080.94
-52534.29,-7756.04,45758.36,-24814.26,-34225.53
70855.63,14124.3,-99764.79,13481.3,50545.68
-36353.8,-98174.67,9063.1,-69618.39,5322.79
-11115.53,-55654.79,2305.31,-33408.23,11722.36
85357.2,-43417.07,15197.99,-90565.37,-48234.84
-17715.02,62171.59,97117.25,-57632.41,58084.04
-35087.89,-14658.86,63709.63,-46741.62,32081.3
97188.48,-2831.96,29720.74,83520.21,99220.44
-6046.74,40855.18,59042.32,76468.96,51283.95
38583.74,-41143.61,40493.79,90600.34,-23021.82
-52296.9,-80165.25,-18268.2,25140.81,840.95
-92221.68,48504.75,-11045.64,-98588.83,86302.44
99205.83,-35888.33,-16046.36,14974.13,-97622.18
-98649.52,-40916.55,40724.89,65528.1,27091.3
12605.05,6514.02,93401.91,-79502.84,-91639.46
-56526.77,-12116.3,56541.3,-32625.73,22086.34
-6159.23,33328.2,95272.55,-83473.83,50965.31
-46933.06,-40853.24,56395.39,-54468.71,99574.59
22660.87,24542.69,57821.34,88574.05,-23490.15
30788.52,7794.39,16321.53,76851.81,6286.54
62723.06,-32711.28,-21473.02,-84375.61,-3913.53
28235.2,-10519.61,48671.95,-96941.84,60023.63
-70313.04,-43279.74,66234.74,-45822.86,14931.25
-47866.67,-43779.06,-3454.37,74355.46,-61150.27
7403.11,91296.22,-53352.38,-33653.03,11865.02
-66150.66,20643.85,17682.11,-26879.66,88046.78
71389.07,89148.75,-56261.68,-30715.92,-7087.25
62348,32196.76,63518.06,37390.62,-14212.64
-89189.37,-98353.89,59235,-60562.94,-63892.4
-50525.94,8002.87,7731.79,83499.26,39648.66
-41458.16,75065.91,28534.46,63601.66,50817.97
-18204.93,20760.01,-92035.76,-68039.82,-64951.5
62831.27,79139.11,-8621.63,-74962.53,-92086.49
-72511.76,92055.01,60086.83,-62236.78,39839.76
-88155.17,80152.94,21782.41,49743.41,55340.63
-48714.5,95933.14,16316.71,21289.18,-67077.49
-27122.72,83559.31,31339.75,56687.19,51545.36
-24655.39,-85623.06,-68666.85,40561.45,-13850.11
-10359.38,8282.21,-64234.71,-71600.57,-30010
-69435.88,-14619.6,-48451.82,-25168.87,27749.94
-9943.42,-77339.84,69368.56,-78750.1,86800.79
78870.39,91102.28,-60104.3,40438.97,76636.49
45698.1,-52831.55,4465.76,-64215.39,-72113.42
22433.87,-10975.23,58498.03,-13507.53,47761.04
-47124.14,-39613.06,-64546.09,60195.14,70040.88
-71742.89,-29645.68,74435.25,32.98,31860.69
96877.06,85525.31,83535.56,-78145.88,-7198.97
94654.11,-38490.05,8515.33,14271.54,-80455.27
-45690.13,82256.58,-50025.28,65551.73,-40646.87
-72205.14,94567.75,-63676.02,49700.39,-71611.62
16703.31,70550.1,42139.78,8763.15,-76119.5
93992.22,-29052.98,33066.02,46275.17,-22080.63
-54963.94,17198.71,77404.73,-29236.32,-30998.49
29009.26,31329.35,64593.05,98564.35,-9028.71
76735.21,-79783.31,95946.92,22717.27,3052.05
53657.03,-58426.05,-10264.87,-41881.74,-99773.86
-16726.31,-85020.47,55019.29,11597.74,-50050.32
56290.8,-41080.5,64599.74,1931.55,5525.05
-43080.9,-90046.23,-46758.39,89035.9,-85637.52
-65059.59,68223.77,17853.92,-39849.38,-90547.72
42345.05,-63947.06,-14254.8,-19819.79,-47876.67
-82523.85,76084.91,-30755.96,-86674.94,-35049.04
53786.4,44220.07,-14458.69,-55563.93,-57551.66
78139.15,15600.15,41682.64,520.51,-41385.43
38788.26,7894.15,90467.22,-30047.73,-56622.14
77103.98,64511.03,-5807.26,92056.12,-31951.02
-55642.96,-7429.14,-14041.09,60738.62,-84289.48
-5932.79,-90769,-23318.04,88844.24,23053.11
51452.23,32916.17,-44989.23,-11498.7,-38740.35
32425.07,-25858.36,8598.21,-93833.01,96174.27
-99400.27,15282.86,97343.44,90159.89,15141.48
-79237.01,-37170.66,68288.72,-65421.41,-6949.76
78796.44,-84417.48,50557.62,71807.26,61726.57
90139.19,16382.67,-15887.55,26721.22,-20071.5
-57341.9,-60017.58,19246.98,93932.51,70246.65
-96062.45,-70592.24,94543.74,-32702.49,26227.32
-4483.24,-11340.05,-67087.66,91585.83,-41968.43
-50578.89,10681.81,-87623.72,31732.42,69558.53
-13630.83,37392.51,8918.94,-790.27,-87942.77
65959.12,11149.98,-75855.09,-61940.42,46227.82
32336.82,15444.02,11185.84,-86782.77,5223.12
28164.79,-69852.24,-44598.1,-16867.84,-84945.9
-75087.93,25292.1,93458.7,-68733.16,9267.34
-3510.15,-34712.49,22689.58,-16332.77,-30071.42
-76836.37,36461.5,55245.47,-31371.68,-88565.19
-55871.18,-85311.28,59541.3,-55046.92,-49548.8
46221.55,22590.21,88501.69,50258.96,-12584.01
-73079.28,86613.87,16925.01,-1409.56,83271.89
23060.78,31361.3,43965.29,10101.62,-93904.98
-33298.33,86448.27,44534.5,-29085.3,-13887.91
79624.92,85967.75,-34141.66,75039.44,7251.34
-79397.23,90453.94,-15013.53,62160.33,-91574.73
-83673.92,-35704.11,38067.14,2665.51,-7733.59
60459.43,27730.2,91377.55,52039.94,-92840.11
-27092.54,-13006.54,-34230.87,-95260.09,84952.42
65667.42,72404.17,-85593.91,-34343.16,-56112.82
36643.21,95918.76,-14450.58,69143.14,59784.9
-71019.34,-77030.04,94583.31,40757.5,63623.66
82630.72,-89086.04,-45260.09,80186.87,72362.32
-25523.03,44863.28,15907.24,19392.97,-55022.88
27013.6,38602.84,-37380.31,9046.01,-51122.53
-7648.19,99846.37,-83964.54,74688.93,37027.71
78766.93,87177.02,66209.4,-54262.44,-31974.44
42636.65,47993.94,27100.12,20217.86,22794.17
10310.49,-20552.75,5672.25,4065.99,-80743.84
-24771.55,36610.41,-8433.01,-46826,-78106.08
-36455.63,-96112.11,-85684.76,6939.66,-92830.46
65895.86,98362.02,-18340.5,-25097.06,21320.54
83382.33,-46782.07,83231.67,26519.73,77471.73
17952.98,40113.29,-60064.29,-11794.55,42460.99
60161.98,99844.44,22595.56,89190.77,-64420.42
-11781.68,24838.72,4249.6,-57956.52,31887.41
-35734.14,47326.92,-69219.68,72052.09,-82612.71
-80131.21,44751.35,21488.84,-20650.39,-91663.61
78894.83,97877.33,17879.33,83902.96,-87993.11
11977.54,88692,23631.9,25466.82,-34143.57
-46846.63,94962.66,-71187.49,-13932.62,96048.19
5208.34,-98150.18,-31524.16,26637.89,-95108.79
70757.55,19020.62,91085.92,76240.02,53178.99
-1834.04,-88490.95,-50917.58,97889.23,-42357.81
-47903.5,17840.03,14950.74,-10750.62,-22889.5
-91770.81,-59478.61,49496.86,-3416.63,21573.75
29632.12,-26285.14,24866.31,-48965.83,-71963.77
60781.63,-37455.93,-71915.21,-67650.95,-49457.5
-69161.93,54198.41,-79032.88,-8459.65,51531.95
-20265.72,-42585.67,-29559.06,-86981.93,-60081.25
91850.13,87730.26,-70855.58,30958.73,-93030.23
-88651.49,-39237.51,75020.68,-68629.18,71689.42
-21887.41,45494.69,66496.19,93533.42,-52597.46
55091.75,-87270.84,93103.1,-41339.02,-5597.68
-41223.87,1791.74,-78356.29,91765.5,-66134.3
-52524.85,-65378.05,-86965.57,67790.68,23246.41
-73221.33,72115.27,-45142.69,-49977.16,94547.76
-10490.87,66190.48,40826.57,-30772.87,-94642.48
-3410.42,-55949.02,40522.63,-19544.62,-84450.65
-86816.5,-37060.1,-63662.56,4353.2,-89310.83
80992.86,-93753.29,-97617.45,-65514.46,50093.76
51958.93,10804.39,-17273.71,98575.2,-1835.73
5922.51,-44877.41,-18975.62,22665.53,30858.77
-38728.53,18693.59,-46428.59,61493.78,30899.56
53188.79,-51881.84,-27871.23,-53266.26,43344.68
599.91,-93234,-67308.68,-38522.73,89408.7
-34492.4,4242.1,10130.69,17098.49,-55318.42
-59110.68,50359.45,-17157.46,-21802.69,-84709.86
64031.88,67005.62,64658.35,-67206.98,40098.98
18097.78,93358.45,20811.18,-30832.49,-75036
55037.09,17073.49,-82815.16,29049.57,47736.74
-37646.55,82836.9,-44913.89,64941.42,17224.98
60910.32,16495.56,-42817.17,7049.72,64070.3
-38519.27,79849.32,-87439.51,8987.73,54630.01
20565.83,71834.74,27919.67,8183.72,-48576.17
60976.65,43356.28,81543.43,32992.26,-78550.42
-55686.86,-35676.34,-57371.64,10646.37,-55273.55
64828.54,-99615.32,-69163.5,37848.01,33216.44
-88896.2,-28081.9,23209.86,-65104.98,73660.16
79064.98,-84398.5,23449.23,-67106.75,-29094.05
-9477.43,62823.47,-28025.79,19741.69,-85002.6
-64700.63,38037.95,57766.12,90566.47,81744.19
22604.07,22854.95,-60904.64,-8270.24,-3600.82
-15902.44,-56984.61,66979.92,18144.17,64280.19
-64157.63,13994.62,-56922.99,-70361.97,-1187.27
-59633.37,-29479.77,-25613.44,14011.89,-64182.73
-56070.53,-33261.26,13265.68,-37714.84,41435.53
52591.17,-45074.9,-58040.04,-89882.85,60169.96
-79325.47,22218.9,-57784.33,-71155.39,-19747.06
-4102.98,-45415.64,93828.17,68481.08,-95670.92
20796.14,39378.79,-48058.27,28411.99,-47902.8
66799.48,55616.61,-40825.26,79725.26,81371.31
-63314.93,-983.91,78490.05,-64739.53,-94177.15
-97894.31,82099.08,-43438.01,2910.37,36807.12
-365.14,75937.35,54864.76,27743.95,-82710.23
-99367.41,-28717.81,40990.31,20120.26,-89694.68
81044.01,-89856.73,21783.97,48251.37,-40235.09
86683.28,161.83,63289.87,-69201.16,31196.4
3733.98,-59449.14,-83886.8,19692.13,11818.63
-74654.2,-15540.83,-87329.11,-20610.42,-76755.96
25372.94,16181.54,11040.34,10285.81,98114.47
-97589.87,-91535.57,30292.62,-75123.91,19082.65
-90583.75,44362.54,14163.01,-17611.68,-99798.28
88257.67,55319.14,-58819.11,83125.73,75427.42
59920.19,96121.17,71917.88,-69679.47,21747.87
82269.78,-82533.07,-18610.83,26323.66,-75437.88
-83289.81,-19224.07,-22348.54,34787.47,-47817.92
94380.87,-64525.79,81107.57,28603.99,92158.05
-2976.5,-90840.82,-46072.39,-52136.52,-72077.64
80050.59,11252.33,-54288.69,-72431.55,-67297.97
66673.68,72448.36,-40939.83,27591.23,42577.14
96434.79,27022.2,-87039.07,41439.14,26783.84
62176.47,39509.48,-58209.28,-70094.02,-2666
62422.7,87750.3,-71460.29,113,-46426.75
9437.35,44226.49,-62813.05,51572.12,94401.75
-66878.77,-49210.11,99166.39,-80546.92,-84001.74
-91800.09,-78432.18,-46034.58,-1500.8,-53173.05
3339.06,-23954.02,56005.18,6446.79,-75427.69
6987.71,-36462.78,26752.83,-14418.48,46005.21
-76927.73,-89775.04,27092.66,26938.93,-73197.65
8060.91,33843.56,-98370.49,89658.4,90722.5
-60517.89,-8641.81,63373.77,-14255.14,91392.14
-82923.25,557.79,80672.76,25575.76,89187.54
1406.33,-90814.5,-8675.57,-72718.97,42016.19
63402.75,78693.12,-46268.74,-89513.49,1986.93
35132.98,-85491.95,-94167.2,-9307.89,-16209.25
-26748.23,-68665.77,54567.52,-72777.85,-44875.07
60665.22,72155.41,69248.37,90294.41,-90953.5
-5414.8,-40773.94,-70436.71,-35486.27,7654.13
-99878.9,-67624.09,46585.12,-67561.02,-77257.9
34179.25,-4927.57,73063.32,77576.68,86367.39
92369.53,-22327.9,-42057.76,4583.07,-14125.66
-10384.07,-16853.32,-20805.74,42684.24,58301.3
98482.79,18193.33,92266.6,-94404.99,-20329.83
22769.51,84975.59,-78137.36,-77835.01,50267.31
34569.8,94278.85,57608.98,-28633.77,-93679.19
91698.73,18129.42,-70613.07,-88546.25,-83881.84
47958.89,44904.21,-59166.3,-54160.59,-45809.13
-97967.77,24270.34,4038.02,-57764.82,36873.12
-98081.3,-76748.98,29189.41,-54938.37,-22672.51
54070.01,-7555.22,-9946.42,59210.11,-30179.77
61268.21,-53547.91,81821.27,-75869.38,9999.2
-83922.57,-75817.05,46052.46,20860.39,-5569.81
-33508.38,56771.48,-75205.89,29317.85,92469.22
-88818.41,-86435.01,-25094.01,-78885.14,48948.16
-21811.46,6420.85,85783.71,-38608.47,-42718.5
-85777.02,50654.82,18628.41,79837.23,-30631.5
-88234.62,76068.34,17691.2,2886.31,13433.45
19168.35,67170.26,24246.8,141.79,-68630.9
-3906.91,-27306.61,-82617.16,1098.88,49747.67
-2546.08,-98547.56,23014.19,19110.47,-13493.9
98267.8,87610.38,-69828.71,-33031.84,10976.05
-98469.31,-43153.42,-2089.81,-30032.37,-70193.71
62232.1,41175.95,-19520.79,14386.1,98622.12
92072.52,-19695.67,7390.5,-84961.01,69397.51
60778.46,-17662.86,-2473.41,63024.58,4368.18
-57255.19,-68393.72,55689.6,-41023.7,3508.52
-747.51,85385.02,-71600.64,40047.13,-77812.84
-80021.95,37607.05,-74836.07,55811.84,-34118
-20360.75,-30796.71,43040.15,-1222.69,72910.05
-68321.88,-37369.26,74016.85,-28383,-21532.2
3144.21,98351.58,74199.22,9685.51,-90998.06
36705.15,70651.18,15736.59,24773.68,-40572.06
90047.52,-1884.06,21751,-93750.37,-78148.6
-82610.59,16966.52,43405.71,-41102,-44349.45
-92195.73,11451.51,18039.85,-44252.05,29953.08
-18992.79,-37488.16,35468.63,-41036.55,-89589.74
-59078.87,-61557.34,75459.13,96623.6,58377.82
-17540.74,27763.43,39204.02,22305.71,75624.37
-83089.99,-50850.04,-91969.51,-51969.97,-65750.65
22909.27,9695.16,-34786.52,91967.55,-37775.65
57012.63,52104.86,15988.54,11339.34,-54897.12
26092.39,-66329.08,50943.82,33195.6,-89370.4
97421.09,44014.62,40284.51,-27340.22,2504.17
-46668.31,55544.94,-93861.48,60217.79,-50769.62
-44707.25,-61900.68,-50039.22,-15708,-699.89
-78036.73,3346.34,21967.94,42152.18,-47290.38
-74479.54,95223.87,16961.51,22303.09,-61110.34
54085.69,88492.86,-20487.54,87302.88,85908.37
88175.32,5100.62,63609.33,97530.82,17548.11
-46544.16,-93173.21,24482.93,47458.37,-93909.13
-92889.48,-22554.05,-32846.04,-64321.56,-93140.52
41529.12,-51578.06,52846.64,92182.77,26557.72
-27670.45,92590.27,2085.06,94051.67,46913.65
98538.74,-11017.36,-307.36,-33933.44,14048.95
-55067.5,85605.51,-92771.02,64476.12,-75629.58
28029.54,21552.9,-88313.5,29785.04,-46564.47
-60949.92,-30308.34,-86274.92,75155.93,-34295.06
-33191.05,91638.19,67537,-95593.38,-84182.77
-14990.71,-97842.26,9450.04,-85584.39,87069.74
84882.09,-48228.02,91653.68,-50753,-76175.96
-39652.14,51027.69,72060.35,-59352,56487.64
-51633.63,-65545.18,-34316.74,14287.84,66732.21
-38044.25,13143.4,14413.29,-14332.71,-18606.47
-64393.08,-55714.67,88211.84,1457.12,20464.98
-13723.94,-56334.97,-92456.99,69326.03,81188.89
2047.43,83758.94,-11937.86,-40402.41,64665.07
-26776.18,51890.62,-93712.77,-76106.96,93869.37
86998.25,-66866.04,52344.13,-25919.14,23776.28
58231.15,43528.05,-69582.66,92667.83,23232.84
1272.82,-97784.11,-91953.58,-78134.81,14370.86
831.05,78021.25,-34537.18,-17970.87,99859.4
-14976.74,17139.48,-73304.89,-45239.36,-66383.36
-84872.69,93376.56,80072.76,-85911.61,-60163.22
82693,-91184.43,34546.69,34277.42,43770.41
-25584.19,86206.62,27673.75,-63480.22,-31096.7
81431.88,49509.28,41825,-22290.61,40825.66
-53899.1,44499,-76142.02,-53987.18,-3858.73
-74966.18,74893.18,15133.44,-49158.73,-38209.18
3419.39,-45800.49,-79382.31,87217.93,26828.05
65460.36,37503.29,-31537.99,80925.47,66370.56
36895.16,-44258.23,-34623.53,-54031.15,-55055.41
34533.68,-24588.15,8556.14,-40050.27,-87190.38
-88001.55,41316.86,-99388.91,-38044.03,-81961.59
-75291.25,76921.74,3174.19,46464.37,-76768.88
34901.64,28470.08,-83000.88,33492.14,-70266.23
-87353.88,23509.35,3569.06,-19434.45,99165.84
68255.39,-68324.21,-64770.97,-18585.8,4863.83
32174.38,89110.34,29618.4,68880.97,-31776.52
-83394.14,61176.26,-36491.9,-3525.73,-22584.53
-22719.23,-65516.06,-37041.22,-48771.07,54869.52
85665.61,-73215.14,-2338.45,63088,-24881.73
-6520.34,-63564.08,52580.28,61760.09,60484.47
55910.06,81992.31,27973.43,76928.62,-67187.92
-45712.68,78224.13,-48608.25,4723.59,-52782.13
-87624.9,64567.18,-66329.51,58748.9,-58704.95
12530.15,-94705.65,-15331.4,89884.54,-14188.34
21003.25,-90767.45,43260.41,95129.07,79904.19
-76307.45,-71289.65,-43243.12,76396.07,-88289.63
-30630.21,6976.03,-9577.12,-48715.87,-87217.62
-56863.7,-89223.93,-70905.14,-28605.38,53948.12
-58508.88,85712.41,-71250.45,90137.94,96367.11
86248.28,-79628.33,-13563.96,-59611.8,86752.57
-58623.53,-38805.11,-21379.15,-91796.83,25075.66
54100.01,-64753.6,-53931.68,17218.9,-53016.17
89063.51,-30184.86,-76003.75,-90891.71,-51014.96
-60466,-72741.86,1982.89,-34829.94,-22155.4
14175.27,51893.38,94894.56,-44393.34,-54676.31
54280.19,51542.58,-91103.52,-55516.79,-85637.54
46980.58,-64307.9,68921.1,-94539.12,-63794.64
-96059.03,-88502.89,93369.98,-51527.74,-96933.44
-97890.36,-20439.66,-27450.37,65331.98,-50735.95
2245.94,48395.82,-61799.29,-3947.13,47797.39
95852.4,32575.87,-12971.28,-34843.86,123.76
21721.35,38758.98,-69503.96,23970.28,63495.27
49080.74,1472.83,6697.81,44146.47,33906.45
-36205.37,-26368.94,9076.11,-90449.23,-43627.61
74374.62,-71956.14,49510.91,50755.38,-2801.42
66845.86,35044.18,62062.78,-87265.98,32409.14
72799.14,95331.65,-37101.65,-15876.99,-46387.14
-68268.28,33189.68,96867.74,92383.12,-77548.47
-56033.86,-70520.7,-95041.22,-78352.82,73308.38
-17860.43,-1702.97,-43462.54,37869.35,-68515.41
16605.84,96028.53,-16355.3,1685,24788.61
17319.04,-78346.56,18507.34,91322.67,-10578.94
-38995.32,49856.81,-96765.62,76127.9,74752.23
-94808.56,88934.76,-71468.16,-99402.09,-53876.79
-30692.51,3490.69,49000.01,-61937.65,73336.01
-44809.33,38392.15,63919.98,31246.59,-20123.1
-92441.66,90767.07,-34016.32,-18173.22,-62836.58
70605.6,-92893.98,-99669.36,-18882.35,-57677.26
-58708.14,52696.18,-38466.04,-37786.9,1861.08
67126.63,-99041.37,-63517.39,-91516.71,-76180.13
-91285.67,-46632.46,44747.83,90790.22,7807.29
-34342.04,-65653.68,58078.47,54634.52,-39084.99
-33627.4,-46343.33,20633.37,-35420.44,-84095.79
44358.82,19405.72,-40968.4,-9788.12,-34900.81
78444.53,-24148.3,57652.31,81332.14,-86820.28
38500.33,-1473.01,-69799.29,80625.46,67068.92
46565.94,-17871.22,86455.19,-17080.06,56333.47
-79673.32,3784.15,56242.36,-35684.15,-29465.2
53718.72,-93211.06,-71733.07,-97736.53,-39836.34
-47396.67,-95621.07,-14281.31,99147.35,72802.64
-44808.48,-30072.27,-5326.61,-15926.77,53692.72
39179.88,35975.05,-95442.74,-27711.06,-56915.25
61596.06,52125.04,2567.71,-16248.01,-42720.75
-90293.93,76823.55,44471.65,74100.01,2610.23
49660.02,-77620.03,92923.03,-51802.58,66909.85
13400.98,-24747.96,38304.78,10449.56,-72207.09
78498.16,32475.1,15326.98,-86206.59,79878.25
-41084.83,-57362.32,-54113.96,47960.06,-72119.28
99800.13,5595.62,-32338.94,-89549.47,11668.27
30291.47,-35820.28,13932.35,-49791.54,93032.68
32922.72,-98424.57,-89819.94,85186.32,-84997.34
70836.1,63309.3,-48370.34,-25441.39,40512.54
-21595.55,34563.61,16271.2,47703.18,92750.94
-21651.35,25614.04,-27701.47,-76785.55,29851.92
-82584.4,-49145.84,47786.17,-77834.92,-14125.77
-39435.43,-33822.68,-2809.68,-47436.72,28705.37
-60540.58,-21560.69,-82011.24,-39561.32,5069.08
35057.99,31311.41,-92910.75,-63221.22,66110.61
-34800.45,-37186.85,59746.6,47626.56,37540.46
24740.64,21726.87,518.25,-6762.65,75060.62
5091.36,9087.15,-87177.96,59590.83,92892.86
20116.56,-16717.5,-27225.44,-52470.62,-26202.59
57300.8,-97736.4,51643.89,16865.54,-19224.31
30320.17,-37484.25,93033.42,-53083.55,-24940.59
18615.01,40149.21,-71350.45,26615.47,-9265.71
-87911.16,79500.79,-99788.01,75015.28,-92897.15
16402.43,-27357.48,-88030.3,73243.63,-94245.36
77405.72,79827.6,11459.25,84891.24,45802.17
-55761.71,-71576.92,-25722.62,41217.05,-11736.4
50195.78,-31821.5,97584.41,50952.37,-24620.14
30625.65,37705.69,12904.38,-4303.78,-82931.07
-35585.64,-43990.88,16012.96,82697.47,44717.81
889.46,1997.5,-34836.51,-96980.74,65549.65
80724.26,20937.92,93714.07,12203.06,69942.02
86981.59,-71267.47,-20802.93,47461.25,17752.17
39493.13,-37364.29,463.71,81336.21,-90762.76
99050.31,13234.35,27577.66,46496.78,-69263.92
-91299.7,-16321.82,-86369.06,87137.07,94710.55
-53633.73,40338.4,88188.92,-49875.9,25407.09
-82664.82,74784.39,-18918.57,-59166.03,99918.98
-39372.09,43149.37,75121.13,63146.35,38938.19
-61342.55,-44349.26,-45292.57,63196.63,-79518.01
35633.13,-48023.09,73877.13,2173.03,-15642.19
-60880.14,13880.58,27522.1,-58914.58,-67564.56
60478.49,39389.69,85119.64,-79407.11,-56288.97
-87089.38,-73268.67,32876.47,-53484.26,96044.85
-12772.33,-3000.66,-89752.15,44901.44,-69291.15
-86893.28,-38239.79,11147.02,-64796.59,14606.9
-92459.23,-63670.43,12525.75,51530.4,54483.55
20865.68,28808.33,56202.14,50321.99,79483.47
22888.86,10079.28,4866.35,5206.84,38733.45
1640.23,-27835.26,51794,-22833.55,-33999.8
-96578.76,13442.56,-6498.42,-31100.33,27527.24
-20493.81,-8514.83,-6555.12,53037.51,-77785.59
-98327.55,-5715.22,-17913.51,63597.37,-93799.43
-12781.52,-9397.66,81362.99,-39335.06,-68676.26
-12317.57,90959.98,61030.52,34514.75,6308.7
96644.64,-40139.25,-94986.27,85037.79,-27729.2
17506.31,-97256.92,-6599.13,37526.47,72818.16
-23362.89,56611.83,93135.33,-86426.99,46508.26
-60776.79,62286.66,-96753.63,30385.4,-94527.33
-14356.05,-45282.68,-89809.09,-28248.15,-50004.14
81982.59,16259.63,-75241.68,-12375.04,3508.87
36505.64,48827.88,20388.99,-67189.24,-55544.65
-64468.75,-3949.92,-22846.15,16716.59,-38021.83
-22454.34,-7259.37,-26417.42,-61196.39,-81122.65
37577.16,69844.96,-81537.8,-88228.98,40284.08
-44242.18,34073.82,34919.99,34313.73,-93096.63
-25165.61,-38225.6,74443.4,-33083.23,68391.98
38747.43,-6873.04,77869.82,-95888.18,-63049.05
-8774.16,-59344.45,50164.17,-85088.5,15420.84
-34786.85,-49263.92,85440.07,40398.15,10196.75
-5792.07,-72321.39,-9766.84,-29510.45,-95941.66
-69876.57,56583.64,81526.04,-64758.62,91290.32
-21089.11,40195.66,-96530.51,92825.71,-8669.49
-95918.61,-43720.22,-57155.19,73019.95,75830.06
47336.04,-25731.44,-87405.21,91207.68,-56949.96
-89260.93,3608.98,36589.13,-88434.25,57903.37
-74232.41,52444.49,76427.33,57644.74,-51094.32
81391.32,85170.62,-76776.65,1119.14,18449.09
-2967.5,95883.9,-59181.41,98511.71,-10442.81
-32140.25,-78184.03,-61379.15,-84089.86,-29596.76
-73646.04,-67724.39,10898.65,29804.89,-50390.23
26108.99,74059.36,41377.91,78381.41,54264.1
96883.9,-23379.69,20650.16,20360.34,-30278.7
43628,45794.28,94566,-39892.13,71396.6
-57073.18,-60335.46,67562.39,70719.23,87073.26
-62401.77,-99542.18,-79329.97,61654.05,49585.53
-10489.92,-2169.92,-92606.23,38834.65,77012.65
48597.51,42913.35,-4943.84,2586.69,25153.7
-80635.62,46416.65,-34973.21,34045.4,70689.48
-10304.5,33427.83,-82421.65,35746.23,11946.15
91477.34,-54788.23,99831.17,-21621.81,-88590.38
31819.58,94147.36,17566.95,-33202.82,42543.73
42867.09,18671.38,53743.73,-70362.35,29125.41
-29477.24,51557.56,62406.45,61613.26,15844.1
46144.56,93431.41,-87312.1,-88288.77,67507.34
16305.32,44078.48,-5399.66,56442.63,-67299.8
-27609.95,4336.55,-38447.22,91765.68,-28294.31
15651.17,10303.19,-30492.9,82251.93,3230.76
87449.68,53930.34,-58360.14,-24772.17,99288.11
-25785.16,21916.28,-27414.62,61389.57,85080.39
70082.87,-48665.41,-4267.35,-29397.9,42159.73
92127.05,-53382.55,99981.58,30173.39,-2145.07
68570.91,-69227.56,-79735.61,-38049.66,-81634.6
-66618.48,8643.64,-20560.71,-3334.53,25333.66
-21877.65,-87082.16,88160.65,60245.19,-72827.04
99561.11,19084.88,81173.04,-35714.43,82084.11
-82308.93,-92130.95,98576.78,59255.64,12754.88
-67659.92,34508.54,51603.39,67488.77,-33177.85
40934.47,-40375.67,-78523.56,63055.05,-87679.96
27534.95,-15510.72,-7734.2,-12262.53,-36899.19
19511.76,92104.32,68319.57,-77515.39,-20860.16
-72353.97,66445.79,85455.52,-15313.42,-90997.31
82402.68,-32223.84,77764.53,41642.29,1737.61
-14221.97,-27075.7,87595.33,73820.65,59088.22
99586.25,-38491.28,78044.55,77682.36,88720.98
44921.65,-38976.55,50170.55,80774.33,46666.72
-89996.67,61936.88,-89384.46,19685.34,-53848.95
93999.32,-16534.99,-48755.62,-91213.69,-70619.37
-73917.67,71187.27,73860.57,-97691.06,74943.69
65927.48,-79328.58,86125.86,-90372.77,-80315.37
46629.94,11027.38,62414.82,83170.11,-16382.79
37764.4,56258.73,98055.03,-56801.87,-60990.71
4765.16,83730.5,92533.66,-96355.96,8411.29
49036.21,-41804.32,68594.44,-40973.19,-94180.67
65774.41,93781.89,-93786.15,-2770.2,-7435.75
-22718.9,-76931.27,65670.16,-20173.58,-2161.32
-23776.03,79122.02,-79656.79,-48821.17,95801.26
-16383.67,82166.56,-45190.01,-56676.8,85680.75
1371.89,-89741.13,-99243.62,59821.77,-44591.41
-46767.94,-30928.45,66690.21,-10735.37,-83056.24
97677.46,-26746.69,-29953.96,79981.77,-77156.75
62794.13,-49280.1,-78887.71,93252.92,-38113.78
-18046.3,41662.38,-3267.02,72348.22,-89730.54
51054.41,-3881.91,-78409.14,32371.85,-7364.69
-9479.83,-67998.63,35359.47,91930.85,67241.4
83122.54,-63780.72,26268.56,92115.56,-66548.66
62665.5,-27180.49,-27128.07,-15180.87,59243.67
24252.13,-68766.76,29005,96122.24,-69656.75
17993.37,46913.35,-86287.44,-1040.38,-55044.81
-58661.99,-89288.45,33840.66,-47716.76,-30779.72
17734.34,-84731.64,-74178.37,81080.59,50025.94
91932.95,-69251.17,36128.52,62315.16,11552.38
-35896.28,1095.09,-40952.86,-19291.32,62551.28
13786.19,-14611.09,-69529.01,1856.3,50834.96
-71038.43,-3456.53,-88845.53,85572.73,10522.93
80750.76,-88917.5,22499.1,37999.45,7697.1
-22548.31,33779.53,-2167.9,81348.26,6256.28
63541.25,-22507.19,17140.45,13931.01,-3485.29
4274.47,24273.08,-35819.22,74838.67,-20572.89
53454.08,75954.61,73496.92,74002.93,-89785.94
98748.23,28073.52,40703.22,-54401.45,-55784.55
21079.63,-88437.11,88089.96,3268.19,-25819.83
-78344.43,-82908.33,64475.56,25582.62,-35957.63
32659.21,74889.25,47165.37,36342.21,-43774.45
46494.46,65714.78,30249.71,2812.1,-10132.74
41301.95,74246.14,-43701.85,43981.3,66704.91
917.65,82969.04,-78388.95,70868.94,18180.38
39281.39,9821.02,-71717.84,58020.73,-52525.73
-7790.41,70506.97,21702.91,-97613.76,-4686.44
-50248.4,-47496.37,70182.35,66374.01,59841.01
-40537.19,-8535.65,-87057.97,22957.75,56267.25
-40481.95,43960.2,-81308.87,-96487.94,92276.73
41931.86,-17041.89,51082.45,-962.97,60636.6
-97409.14,34933.77,-63344.01,-69921.39,75219.52
77367.94,78150.57,79553.29,62601.57,-67638.44
-75558.43,-73904.76,91482.77,-73396.17,-45923.45
42051.03,46323.41,77738.43,-6988.53,87903.43
-38938.95,14321.39,-57536.62,-66658.7,-48387.76
94985.72,-74692.45,87851.46,18401.08,78660.68
9728.98,-29880.39,1478.66,69209.26,-80168.07
38816.53,-74809.42,-44501.64,25453.3,26149.53
35647.72,-35319.06,-3926.52,-61242.06,81696.57
-89584.25,-22581.71,42463.51,-36078.53,-74986.29
79526.89,8440.79,-3906.5,-69640.05,-89124.9
-15576.69,31378.28,-4855.02,-2421.26,-49516.31
62863.22,-85889.74,-28966.77,-69544.22,-66207.52
-13101.04,-55897.97,54038.97,-10797.23,-27021.18
-18722.19,-27702.39,96457.59,28654.27,17151.99
16003.26,14647.75,-35716.36,-36952.52,22551.33
700.23,39511.31,97621.42,-26474.76,-74430.82
69373.14,-13516.3,-55839.28,18322.32,7310.46
-45602.83,-25870.36,3575.97,-82536.61,11589.63
-13949.51,34052.22,-42867.78,40283.31,-78098.1
61830.71,-1673.5,22968.69,-63429.04,-10174.87
42339.06,34825.27,70341.52,55286.61,9723.57
45171.16,-49526.08,-77682.01,-53184.54,54353.56
55693.61,-57467.24,90485.55,-80519.95,-20253.27
47486.16,24466.77,31804.55,-41981.68,48219.08
3197.1,-29571.31,-22576.66,-93143.67,-8466.24
-3735.71,-84592.25,-50245.4,53112.25,3086.4
44660.27,-44729.22,-32145,-69156.42,70575.99
-71002.2,-63534.46,-80246.48,37214.96,-58090.6
7462.94,15342.61,39732.84,88371.28,-2058.02
-61908.03,-43510.58,-14120.43,45808.22,89529.61
85193.05,72263.61,-95960.33,95423.96,13229.05
-32392.97,82193.47,-15817.41,90149.45,13640.59
13511.78,-77530.2,-70789.21,-20435.13,-80955.79
-79572.23,9574.96,-78802.91,-97794.81,-90654.59
-95655.75,21612.85,-11035.77,-80721.56,4012.11
-34549.74,-79405.67,-93212.47,-6017.31,-34525.86
-69090.77,-53806.85,53282.23,21517.27,71338.64
-35936.53,78349.98,98934.75,73294.76,17825.4
-94967.58,-35270.49,82462.31,-59815.36,17876.47
11617.57,-58543.21,3221.74,-81193.69,95661.34
56821.92,28806.98,-76619.84,-85484.57,47723.49
-61672.27,21802.17,47854.91,82759.37,-50288.28
-83616.22,31070.24,-14380.06,14849.41,20400.49
96585.53,-23199.85,-99604.69,16307.49,6865.7
-90024.37,-31383.76,-5485.55,78551.94,-23376.44
60342.76,-52986.15,19296.05,-95600.19,48198.15
48773.4,-18965.91,70814.95,-46568.09,-59015.23
76587.94,-81814.65,66195.49,52633.29,-78531.17
72856.83,83644.3,-70413.37,-49420.63,-3398.96
-85328.27,69057.35,7976.67,-31930.23,57279.99
63616.04,-71038.09,33159.28,-89513.93,67843.88
89451.6,48982.33,-9142.23,42057.24,-95950.69
-89416.76,9628.84,-9853.46,75373.09,-2951
6089.19,59749.63,26276.28,90510.22,-49504.21
-33705.11,-82671.98,-53106.3,-84940.68,-348.09
-70674.42,-73522.21,-63478.72,60345.42,-33588.28
-72138.99,-37111.12,86000.73,13646.23,-77353.07
-27841.39,-67926.04,-71035.12,69833.12,80659.18
-32964.87,-61007.21,-98025.33,90683.25,53516.33
53508.38,-30797.32,-90977.55,29931.04,76538.91
54780.43,-99837.38,17309.51,97016.83,10901.82
39696.28,91528.27,-69801.67,86655.57,27416.42
-56861.81,-42281.27,-12454.88,-10461.65,-49231.43
42769.07,-45963.3,29710.68,-34119.58,-23505.75
78303.17,-23708.77,11084.97,-81071.76,-79143.03
-79261.71,34572.56,-38918.23,84434.91,35480.32
11254.97,-85744.09,64847.56,33748.86,43349.43
-84906.66,-24826.08,28726.73,86033.5,37196.56
-38470.08,-96257.36,79757.91,61813.33,-61583.42
-22905.47,56323.83,18696.51,64575.64,26344.44
-90028.86,52051.72,40604.96,31464.61,-91812.03
57449.7,-47774.66,-22192.3,-29597.55,-70545.9
99067.26,17256.86,53060.61,59337.78,-88948.1
-24965.12,-8946.09,-26439.58,-6969.02,-82014.83
20563.5,30772.9,27474.69,-36214.69,-4748.48
-67603.83,-15613.12,48682.37,78697.83,-34520.13
-29456.22,59873.74,-953.9,-13839.61,-17908.78
-50802.38,-72697.93,-66955.65,-30095.44,81874.98
29011.55,-20029.31,69755.72,-91318.92,35870.34
96996.25,-19905.08,7466.58,-43915.67,-97323.31
-1521.36,-83322.76,5178.76,-51909.58,-827.05
17139.98,98965.04,-58331.41,-7281.36,94365.2
-69721.08,38476.81,87686.8,-73193.54,28226.74
-78783.09,13058.68,-12611.04,-31374.05,-77727.57
6065.53,-78746.15,-36577.22,74118.76,72770.52
90200.71,28744.86,86396.37,-77509.18,12653.61
-62718.35,-21332.86,-17050.49,-68410.68,66127.01
-28736.54,-7301.17,-17835.72,-28224.43,-32325.04
56288.27,29436.41,-16809.18,-93548.15,-19986.18
92096.08,5306.34,-72254.24,-69039.56,80933.71
69643.66,61773.94,92649.82,-93723.48,-40013.32
42485.51,51146.92,83409.56,-76370.57,-32253.26
-32448.42,51414.15,14688.54,96218.87,-57749.68
53616.49,93124.31,35762.01,-35569.21,-42103.5
60271.27,81255.07,97999.51,-88156.11,50196.92
89771.49,24467,73080.29,-298.08,-29732.64
94972.13,35983.92,19278.19,-69467.99,41362.55
83394.57,19859.67,-75273.1,73104.02,-3189.57
-27566.96,-8339.26,23249.25,-44843.41,68168.57
6656.25,72236.89,-55933.94,-75882.63,8228.87
99486.47,90532.65,-17882.04,53574.67,-85245.54
96129.25,68989,-6815,-59249.17,32536.25
28501.83,-98912.12,-66235.82,-87426.59,-57799.87
-25767.28,-23142.5,78780.53,-76013.4,-46288.03
87431.81,84099.61,-22325.28,55776.97,-80988.46
-9545.44,-90695.07,24501.56,-65121.42,40717.53
31637.8,11468.8,71261.84,19952.8,-44400.98
29823.14,88616.24,24061.59,-50366.37,-89191.81
6369.37,99858.58,97253.95,53088.51,28760.45
-28314.95,-52400.58,14523.54,-39610.66,86100.89
-51553.36,-82674.67,34806,-42880.7,47066.57
1357.25,-88420.46,42362.78,-37741.34,62941.6
9680.66,22106.63,52433.52,24365.89,94052.42
-22696.53,12223.63,17810.71,19244.69,28802.22
-8404.75,71339.84,94296.86,-33139.83,37916.54
42413.62,-56060.5,91427.3,19935.74,-72179.7
-87213.67,47003.56,-69256.2,-34369.92,-35818.96
-55286.07,-73170.2,-62538.8,-34052.08,51624.64
26203.54,80761.1,-72161.67,94148.14,90680.06
30461.58,-2331.02,27739.88,-84282.74,41701.58
73974.96,-60555.83,-63428.27,-32021.04,-91849.54
-4874.41,39487.55,95142.74,-90117.15,4804.88
64475.57,89041.25,324.04,19317.81,-41691.65
-31627.85,-49241.31,-80707.67,41696.63,-50744.83
-10049.33,84109.62,55735.99,-31310.34,47245.18
27403.16,-1724.39,-26232.58,-21193.55,-40821.82
-14573.71,-17647.88,65975.99,-3161.97,-8896.36
-22203.93,8207.5,37706.35,52218.02,-99781.89
-11067.68,-87601.19,-45185.63,-22018.39,12546.64
39343.7,16742.95,63669.22,21093.23,96553.59
14286.02,2753.32,15515.36,20407.2,-70089.45
-52314.82,-81519.62,13366.45,97403.24,-49424.29
-61768.4,-6303.51,8292.49,-80694.36,60903.36
42616.65,-7228.15,80255.28,78728.77,-12816.56
59444.69,-72114.7,1781.04,39164.45,97708.44
4764.05,-59504.89,-13842.04,-85482.67,90008.96
-57940.99,-93429.15,30785.28,-99057.41,48776.24
-76734.61,-71030.66,-80010.63,-23688.26,76251.32
62888.02,-24737.29,-83746.56,12940.74,34489.81
44718.51,-23119.42,57899.04,-34024.25,11241.99
-1416.77,40360.67,35137.25,85323.05,-73998.33
36771.6,-73062.12,-26276.29,-85905.35,39273.27
73661.7,-55248.8,24478.06,12028.76,5019.01
45412.15,-34323.77,36641.4,-9790.27,95877.9
51636.63,-23434.45,71047.68,-55495.66,-3171.63
6544.86,-12426.75,-90981.53,-25208.08,70465.92
91881.15,27056.96,-9121.27,57189.61,75819.19
2210.97,46416.63,64867.77,6231.27,80892.09
-12764.69,94078.01,58794.09,29612.75,-93704.66
48149.53,37609.36,8171.33,31906.13,28825.14
22014.6,56788.19,-52762.69,11141.33,97200.78
-27597.2,64092.22,-95974.47,92810.43,-21110.07
-17593.94,-52742.29,-74803.8,88976.85,56634.64
42253.91,94097.32,6366.29,85005.14,-92895.13
11874.57,-61820.48,-58551.45,-42604.34,-79824.64
-74811.14,57805.13,-7509.04,-82759.52,-46559.75
38839.49,40597.13,-88660.49,13364.85,55007.86
67990.82,-38345.5,-24858.89,-26044.42,-10888.21
40999.19,-53502.01,-36792.7,34527.11,85881.65
-76725.82,-15641.01,-39902.47,-87261.22,-23800.75
90943.6,53471.51,-17952.38,31542.33,-36093.16
-86691.52,2237.6,62009,-13732.65,-11606.94
-29817.79,-94764.16,-94544.16,-72130.82,51451.08
32956.81,49308.72,89492.93,93546.1,-1938.92
-6767.36,72598.34,-17964.61,91991.13,97342.93
92212.66,-73994.4,-11725.51,-76830.27,405.53
86376.23,-85348.25,-17827.3,75595.81,90671.73
-45412.29,3023.17,49535.67,-22803.97,-88470.72
78786.88,-67803.36,-92725.43,-92765.08,59239.18
-94303.98,-52779.62,6114.92,77716.41,42836.28
42518.01,-18103.92,-54188.94,5391.3,30597.84
-74386.59,66818.41,85265.63,-39377.06,78405.18
-21907.2,-24088.86,-98528.99,-30383.84,-16802.33
66407.17,89678.07,-93460.05,4783.18,81418.34
43588.96,-93611.35,-60761.83,58418.23,68707.89
83131.28,-69442.55,32190.7,85833.77,74014.89
-63034.2,12698.15,-29919.75,86214.84,-38507.87
43074.77,-35110.17,-71015.59,56877.22,-53331.83
-78991.95,-78808.93,37106.93,-96405.4,-90611.96
-22781.88,59286.51,-84605.14,74153.56,-46876.74
80159.75,53206.65,-78787.44,69770,-64160.27
-96986.17,-23131.15,38988.53,-71469.99,76238.68
6043.14,11718.81,-79775.8,-1495.42,6357.1
-58232.08,-28026.31,-37543.12,40353.64,11935.37
-96496.44,71225.68,1169.17,-39106.14,-21098.82
-98985.86,-24417.24,-1023.91,91623.4,33617.96
-16857.33,-19971.07,-38319.62,-95060.95,17624.47
-21827.65,-90530.83,64516.06,-65555.1,-72309.8
26525.75,63260.08,28033.97,-40607.63,25604.51
-63125.39,-74223.28,23635.94,1575.64,4022.39
33392.24,11889.16,-3593.08,-53721.37,-88111.64
-88232.53,-955.34,-32384.81,-61248.34,8171.35
92615.45,-7370.95,71472.83,-42023.54,26627.87
78417.09,-13514.56,-15807.65,-42870.17,-5378.6
-69216.59,-506.66,46649.78,60053.08,50858.87
3102.36,51980.37,-11361.05,-33471.2,-97883.74
11792.42,64326.62,72148.11,87573.02,-20738.48
-33564.33,32950.71,30275.14,31939.88,-54391.31
-79032.72,66822.75,44244.64,95895.98,75056.04
-5130.54,92924.02,57343.02,57447.45,-50259.18
87223.95,-60989.74,-41711.12,88514.14,17116.45
71835.01,59787.73,-100.79,88937.25,-84654.69
-59812.04,59498.4,26270.72,-53920.76,1609.77
43873.38,65911.26,-84036.64,67169.73,17093.6
13439.29,66551.56,-59266.81,566.7,82459.97
50366.41,-67041.69,34569.07,58399.42,-51479.4
-60043.73,38281.5,-77020.58,-27175.73,-4655.68
40883.5,-93571.07,36650.77,25541.77,-34410.37
-49276.62,-85385.86,-50055.36,-88426.22,-28644.77
-52150.19,-53626.56,50456.84,-69419.27,-73892.58
-21329.46,-74493.06,37178.5,17185.93,-40361.67
84212.45,-41573.09,1622.61,-30128.52,41783.69
-35470.83,94992.11,86408.38,12445.51,-58186.19
-56731.47,69792.44,59886.33,-28328.86,-46137.68
-46521.86,20756.98,-29461.02,-38486.29,71946
71794.99,-48437.28,25168.98,-29361.15,16938.72
-99419.01,20016.92,-15244.48,49690.35,80799
-50079.42,-60862.13,-7102.14,51433.14,-63105.85
9511.58,20372.86,18474.63,80608.73,-94658.04
-53340.17,-81840.88,57601.19,-95822.96,70906.28
91121.35,-70438.9,-38460.22,-38804.44,77871.7
-8717.24,-23325.48,93571.29,-69188.6,24276.2
-37380.88,-43697.24,-22877.99,-6038.99,-28983.07
94837.9,48762.63,31519.44,-54793.49,-3821.09
65917.91,21602.76,41934.73,56561.67,96626.79
-78385.96,-37701.71,16588.81,-97607.19,78616.5
80741.64,-58462.1,-81370.51,-18505.62,-90147.22
52680.77,-53530.13,33781.53,-39784.45,-72059.73
47084.55,87051.94,46857.46,-31782.94,-18880.24
-75877.69,70462.04,75636.48,9012.36,2299.88
-22257.28,50923.18,-8883.17,-41388.79,39625.36
56731.46,-97413.89,64462.22,81178.46,-77607.1
-65131.42,66882.23,-81435.27,-41933.39,-68026.88
74056.98,-27869.51,-17070.69,55128.67,61542.28
47903.71,-50734.16,-38122.84,-28124.06,-48818.14
-30024.1,-31390.96,-84547.37,-2419.8,-68548.63
-37380.88,68150.85,-85814.06,-57138,70906.28
91121.35,-84627.74,31519.44,-26211.26,-18880.24