ACCT-NBR,MINOR-CDE,FD-CDE-2,FD-CDE-3RD,FD-CDE-4TH,TRNSCTN-CDE,DTE-END-OF-MO,PURP-CDE-1,DR-AMT-INDIV-GL-ACCTS,CR-AMT-INDIV-GL-ACCTS,MO-ACTV,RGSTR-TYP-CDE,TIME-STNDS-DATA,USER-INITS
7000,213,61,4,8,581,43096,8,98330.92,59.32,46,22,1100,QKV
7001,220,81,9,7,641,93001,3,13117.2,450.37,62,22,1930,BVI
7002,200,81,9,6,385,22807,8,2227.34,-3713.28,80,22,300,SGH
7003,209,61,5,3,882,123107,3,-6627.51,38344.94,97,20,1530,OPM
7004,218,61,5,4,771,123190,6,16.97,-94.77,88,23,900,ULX
7005,204,61,5,6,489,43095,6,3865.98,472.19,91,22,200,CQS
7006,205,61,6,3,977,113001,5,4561.9,358.99,65,21,2100,QMT
7007,201,41,1,6,394,103112,3,-6476.61,24501.91,30,21,1900,BLD
7008,210,61,6,4,881,22821,4,68.7,37663.72,56,20,2300,KDZ
7009,213,41,2,3,378,83111,5,62210.96,-514.97,19,22,330,UYT
7010,209,61,7,2,984,73100,2,6994.23,563.47,37,23,1530,BKS
7011,217,82,2,4,863,43002,1,825.45,-522.58,11,22,930,SPF
7012,204,61,7,9,601,123108,1,-72.94,-667.18,36,23,430,SQJ
7013,210,41,3,1,921,73102,1,-47.17,591.97,13,21,2330,GTK
7014,202,41,3,5,955,33195,5,85.12,6573.85,17,22,1900,NCD
7015,215,82,3,1,771,53108,3,15016.1,14.95,30,22,300,DFK
7016,206,41,3,8,974,123116,5,88.25,51567.72,34,20,630,FYV
7017,214,41,3,9,841,103120,7,37810.51,12396.83,86,22,1600,MGJ
7018,210,61,9,3,517,53103,5,30.44,253.7,50,23,1630,PXU
7019,200,41,4,6,105,123194,6,-80.75,7841.1,5,21,2230,RUV
7020,201,82,4,5,466,123111,6,-2351.87,25.75,89,21,1500,CQM
7021,211,82,4,7,110,73105,1,66653.72,-71403.46,25,20,1230,KCF
7022,209,41,5,3,756,83192,6,-30.44,78855.75,75,22,1500,LRT
7023,209,82,5,7,146,33196,6,-811.33,36,66,21,1400,QGB
7024,218,41,6,1,252,43019,8,8182.2,590.38,98,22,1300,NZN
7025,202,82,6,4,916,22912,8,46.96,58540.44,51,21,1230,PSQ
7026,209,21,2,1,520,33121,7,7414.23,97469.82,2,20,630,ULA
7027,211,62,1,9,330,33193,6,588.85,6648.44,4,21,1300,PIU
7028,202,21,2,5,395,93014,5,65.42,-82305.21,93,20,1400,KJW
7029,206,41,7,4,925,123102,7,4564.7,67689.24,85,23,230,SGP
7030,211,62,2,1,815,53116,7,68848.38,46.44,62,20,2330,BNF
7031,201,62,2,2,767,63021,3,49214.3,276.55,8,20,800,BIE
7032,207,41,7,7,769,63014,7,-253.75,323.36,4,20,1030,DOK
7033,218,62,2,5,629,93009,6,976.34,26549.68,71,21,330,VGV
7034,213,21,3,1,689,103116,9,5693.61,-3231.3,13,23,1630,GEE
7035,211,82,7,5,382,43007,6,69.25,8103.47,61,23,100,UMN
7036,210,21,2,6,351,22811,8,69155.82,6740.51,92,21,1200,HHL
7037,207,82,7,8,243,83115,6,8737.25,247.77,17,21,2000,IKS
7038,220,41,8,3,107,123101,7,-38.9,-82900.79,99,20,230,SFS
7039,220,21,3,5,480,83118,9,806.9,-64370.21,10,22,1130,CEE
7040,218,41,8,5,386,113099,6,67507.74,465.84,65,21,500,OOO
7041,212,82,7,6,936,103100,8,10.83,10805.52,92,23,2200,NXT
7042,218,62,3,5,647,103196,5,-65914.63,-8040.32,44,21,900,YPE
7043,205,41,8,8,763,33100,8,3357.88,985.88,77,23,300,NCR
7044,214,21,4,1,139,93003,9,95731.74,84.49,97,23,1930,QUO
7045,217,62,3,6,603,63096,2,-15.27,1781.19,65,23,930,HXN
7046,213,41,9,1,113,73191,8,60119.92,18679.16,81,21,1200,LTW
7047,220,41,9,3,279,63095,2,73.68,85.99,12,23,700,ADF
7048,218,62,4,1,607,33192,4,610.83,1867.83,71,23,1630,RUZ
7049,216,62,4,3,135,53112,2,714.19,1748.85,81,23,700,LKV
7050,200,82,9,2,269,123100,7,90286.84,6501.99,66,20,630,TVR
7051,214,62,4,7,832,63011,8,302.55,92.52,4,22,1830,LPT
7052,206,62,5,1,131,123198,6,91249.65,2318.81,70,23,600,ASA
7053,213,21,5,9,113,93092,8,15.58,72508.21,27,21,1400,PJZ
7054,211,62,5,6,974,63092,2,760.95,1827.83,78,23,1200,JRN
7055,206,42,1,3,800,53121,6,884.64,85.39,48,23,1230,JKJ
7056,201,62,6,2,719,103192,7,7294.81,94.27,48,20,2300,BSY
7057,207,62,6,4,323,53104,6,-733.38,-16228.2,43,21,300,GSG
7058,205,21,6,8,364,123103,7,47090.56,206.29,94,22,2300,ZHL
7059,200,42,1,7,383,13114,9,-492.14,-32.68,22,23,630,VYD
7060,212,83,1,5,138,22893,5,-7941.23,3195.94,91,21,500,XRM
7061,201,21,7,1,214,22900,9,3399.29,2721.11,20,20,1300,QOU
7062,205,83,1,7,643,33190,1,819.56,8814.48,92,23,600,NWT
7063,201,62,7,6,794,63097,8,65.78,69.27,35,20,1000,WZE
7064,200,83,2,4,648,103105,1,12.82,687.65,74,21,630,ZFW
7065,211,42,2,8,520,93016,6,5819.5,75.57,28,23,1200,CUN
7066,217,21,8,4,450,22809,9,94905.21,976.74,25,23,330,NQG
7067,206,62,8,1,468,63008,3,-9663.62,-522.15,88,21,430,GLR
7068,212,62,8,2,938,33191,1,85.5,-6370.99,99,22,1330,CMG
7069,209,42,3,4,392,83199,9,2721.6,-555.66,31,22,1000,JIF
7070,213,42,3,5,203,113095,3,-915.42,-989.25,14,20,600,GMY
7071,203,42,3,9,853,103199,8,-327.96,65628.78,99,20,1430,TRX
7072,208,62,8,9,619,22899,4,153.95,5813.44,41,21,1500,QSY
7073,212,83,3,8,616,73103,3,49402.46,14239.1,2,20,1100,OJX
7074,213,42,4,3,659,103198,6,17246.35,-81620.18,16,22,630,UZB
7075,209,21,9,6,422,113022,5,87715.2,88003.3,82,21,1600,SNX
7076,214,62,9,3,482,63093,3,95.11,-4478.2,39,21,400,SQC
7077,218,42,4,5,534,43091,7,-364.29,-37007.1,33,22,1730,EXC
7078,218,21,9,3,131,13104,4,-18.26,969.4,97,22,400,FSY
7079,203,83,4,4,654,22916,4,-944.19,89.76,31,23,2000,KVT
7080,206,42,4,9,126,13111,6,3618.94,51097.1,70,22,1000,LOR
7081,211,42,5,1,224,63005,9,912.6,-45656.4,95,20,2100,TNP
7082,215,83,4,9,408,22920,5,2806.7,11136.4,96,21,600,OFE
7083,216,83,5,3,858,83108,5,14569.3,37.35,20,22,2030,MAD
7084,205,22,1,9,950,33112,1,-781,-87413.53,61,20,800,HRI
7085,219,42,6,7,734,63009,5,-22.46,529.87,6,20,500,XGM
7086,212,83,6,5,458,53118,7,175.51,7071.67,11,20,530,WBN
7087,207,22,2,2,529,53190,8,-588.15,-33370.87,4,22,100,YXZ
7088,206,63,2,1,693,53106,7,2356.66,1532.3,21,20,1900,NYP
7089,203,22,2,6,408,13108,8,60.43,-10911.31,21,21,100,WMG
7090,201,42,7,5,242,83110,3,-643.23,-67.39,82,22,100,VLP
7091,205,63,2,2,359,83193,3,4944.47,69476.24,13,23,1530,QTM
7092,206,22,2,9,579,13105,6,868.45,75.15,92,23,2000,NIN
7093,217,63,2,6,350,93002,2,89.32,71024.99,73,23,1700,EAX
7094,220,42,7,8,219,33101,5,5107.57,74371.18,63,22,400,ZHB
7095,217,63,2,9,590,33197,5,179.2,84.5,65,22,2000,WYB
7096,219,83,7,9,597,113094,5,44.96,-34820.14,86,20,130,NPH
7097,208,63,3,5,967,83121,6,34103.97,450.23,87,23,930,UBY
7098,218,42,8,8,775,73101,2,80.15,-8079.58,31,20,1830,IWE
7099,206,22,4,1,894,13116,8,992.62,-22.51,34,23,1800,DTZ
7100,207,63,3,9,461,73107,5,74.41,9250.8,2,21,1730,EEQ
7101,210,42,9,2,987,73120,5,-46.76,9306.67,17,22,700,GTQ
7102,205,63,4,1,968,103117,9,-67324.72,461.5,63,23,1830,UUX
7103,212,42,9,3,942,63019,8,-45.73,-688.58,35,20,1630,WEY
7104,220,22,4,6,508,43000,2,-5004.8,10.22,18,20,730,CRZ
7105,205,22,4,9,243,43090,5,32.55,96522.5,37,23,1900,PUD
7106,215,22,5,2,951,103194,4,-93865.48,18.82,92,22,730,NAB
7107,219,63,5,1,400,43099,2,69703.6,45.22,95,22,130,WPD
7108,200,22,6,4,210,83107,7,-668.28,71495.93,16,20,1030,CUV
7109,210,63,6,1,308,113017,1,-53528.43,45.26,6,21,1130,VBZ
7110,220,63,6,6,680,83116,6,93.5,37.53,35,21,630,OEX
7111,214,43,1,8,395,33118,5,355.43,98305.57,68,23,730,IHN
7112,206,84,1,7,191,43011,2,422.25,704.3,50,22,800,VLN
7113,204,84,1,8,486,93098,6,70.88,728.72,64,21,1930,UGA
7114,216,84,1,9,332,93021,9,49312.3,94.16,88,21,1030,TNI
7115,204,22,7,6,188,83190,9,118.81,5360.94,99,21,2230,DRM
7116,219,22,7,7,682,123113,7,-84.66,202.3,37,22,330,KMH
7117,210,43,2,3,386,13106,5,652.39,85.68,62,22,2330,DGN
7118,210,81,8,7,225,103195,6,926.77,66.83,22,21,2200,YME
7119,207,63,8,2,711,53100,2,3878.48,4873.13,70,21,1130,RXB
7120,209,43,3,6,286,103197,9,7525.79,74316.81,80,22,1530,QIK
7121,220,22,9,2,193,113002,7,4966.59,40.85,67,22,2100,FSH
7122,205,43,4,2,243,113006,4,443.59,351.24,46,21,1430,ROQ
7123,203,84,4,1,582,83104,8,25048.44,269.1,32,21,1700,JKP
7124,216,63,9,5,641,123199,7,-31688.24,421.4,34,22,1330,ELZ
7125,215,43,4,8,356,123109,5,409.94,49214.94,91,20,330,ADJ
7126,202,43,4,9,239,73108,5,-182.56,73.64,20,21,1430,GPS
7127,211,84,4,5,373,43017,9,323.61,162.93,91,23,1630,CLH
7128,206,63,9,8,374,22817,6,-8022.36,940.18,85,23,2030,KDR
7129,205,43,5,1,477,93000,3,-253.43,14445.85,3,23,430,FOU
7130,205,63,9,6,526,83113,5,84.13,82186.4,94,23,1000,SOD
7131,206,84,4,9,999,43012,6,-35.67,1074.3,32,22,1930,HHD
7132,206,84,5,3,113,33108,9,820.27,93519.86,53,20,1300,KMH
7133,208,23,1,3,954,22898,4,900.62,27264.25,43,23,1400,DRF
7134,215,84,5,8,293,113090,3,49.56,730.98,16,22,500,ZOT
7135,207,23,1,5,686,73197,7,74649.14,-38165.38,54,20,1200,JYF
7136,208,43,6,4,599,53192,3,69788.83,293.67,29,20,1400,CUA
7137,203,64,1,4,179,123197,9,73.96,-36510.74,89,21,800,ZTZ
7138,220,64,1,5,785,43098,3,195.45,33686.43,43,22,1600,RDO
7139,214,64,1,7,368,63001,4,-531.52,75.49,97,20,1830,XEL
7140,205,43,7,1,684,63002,5,9596.95,-55732.23,64,20,1630,YTV
7141,220,64,2,1,954,123195,3,-981.11,72867.89,41,21,700,HXD
7142,202,64,2,2,626,113010,4,520.6,-52.8,26,21,1700,UYA
7143,217,43,7,5,736,22894,4,74618.4,9022.14,79,22,2230,FMV
7144,204,64,2,6,747,13117,8,69551.2,68673.34,23,21,2030,HHX
7145,212,23,3,2,371,33194,3,736.2,7296.78,68,22,700,KQJ
7146,204,84,7,7,265,63015,6,21.73,73.54,9,20,1530,CPK
7147,211,23,3,6,407,13199,9,23.86,75748.1,81,22,1130,ZDP
7148,206,43,8,6,265,103108,5,-230.24,9482.4,82,23,2200,HIK
7149,208,23,3,9,759,53113,5,61417.53,79195.87,97,21,1500,VDT
7150,203,64,3,6,834,13191,1,-2441.88,-54724.4,1,21,200,EAD
7151,206,84,8,3,285,33113,7,-5651.47,-91134.73,59,22,2030,WQX
7152,205,43,8,8,782,13118,3,423.23,-4270.41,59,20,930,PDT
7153,212,43,8,9,864,53114,6,4745.17,900.98,87,23,1930,ALU
7154,219,84,8,2,990,22822,9,76.88,340.19,88,21,2100,TEV
7155,210,23,4,6,955,93012,7,1500,-99043.91,21,22,2330,ZCE
7156,209,23,4,7,513,73195,4,-24899.6,-274.89,63,22,330,DHU
7157,211,64,4,4,955,103114,3,461.53,39.2,76,23,330,LYG
7158,214,23,5,3,223,22815,1,145.13,932.4,32,22,1730,IOD
7159,220,84,9,9,344,43016,5,760.5,7771.83,60,20,800,XHW
7160,214,64,5,2,237,103190,3,252.37,665.23,91,22,1700,LFZ
7161,209,23,5,9,364,113003,7,68836.39,180.15,10,20,300,XKD
7162,216,64,5,8,447,22908,2,344.1,559.11,55,22,1430,SNK
7163,217,44,1,2,841,22813,3,40976.14,326.85,75,22,630,RWR
7164,213,64,6,3,861,43001,6,48331.23,42361.65,92,20,330,GSK
7165,217,23,7,1,863,13122,2,-451.78,25.72,20,23,530,JYL
7166,200,23,7,3,608,33199,6,-48.23,-11061,75,22,2130,UVR
7167,220,64,6,9,546,83194,8,28.24,530.41,28,21,1700,XGG
7168,209,85,1,9,146,83105,6,90368.66,75556.3,24,23,2030,ZSK
7169,210,44,2,5,288,53191,4,47735.6,-2828.7,48,20,1830,XPC
7170,205,85,2,2,377,83102,6,2648.58,975.6,29,20,1800,UVB
7171,203,23,7,7,343,113021,8,66.38,-3188.3,18,23,430,TXG
7172,216,64,7,6,226,73121,5,45.86,742.2,58,23,700,LAH
7173,217,44,2,9,584,103106,6,90438.66,37.34,72,23,1200,HMN
7174,214,44,3,1,220,93015,8,99390.27,-31420.14,96,20,1830,EWO
7175,210,64,8,3,126,53119,7,57019.56,83.99,34,20,230,NDI
7176,203,44,3,8,289,43022,9,5837.9,65156.54,34,22,1930,AED
7177,213,44,3,9,584,13196,3,-64044.72,76971.37,1,23,1930,GZQ
7178,210,85,3,6,868,103113,9,-16785.24,90.76,19,22,2100,ZMV
7179,211,23,9,2,909,113093,8,65.47,624.82,21,23,2100,GBG
7180,219,85,3,8,731,13100,1,-23.41,86730.27,12,23,1800,FSS
7181,204,64,9,3,107,113097,9,-18345.83,-52651.3,66,22,930,GZR
7182,201,85,4,2,149,113000,5,55.37,-8779.56,26,21,2230,IAK
7183,201,85,4,9,187,53196,7,1909.75,8216.3,63,23,630,LQB
7184,219,24,1,2,674,13190,3,76.12,-35.59,88,22,730,NKB
7185,216,65,1,1,918,83191,8,5462.3,99137.64,71,23,1100,JWU
7186,202,44,6,4,137,113091,1,-84.83,49.34,86,22,2300,XYQ
7187,203,85,6,1,952,33115,9,5498.12,198.43,97,22,900,BUC
7188,215,44,6,6,849,43093,9,-85.28,165.34,74,21,500,WXH
7189,215,85,6,5,279,63020,6,741.27,-3094.63,66,22,400,TRX
7190,211,65,1,7,986,53195,3,17559.83,745.88,89,21,400,EAH
7191,213,24,2,7,962,43004,8,75.19,-5612.8,88,22,2030,MCU
7192,215,24,2,9,224,33122,8,87.63,-8210.66,89,20,900,RJD
7193,213,85,7,3,892,123117,2,80.94,194.36,38,22,1100,THX
7194,212,44,8,1,408,33120,8,51.53,7324,57,23,1930,ACV
7195,209,85,7,9,211,73122,4,-84012.19,984.6,21,23,1400,HFC
7196,213,85,8,2,141,123121,2,115.23,2728.15,72,23,2000,HWE
7197,200,85,8,4,465,73106,8,96598.29,-4120.57,58,20,1830,WML
7198,208,85,8,9,238,123193,2,63734.98,20.6,62,20,1430,QVZ
7199,215,65,4,2,258,63007,9,45493,-3836.24,77,22,1630,TNG
7200,203,44,9,4,615,73112,8,6844.76,30.55,99,20,300,JZE
7201,202,65,4,4,708,13101,7,56113.52,816.83,37,22,330,MYN
7202,214,85,9,3,819,93097,9,193.83,8129.19,48,22,930,COE
7203,202,44,9,7,266,103109,8,3786.95,44443.15,44,20,1930,NIS
7204,207,85,9,4,825,22814,7,380.9,700.34,70,22,1530,FBK
7205,213,85,9,7,969,43005,6,98958.19,-149.9,86,21,230,MDQ
7206,210,65,4,9,309,73196,8,3641.6,226.82,54,22,300,QQX
7207,216,24,5,6,235,22890,1,80.22,1538.11,38,23,1430,TVX
7208,204,65,5,4,493,33110,2,28.56,3371.43,79,23,530,CNI
7209,206,65,5,5,540,103104,1,-76247.29,-83.86,59,21,1800,ZXM
7210,212,65,5,7,300,43097,7,529.87,-56.3,49,22,1500,JZS
7211,218,24,6,2,585,113018,7,4355.56,690.1,90,22,1330,ZPF
7212,210,24,6,5,392,93096,2,-219.31,-74.58,32,22,930,BZP
7213,220,24,6,8,936,103193,8,805.97,24.58,48,21,1100,HXW
7214,213,86,1,2,323,103191,4,196.35,30258.56,8,23,1000,LXK
7215,213,65,6,6,109,63098,9,34.8,8975.17,53,20,2230,QPF
7216,200,65,6,7,984,73113,7,6922.25,644.98,4,23,1600,MQS
7217,204,24,7,3,115,113098,4,67.88,-36725.18,77,23,1900,AIL
7218,209,24,7,4,518,33111,8,-8432.73,-545.2,13,23,1730,LSC
7219,203,86,1,7,714,73199,7,-21414.4,-60804.41,21,22,2200,SVS
7220,219,65,7,2,700,33104,3,9678.2,4673.72,39,22,2030,KXQ
7221,216,45,2,6,557,33119,2,-97952.57,-8616.39,45,20,1600,IMU
7222,214,45,3,3,196,113011,4,192.63,9651.82,8,23,1530,OLP
7223,213,65,8,2,716,113012,5,4044.95,37.81,4,20,1930,LYQ
7224,220,24,8,5,401,83195,5,88.31,3530.67,10,20,900,MLI
7225,211,86,3,2,311,73111,6,1781.57,337.42,30,23,230,OUB
7226,209,45,3,7,622,22806,5,78,9480.9,4,21,230,HNM
7227,213,86,3,4,291,53109,1,17366.71,8609.54,84,23,130,NEE
7228,200,65,8,6,276,43006,8,1179.6,20.81,60,21,1000,SWG
7229,204,45,4,1,599,93091,5,-971.3,29798.12,37,23,1700,ZUW
7230,210,24,9,5,783,63012,5,-4544.8,64.27,54,20,1530,NZS
7231,215,24,9,6,154,22810,9,6470.89,32210.8,92,22,700,TSK
7232,202,45,4,5,827,83196,9,58984.45,235.42,85,22,930,ZHS
7233,217,45,4,4,408,113016,2,4468.13,46648.59,36,21,2100,NXC
7234,210,45,4,9,226,93010,6,49821.32,606.38,23,20,1800,AJH
7235,202,86,4,6,882,93093,7,-3358.28,-99403.6,67,22,130,EIC
7236,208,86,4,8,329,13194,9,46.88,-97057.86,46,20,830,JVX
7237,207,45,5,2,607,13113,5,1755.85,5970.37,80,23,1000,VBL
7238,207,25,1,1,259,22802,7,65.87,105.1,30,22,630,VCU
7239,204,86,5,9,369,63022,6,7934.7,-92990.1,23,23,1300,TPI
7240,206,66,1,2,455,83114,3,-24632.41,-242.16,28,22,1600,IPB
7241,202,66,1,1,547,53117,7,15.78,55997.3,67,20,900,QBL
7242,215,45,6,6,838,13121,4,483.75,69.52,74,22,2300,WQY
7243,203,25,1,9,308,13107,8,91.46,8495.9,59,20,2330,QHZ
7244,200,66,1,7,957,63090,6,96.1,26.46,76,21,330,QSD
7245,210,25,2,1,227,73194,3,6256.63,-97.41,18,21,2230,NIQ
7246,218,86,6,8,314,123112,2,781.12,2840.48,68,22,1630,NDR
7247,211,45,7,6,373,93019,5,8842.57,883.71,48,20,100,URH
7248,209,66,2,5,827,83198,4,-9937.86,62.57,76,22,1130,QHZ
7249,219,86,7,2,338,63010,2,-29.53,4297.65,15,23,1730,ZDT
7250,203,45,7,9,505,73118,2,74814.73,-3246.74,33,22,1630,FGK
7251,214,25,3,2,878,22801,3,8947.95,11.18,84,21,1700,GXT
7252,208,25,3,3,701,83117,5,-929.84,6634.96,25,21,1700,BOT
7253,211,45,8,2,459,13103,8,23.22,27.12,83,21,1900,DKB
7254,216,86,7,9,455,113014,3,-86285.18,3543.14,98,21,2100,CKT
7255,218,45,8,4,119,53105,6,-15717.88,23630.35,43,20,130,YGX
7256,209,45,8,5,209,43013,8,89207.89,-10.29,60,22,200,DUD
7257,208,66,3,4,988,33116,2,389.11,4655.29,70,22,1700,HIL
7258,213,21,3,2,557,83119,6,-8318.52,-360.5,44,20,600,KXN
7259,205,45,8,6,855,93007,1,16778.32,79661.99,25,20,830,VZQ
7260,216,45,8,9,676,43014,1,64352.29,18.91,68,20,430,UPD
7261,219,86,9,7,113,63091,7,-163.11,4525.44,25,23,330,MBI
7262,203,86,9,8,279,63018,2,-161.56,36146.9,10,21,500,SHE
7263,218,25,5,5,609,63099,7,280.9,-92.64,66,22,600,ABV
7264,211,25,5,8,235,63017,2,7023.83,3725.67,5,23,1730,EKY
7265,210,25,6,5,960,83100,7,63274.9,7861.64,50,22,830,SVF
7266,206,87,1,3,138,13109,2,83028.39,914.4,29,23,730,MNZ
7267,202,66,6,8,302,73114,4,829.2,42134.31,48,23,1800,IVB
7268,201,66,6,9,458,33107,9,785.98,98.37,79,22,2330,PPF
7269,212,25,7,3,209,103103,1,30.46,92044.14,46,23,1130,XQC
7270,213,87,1,9,836,43003,4,99.9,9129.27,28,21,1700,INI
7271,219,46,2,4,861,33102,8,-31569.73,49891.11,70,22,530,ECE
7272,219,25,8,2,803,83103,1,967.21,408.57,44,20,200,MFM
7273,201,25,8,3,752,113008,7,77.4,-74722.12,4,23,2300,EMA
7274,201,46,3,3,506,123114,4,614.67,10.49,65,22,1030,ZCW
7275,203,25,8,6,169,83101,1,6730.7,2491.11,6,21,600,ENT
7276,214,87,3,2,229,63006,9,234.84,-664.64,42,22,2200,AHV
7277,202,46,3,6,731,83120,3,4131.96,5568.79,71,23,2300,VOB
7278,200,46,3,8,404,43094,7,70428.77,-762.65,56,22,630,CZR
7279,205,66,8,6,434,43009,7,71940.81,982.65,25,23,400,DRA
7280,214,87,3,6,108,53115,9,-865.66,73.3,57,21,1600,DPU
7281,209,87,3,7,919,13110,4,13.1,-57.9,73,23,2030,DZJ
7282,219,66,8,9,971,73110,7,-419.53,-43033.17,39,20,1830,QVT
7283,219,66,8,5,929,113004,7,27326.8,96.16,92,21,600,AFK
7284,200,66,9,3,503,33106,5,-10.39,-640.72,70,20,2200,FTX
7285,217,66,9,4,654,83109,3,3972.45,2698.38,38,20,230,HPQ
7286,219,87,4,2,779,103101,8,57.91,29893.23,73,23,730,ERF
7287,216,87,4,4,715,73119,4,71.33,7786.1,64,20,1700,UGI
7288,201,25,9,9,923,123191,6,20.29,-372.61,34,20,2000,WOG
7289,204,87,4,7,102,22818,5,59363.88,711.59,34,23,1130,XAF
7290,205,46,5,3,574,73109,2,-99313.86,156.26,42,21,1230,QCW
7291,219,26,1,2,434,43020,8,-669.64,-52423.22,50,21,200,BCD
7292,200,46,6,1,149,123120,1,-44613.31,88.76,59,21,2130,RQM
7293,204,26,1,4,593,123106,9,549.52,23689.95,86,21,1200,LBC
7294,214,26,1,5,306,93022,7,304.52,38385.78,11,23,1700,LXK
7295,212,26,1,6,793,43021,5,46265.2,-9599.12,37,23,1730,RDO
7296,219,87,6,1,185,13115,2,955.36,-2991.28,85,22,2000,XSH
7297,202,46,6,5,677,113007,9,-54.71,71268.45,35,20,300,FWQ
7298,207,26,1,7,115,83112,3,79.85,3997.68,53,21,630,EAJ
7299,208,46,6,8,862,123110,2,-76861.48,-245.75,28,22,1830,CZB
7300,209,26,2,2,330,13195,3,-1449.47,6575.65,30,21,430,CDW
7301,216,46,7,3,739,113015,5,-7481.7,-65.35,28,23,2130,IAA
7302,206,67,2,2,806,93013,7,11974.18,-25.91,39,21,1000,MWT
7303,214,67,2,4,693,13198,6,9776.52,6164.26,57,21,1300,LFY
7304,212,87,7,3,182,53193,2,11381.6,8407.37,80,23,2130,CIA
7305,216,87,7,4,178,53199,5,30.38,275.97,62,21,1500,BUK
7306,200,26,3,1,493,123196,7,-32859.53,13.48,66,20,1000,DSF
7307,216,67,2,6,895,73190,3,63062.92,9678.13,92,23,1230,LQR
7308,208,26,3,2,490,113009,2,5756.77,373.61,38,23,1400,JFE
7309,219,46,7,6,273,43092,6,-121.71,26.4,71,22,200,FDJ
7310,218,67,3,3,809,73117,1,52.41,327.29,6,21,2000,WND
7311,213,87,8,2,344,22996,4,53.97,486.16,87,20,2130,YSC
7312,218,26,3,9,303,13102,8,96540.17,82.25,5,21,330,AFQ
7313,220,46,8,6,663,93094,9,219.46,8051.3,82,22,700,EWU
7314,206,26,4,2,716,43008,9,-10786.6,-141,70,21,800,QAQ
7315,217,67,3,9,310,103110,2,40693.95,33.55,96,21,500,LKI
7316,202,26,4,4,477,103115,7,1776.9,923.33,17,21,1130,EVH
7317,216,46,9,7,661,53102,1,-4883.32,12.74,83,22,1030,TLR
7318,200,87,9,5,681,83106,8,286.8,90199.69,20,23,100,NGG
7319,209,26,5,3,959,73116,4,4861.91,3701.73,17,23,1030,FLL
7320,216,67,5,6,605,53101,4,648.53,49.9,61,23,930,BKQ
7321,219,26,6,4,398,13119,2,4962.36,5755.49,51,23,2130,TGH
7322,204,47,1,4,452,113020,5,-617.87,61575.41,89,20,630,THL
7323,204,47,1,7,895,73192,5,626.15,401.8,14,20,2300,PFS
7324,210,67,8,1,510,103122,4,714.42,85400.1,12,23,2330,OQS
7325,203,26,8,9,815,13193,2,-559.79,-5285.32,95,20,300,UNM
7326,206,67,8,7,897,83197,1,-6162.3,-71.7,35,22,1100,CFR
7327,216,47,3,9,724,63013,2,5534.37,4477.97,65,20,1200,NGK
7328,213,47,4,5,638,22803,5,22.72,-73635.84,99,22,100,CGJ
7329,200,67,9,3,220,22891,3,18.1,839.43,54,20,2330,LJQ
7330,218,67,9,6,492,93006,3,92414.14,74367,98,23,1330,WND
7331,219,88,4,7,811,93095,5,-649.7,-22660.9,82,20,1900,SEF
7332,213,47,5,3,451,73193,3,65.76,87.13,74,22,100,JPZ
7333,202,47,5,5,778,113013,6,665.5,-2859.2,59,21,1730,CHI
7334,206,47,5,7,117,33114,3,58.37,29048.64,89,21,400,RLC
7335,202,47,5,8,293,123118,2,-618.59,56.26,80,21,2300,CWH
7336,219,88,5,4,390,53111,7,76305.34,25.37,40,22,2230,VZI
7337,209,27,1,3,837,63004,5,-4376.24,-27.5,66,22,2030,RIZ
7338,201,47,6,3,202,123122,4,-8584.24,9629.64,93,23,1900,ICJ
7339,209,88,6,1,220,53194,4,41928.23,-42131.83,97,20,1000,BEB
7340,211,27,1,8,838,123104,2,47758.14,77.72,16,23,1530,EYD
7341,219,68,1,8,662,93018,1,36314.76,2675.56,40,20,500,QIV
7342,207,68,2,2,301,83122,5,6630.98,952.3,67,20,700,YGD
7343,213,27,2,8,824,93017,8,184.74,99.31,17,22,2100,UFP
7344,211,68,2,7,629,63016,3,6985.65,55.24,99,21,730,KND
7345,200,27,3,3,636,43010,2,4826.68,96.13,13,23,1400,YWW
7346,208,88,8,3,229,33117,1,6406.55,54.33,4,22,2100,LLA
7347,218,47,8,7,521,123115,8,817.64,-496.97,59,22,700,SOE
7348,204,68,3,9,743,22805,9,75.14,-67966.77,27,22,1800,HYC
7349,208,47,9,2,415,43015,9,45168.42,84.6,33,22,1530,VST
7350,206,27,4,4,678,103119,3,8835.14,72321.3,77,23,2200,SBM
7351,202,27,4,7,276,33105,8,22.39,863.31,43,21,1400,BVH
7352,209,88,9,2,773,93090,8,-9021.56,256.52,57,23,1200,CNB
7353,217,68,4,6,178,113092,7,47.44,80551.23,31,21,1900,KMK
7354,216,88,9,6,735,103118,6,-74.1,755.67,12,23,1800,JJM
7355,212,27,5,3,639,93004,4,36086.63,2363.9,36,23,1030,WOQ
7356,208,27,5,4,356,22895,5,67.48,55225.9,48,22,2300,KIU
7357,201,88,9,9,370,113005,2,-94.3,-45.2,41,21,430,REL
7358,200,27,5,8,175,33109,9,96.19,951.27,59,23,130,JIQ
7359,205,27,6,1,508,123119,9,92148.4,-9936.24,46,21,2030,UHD
7360,216,68,5,9,109,22992,5,3029.86,320.25,87,20,1800,IQY
7361,211,48,1,2,773,63000,6,7826.9,950.77,4,23,1630,RLA
7362,203,27,6,4,197,53198,1,8721.18,50519.25,72,22,1130,HUU
7363,214,68,6,3,576,123192,3,-614.66,821.51,79,22,130,KWI
7364,205,89,1,3,987,63094,6,5204.3,-845.71,96,20,600,EZR
7365,207,27,7,1,824,93020,2,465.38,2965.88,89,22,900,MZZ
7366,213,68,6,7,117,73104,2,173.35,-4432.34,48,23,1430,OXV
7367,215,68,6,9,153,13192,1,-32429.65,82737.57,43,22,430,EED
7368,208,68,6,8,716,13120,3,-73.84,37947.21,84,21,130,GGP
7369,208,27,7,5,320,53122,5,-795.74,482.85,65,23,1530,NKF
7370,210,48,2,5,733,13112,3,7198.1,-8631.97,58,21,1000,PUI
7371,203,27,7,9,276,103111,5,-4877.87,44219.99,76,23,530,BLK
7372,205,48,2,9,654,53120,4,912.21,-69898.92,48,22,930,JRW
7373,202,27,8,1,409,53197,5,24119.19,72164.26,2,20,930,MCH
7374,213,89,2,8,411,113096,6,3564.18,515.6,7,20,1100,IYK
7375,204,48,3,3,929,93011,5,-97000.46,-57978.29,37,20,200,LJD
7376,217,27,8,6,325,123105,4,68342.42,-967.34,45,23,430,TAV
7377,201,27,8,5,571,43018,8,2034.95,1628.4,58,21,1700,TFC
7378,215,27,8,8,760,33103,8,443.84,100.5,12,22,2000,BHT
7379,220,68,8,6,634,103102,6,-75628.52,-44,53,22,730,VHD
7380,220,27,9,2,576,103107,7,-548.5,304.61,75,21,1300,CNK
7381,218,48,4,1,151,53110,3,331.16,76.88,55,20,730,SRD
7382,213,27,9,5,239,53107,8,10.79,870.57,64,21,430,FQR
7383,211,27,9,6,402,103121,1,1087.74,31.85,16,20,830,VDX
7384,203,48,4,3,407,93005,1,-30213.46,91.7,37,20,1800,BQA
7385,200,68,9,1,889,13197,3,-837.68,42049.37,37,23,1030,LSN
7386,202,68,9,2,569,73115,5,-7151.9,53.92,84,20,1130,SVG
7387,207,48,4,5,457,33198,1,6234,66613.6,49,21,2200,DDL
7388,205,48,4,9,613,73198,6,401.66,922.67,34,22,1800,OJR
7389,215,68,9,6,483,22897,9,3523.1,56.43,92,20,2130,LWN
7390,220,48,5,4,648,22904,9,20.56,34651.99,66,23,230,SUB
7391,211,89,5,3,678,22819,1,3177.95,-7887.62,81,20,1100,YKB
7392,220,48,5,9,394,93008,2,11605.24,89.11,66,21,2130,TLW
7393,210,89,5,5,673,113019,7,-43.14,369,81,23,830,JAA
7394,207,69,1,1,610,93099,2,1729.92,872.7,30,22,1000,VCG
7395,206,48,6,4,605,63003,3,-1762.68,6030.37,36,20,1630,NSM
7396,202,28,1,5,960,123116,8,148.4,8573.6,20,20,930,DFW
7397,204,28,1,9,937,103120,6,6869.67,5451.7,37,21,2300,ZWP
7398,200,28,2,2,668,53103,8,13384.53,46868.7,70,23,1600,CBW
7399,215,28,2,5,820,123194,1,-1278.4,-80120.4,64,20,730,PJP
7400,200,28,2,8,773,123111,8,-64.11,-696.18,22,21,2030,HWM
7401,211,89,7,3,363,73105,7,74.35,30601.69,66,20,1830,CRE
7402,220,48,7,9,390,83192,3,799.66,27.8,97,22,1600,WLR
7403,205,89,7,6,200,33196,1,-825.7,63.72,53,22,2300,RTL
7404,206,28,3,5,926,43019,7,-94215,51726.43,31,22,2200,AKA
7405,211,69,3,2,917,22912,3,-41.34,3320.18,45,20,1300,KQB
7406,205,89,8,1,485,33121,8,-390.8,8482.78,66,22,430,QMC
7407,211,48,8,7,370,33193,6,85311.61,-5746.77,85,20,1830,TDE
7408,204,69,3,6,565,93014,9,4595.87,-60.2,42,20,1500,QTQ
7409,205,89,8,6,934,123102,9,810.44,-6465.45,48,21,100,YUC
7410,206,28,4,3,599,53116,7,48957.8,858.56,23,21,1200,WZJ
7411,217,48,9,1,759,63021,4,-3821.83,947.8,54,23,1500,XCB
7412,208,89,8,9,545,63014,6,-7732.84,7293.13,48,23,400,CQL
7413,204,69,4,1,429,93009,2,3357.52,894.89,94,20,1000,XFN
7414,204,28,5,5,589,103116,3,25851.37,2241.63,33,22,1900,UXC
7415,215,28,5,6,597,43007,5,58476.79,-24.27,47,22,2130,NCY
7416,213,69,5,3,186,22811,2,721.49,261.85,13,20,2100,FML
7417,204,28,5,9,599,83115,2,54638.3,78.5,68,23,530,FRX
7418,216,28,6,5,597,123101,9,82.82,11.75,92,22,200,JOD
7419,206,28,6,7,309,83118,9,7714.21,110.1,40,23,2200,WAS
7420,208,28,6,8,348,113099,9,-92741.88,-20.29,57,22,500,DBR
7421,200,28,6,9,636,103100,6,3483.3,-17388.7,49,21,1900,OSL
7422,208,69,6,7,600,103196,4,8441.45,918.98,38,23,800,WZP
7423,214,49,1,9,255,33100,3,909.35,487.17,11,23,730,TQJ
7424,202,28,7,4,913,93003,9,4939.13,5220.58,66,22,1500,GGD
7425,211,69,7,2,882,63096,7,497.71,-39.65,19,22,2300,JOI
7426,202,49,2,5,910,73191,2,-9293,4801.3,81,22,1330,GEU
7427,205,49,2,8,195,63095,6,42.79,-73.67,51,21,1500,NEQ
7428,215,69,7,7,468,33192,8,-6309.79,387.74,27,23,730,WLD
7429,212,49,2,9,788,53112,6,69534.68,21.86,89,21,1100,JKW
7430,218,49,3,8,309,123100,5,374.9,85023.3,74,21,1200,UVV
7431,216,49,4,1,757,63011,5,19.65,51739.9,48,22,1900,GAT
7432,217,28,9,4,880,123198,2,-96967.77,57.13,59,21,1330,KST
7433,200,28,9,7,162,93092,1,-559.54,1767.15,43,22,1700,PUK
7434,220,69,9,3,423,63092,4,-41.27,28.9,38,21,1230,NLN
7435,210,69,9,5,428,53121,5,52.75,25.61,55,21,2230,VZC
7436,215,49,4,9,679,103192,9,7265.75,11.51,18,22,1130,VRE
7437,201,69,9,9,259,53104,5,4187.15,92.35,32,22,1330,JIV
7438,209,49,5,8,520,123103,4,614.16,49.33,80,21,2200,ZMO
7439,202,49,6,1,771,13114,6,-1236.6,91331.43,87,23,1900,PTV
7440,212,49,6,3,177,22893,7,-89337.7,25539.21,90,23,1400,OYS
7441,216,29,2,1,430,22900,4,1410.56,2482.48,27,20,400,JHX
7442,216,29,2,2,251,33190,5,-2424.54,81505.26,72,23,2300,SYJ
7443,220,29,2,6,983,63097,1,78517.83,943.71,97,23,2200,AEJ
7444,204,49,7,5,912,103105,6,71065.99,264.58,14,22,1030,EYN
7445,213,49,8,2,221,93016,7,71425.16,2952.25,83,21,430,ZVW
7446,214,49,8,5,905,22809,2,341.39,-2099.18,83,22,100,JTT
7447,218,29,3,7,468,63008,2,226.26,53.66,63,22,1400,ZNZ
7448,220,49,8,6,831,33191,4,5482.75,88853.15,51,23,330,JUQ
7449,215,49,8,8,296,83199,3,3530.29,4316.17,76,21,1030,DBB
7450,212,49,9,1,966,113095,2,4325,-201.33,4,21,1230,FNZ
7451,220,49,9,2,615,103199,8,17260.81,20512.98,5,21,2130,IIM
7452,211,29,6,3,960,22899,3,94.11,-9282,47,20,1830,QJH
7453,213,29,6,6,773,73103,5,11.87,860.24,10,20,800,UNN
7454,201,29,6,7,915,103198,9,53393.54,649.5,28,20,530,VIN
7455,208,91,1,2,973,113022,1,49659.89,6784.5,48,21,330,CVR
7456,214,29,6,9,315,63093,8,70595.58,4949.3,89,21,1030,KQX
7457,215,91,2,2,156,43091,1,22608.98,5405.14,94,20,1100,MKD
7458,216,29,7,9,925,13104,8,10.5,424.65,89,23,2130,NNK
7459,211,29,8,3,440,22916,5,3853.37,-90.42,89,20,1600,MXN
7460,207,91,3,1,762,13111,4,82836.49,30351.67,25,21,1000,ZYP
7461,211,91,4,2,724,63005,3,43.2,39.91,37,23,1100,QRE
7462,217,91,4,6,808,22920,9,52404.91,56.33,97,20,900,SQS
7463,218,91,4,9,155,83108,5,77.88,411.86,32,23,1330,PRP
7464,217,91,5,5,289,33112,1,-434.64,71173.44,39,20,200,WLN
7465,201,91,5,8,963,63009,9,-33558.19,19.6,62,22,1130,ZAN
7466,219,91,6,3,273,53118,4,8886.3,14023.16,36,22,1800,QPQ
7467,219,91,7,5,868,53190,5,-1178.41,5547.27,27,20,500,IMC
7468,201,91,7,9,928,53106,1,86581.12,11.17,49,20,300,OHD
7469,213,71,3,6,172,13108,1,47.94,-661.58,23,20,1800,GGX
7470,219,71,3,7,732,83110,8,-940.45,914.51,71,20,830,PKG
7471,213,91,9,3,200,83193,2,1849.52,38.28,9,22,1730,NYK
7472,206,71,4,9,313,13105,9,17.86,38500.72,69,22,130,NYL
7473,220,71,5,5,578,93002,3,75.13,-98384.45,57,22,400,ICI
7474,200,71,5,9,440,33101,9,49659.7,-35857.5,90,22,900,JAO
7475,214,51,1,6,340,33197,6,21900.43,2589.5,39,23,2000,MKL
7476,200,71,6,4,536,113094,9,343.73,-22108.66,29,20,230,TPW
7477,213,71,7,5,610,83121,8,354.46,16.89,57,21,2000,LDR
7478,203,92,2,9,747,73101,9,-6807.86,55098.32,31,20,730,IYT
7479,212,71,8,1,346,123102,7,831.78,250.11,98,22,400,HNS
7480,204,71,8,5,969,53116,5,2943.56,670.62,57,21,500,BUL
7481,209,71,8,9,140,63021,2,-1388.1,23.47,97,20,1930,WDB
7482,200,51,4,3,971,63014,2,5903.16,14.96,57,22,1200,XNR
7483,215,51,5,4,378,93009,6,59958.79,44184.95,45,20,2230,SRA
7484,219,51,6,4,905,103116,2,53438.14,93.54,52,21,1100,YQE
7485,202,51,6,6,169,43007,2,366.83,-136.25,1,22,300,BDN
7486,204,92,6,3,865,22811,6,142.76,84697.15,2,21,1900,RYD
7487,205,72,1,4,573,83115,2,-7650.55,30.8,26,20,300,KRF
7488,217,31,2,1,611,123101,1,63.85,3310.49,96,23,1100,KAT
7489,210,51,7,1,162,83118,8,54.84,-76.52,99,23,600,VPV
7490,204,72,2,8,269,113099,8,1586.37,20627.83,55,20,1730,MYE
7491,203,51,8,2,979,103100,3,-57.16,-54168.19,81,22,1800,WKX
7492,203,92,7,9,975,103196,4,891.64,7139.67,28,20,800,JAM
7493,203,51,8,4,383,33100,6,6879.12,28.45,21,23,900,UIS
7494,217,92,8,1,539,93003,8,5936.84,-6176.51,69,21,2000,PRO
7495,217,51,8,5,633,63096,3,88433.9,61.61,7,21,500,XQQ
7496,220,51,8,7,970,73191,1,9676.6,-86437.55,81,23,300,XPZ
7497,212,92,8,3,766,63095,7,-537.81,7343.75,58,23,530,UTS
7498,218,72,3,6,147,33192,4,-59.37,734.21,48,20,2330,IRM
7499,207,92,8,2,341,53112,2,-419.4,55.97,34,22,2130,LEM
7500,200,72,4,1,636,123100,3,37.7,5772.11,28,20,200,EUC
7501,204,51,9,3,904,63011,5,-84.1,1622.44,88,23,2030,EGB
7502,217,92,8,9,442,123198,3,-753.42,95.99,61,20,1330,MWW
7503,208,92,9,2,500,93092,9,61.89,-81242.76,51,20,930,TKN
7504,210,92,9,3,936,63092,1,91.56,598.48,73,22,1930,BAF
7505,207,51,9,5,117,53121,6,408.6,719.2,50,23,1130,JQA
7506,219,72,5,1,567,103192,1,6564,-373.15,33,21,400,OTX
7507,205,92,9,9,172,53104,8,104.39,9117.21,18,21,2100,XQE
7508,216,31,5,7,766,123103,6,259.1,95487.6,57,20,1930,FKA
7509,212,31,6,2,538,13114,7,-48.16,70.78,87,21,2130,ESZ
7510,209,31,6,3,466,22893,7,3099.73,6328.88,37,23,330,JZK
7511,207,52,1,2,645,22900,2,-41.63,38064.7,56,21,500,GVT
7512,200,52,1,3,372,33190,2,51.2,8084.48,88,23,1300,LFI
7513,211,72,6,3,556,63097,8,-29759.59,34778.47,18,20,830,BNA
7514,201,11,2,1,146,103105,2,78342.56,3814.16,66,23,100,SLG
7515,216,52,1,7,383,93016,6,-400.4,-81.21,9,22,1300,FCV
7516,213,93,1,6,339,22809,3,56635.69,20.49,1,23,1730,FWK
7517,204,11,2,4,810,63008,7,826.51,34818.14,18,22,2230,XWA
7518,208,52,2,1,338,33191,4,3118.99,-35157.57,98,21,1900,PMY
7519,207,93,1,8,159,83199,9,-3883.52,99927.65,37,22,1800,ITA
7520,209,31,7,6,828,113095,3,-44641.48,87182.48,37,21,1330,TVK
7521,213,93,2,5,355,103199,1,80.23,-7475.67,59,21,630,JSF
7522,218,72,7,8,466,22899,4,21.16,678.64,23,20,530,YEZ
7523,204,52,2,9,155,73103,6,8768.4,39.51,90,23,1530,GKQ
7524,216,11,3,6,586,103198,5,-6191.17,8645.69,45,20,730,WMA
7525,219,72,8,1,609,113022,4,-93.54,-2464.7,41,22,100,XSR
7526,208,11,3,9,747,63093,9,73364.67,-387.9,4,22,1030,NCB
7527,200,11,4,3,673,43091,6,-42.64,20.66,99,21,2230,ZWP
7528,216,31,9,2,850,13104,5,6313.13,37749.14,65,22,1700,FPP
7529,207,72,9,2,339,22916,9,19.57,32.79,10,22,300,EMP
7530,220,31,9,8,478,13111,8,487.57,34.32,91,20,700,WNS
7531,217,72,9,5,921,63005,3,524.57,3367.15,78,21,1130,GZV
7532,212,11,5,2,889,22920,1,5745.7,-208.2,4,23,1300,UNE
7533,208,11,5,7,659,83108,1,14.87,-159.3,3,22,2130,NXF
7534,208,93,5,3,423,33112,5,-31387.25,35.89,52,22,1500,DXY
7535,213,93,5,4,257,63009,2,66.65,635.76,44,21,1630,IUR
7536,208,32,1,1,722,53118,7,46.86,-21155.58,60,22,800,PIK
7537,219,11,6,4,621,53190,2,473.27,81465.63,11,23,1300,BWU
7538,217,93,6,1,743,53106,9,838.58,84.62,18,23,1200,LZQ
7539,212,73,1,8,376,13108,9,28.14,2206.18,39,23,900,HYM
7540,219,93,6,7,709,83110,5,311.69,9543.16,86,21,500,CFG
7541,214,93,6,8,973,83193,8,51.29,40.23,82,22,200,QSU
7542,213,32,2,6,632,13105,1,2412.44,59.12,25,22,500,LKO
7543,216,32,3,2,121,93002,2,114.58,73773.57,53,20,1330,YIQ
7544,215,11,8,5,419,33101,9,92151.72,78.1,96,21,830,KPS
7545,210,32,3,5,447,33197,2,-9908.1,782.5,72,22,600,GFK
7546,217,73,3,3,416,113094,9,-53.4,5669.71,95,20,1830,UIB
7547,206,11,8,9,611,83121,8,54.51,29838.54,44,23,1230,QCG
7548,217,52,8,9,132,73101,5,-442.73,-65.59,20,20,1200,KPF
7549,210,11,9,4,623,13116,3,41929.5,75.62,26,20,1600,WSO
7550,206,32,4,3,957,73107,9,50001.22,3017.75,80,22,330,NED
7551,218,93,8,8,345,73120,7,3298.26,2611.54,32,23,700,JES
7552,213,32,4,6,586,103117,3,-84.97,961.16,95,21,2300,IXW
7553,205,32,4,7,238,63019,9,-89369.35,6494.96,50,20,400,YPM
7554,209,73,4,5,905,43000,8,851.42,-667.94,89,23,1400,PWR
7555,212,93,9,4,405,43090,7,57684.99,6645.33,82,20,400,XKA
7556,206,73,4,6,730,103194,7,98.31,8168.77,47,20,130,FQR
7557,211,93,9,8,127,43099,2,30894.24,586.33,28,21,1500,IOL
7558,204,32,5,4,387,83107,8,463.69,110.53,77,21,700,DWV
7559,220,32,5,5,460,113017,4,639.66,81.55,71,20,830,JLC
7560,215,73,5,4,735,83116,8,683.9,93.81,18,21,100,DSX
7561,211,73,5,6,600,33118,2,24139.64,-678.64,61,20,700,DRV
7562,208,12,1,3,773,43011,7,-93815.56,17497.15,61,22,1800,CNO
7563,213,73,5,7,839,93098,3,58930.91,-18.2,54,20,1000,QPD
7564,202,32,6,3,319,93021,7,-81.29,469.59,40,23,1130,ALE
7565,207,12,1,7,765,83190,6,55318.9,655.91,8,21,1730,WFY
7566,207,32,6,6,569,123113,6,6172.3,63649.56,80,21,230,SZS
7567,204,12,1,9,104,13106,6,83716.79,10.82,57,23,130,WFL
7568,209,94,1,2,879,103195,3,-483.34,9222.49,10,22,2200,DID
7569,208,32,6,9,258,53100,3,-3101.83,-29580.13,35,22,2200,SGU
7570,212,73,6,6,581,103197,3,2461.69,-85827.73,78,23,1530,DYL
7571,201,94,1,1,517,113002,6,30888.45,79.8,16,21,1500,ZDY
7572,217,73,6,8,953,113006,8,92943.23,-758.75,37,20,800,KIL
7573,206,32,7,2,380,83104,3,96918.89,-16.18,35,21,1230,JTH
7574,211,94,1,4,693,123199,1,24862.13,6817.79,11,21,1300,WNY
7575,204,73,7,1,841,123109,4,80390.63,-75306.42,12,23,1030,WXS
7576,211,94,2,1,141,73108,2,264.36,19164.71,45,23,1100,GBS
7577,203,73,7,5,808,43017,8,-83.7,605.85,3,23,300,RZP
7578,207,12,3,1,585,22817,7,104.99,168.9,49,20,530,REG
7579,212,32,8,1,675,93000,7,39.1,-77.43,77,22,1300,PEJ
7580,206,94,2,6,543,83113,2,98.73,-9226.81,73,20,1000,RJV
7581,207,12,3,4,972,43012,3,-55103.43,7529.26,94,22,2330,UTT
7582,203,32,8,4,486,33108,8,7445.58,55923.41,72,23,300,NQQ
7583,201,12,3,6,313,22898,6,62.5,-651.6,44,22,400,KRA
7584,207,32,8,8,917,113090,1,41227.46,10.48,18,22,2130,LCW
7585,202,32,8,9,231,73197,7,-46.36,654.71,65,22,900,QMZ
7586,212,12,4,3,715,53192,1,51.77,51433.61,13,21,2230,WOB
7587,205,73,8,9,490,123197,9,23993.68,382.41,28,22,2130,DQU
7588,217,73,9,3,485,43098,7,1870.62,3103.4,92,22,1100,RRM
7589,205,94,4,2,208,63001,2,71102.32,279.23,25,22,1100,YZQ
7590,201,53,4,7,764,63002,8,41824,999.26,59,20,830,XAU
7591,203,53,4,5,688,123195,1,13534.83,1354.44,25,20,630,JLV
7592,201,32,9,8,474,113010,1,-536.79,-704.24,48,22,2030,CVQ
7593,205,53,5,4,120,22894,7,15127.95,341.63,25,23,430,LLF
7594,200,12,5,9,749,13117,7,36.79,-690.22,45,20,330,OHW
7595,215,12,6,3,443,33194,6,193.41,43998.62,99,23,1130,XQR
7596,205,12,6,7,576,63015,1,990.13,8207.74,90,23,700,GCV
7597,206,33,1,5,730,13199,8,4707.37,958.9,70,21,2030,FYW
7598,205,12,6,9,450,103108,5,-207.73,-6456.58,50,20,1100,MPZ
7599,219,74,1,6,739,53113,6,58517,-35.43,49,21,1630,MRE
7600,216,53,7,2,588,13191,9,56656.25,280.3,12,23,1200,TJJ
7601,212,94,6,8,908,33113,1,90583.71,64224.89,19,22,1600,KBS
7602,209,12,7,8,361,13118,3,735.9,-320.13,36,20,1430,XHG
7603,203,53,7,3,505,53114,6,-14487.24,26957.7,76,20,1800,LWG
7604,217,33,2,9,115,22822,8,731.29,2592.8,81,21,2100,OKZ
7605,205,74,2,7,810,93012,1,11.77,-6825.3,86,23,2100,RLX
7606,219,33,3,3,743,73195,2,46165.83,842.42,82,21,1400,SEY
7607,205,94,7,7,863,103114,3,70325.89,8214.27,27,21,930,QTC
7608,203,53,8,3,417,22815,8,634.67,24644.79,95,21,930,CEW
7609,213,74,3,2,213,43016,3,6682.29,27681.7,76,22,1930,ZOS
7610,215,33,3,7,409,103190,3,91.5,818.9,21,21,1430,UQK
7611,202,94,8,3,979,113003,4,9113.24,38.92,97,23,700,RPX
7612,220,53,8,8,892,22908,4,-9252.5,-675.59,35,21,1530,NEP
7613,201,12,9,4,742,22813,6,-773.48,43785.37,82,23,100,IKZ
7614,208,53,9,3,542,43001,3,69515.6,7493.14,80,23,530,OYC
7615,205,94,8,9,611,13122,3,77848.99,8590.63,25,23,130,YZB
7616,218,33,4,9,910,33199,4,6250.44,51.19,89,23,230,TFI
7617,214,94,9,4,554,83194,4,4987.6,92199.5,17,20,1230,GNH
7618,219,74,4,8,706,83105,5,722.77,-28936.71,13,22,1300,AGC
7619,207,74,4,9,791,53191,4,355.62,9048.46,65,21,700,UOH
7620,213,33,5,3,391,83102,4,91395.47,3759.72,78,21,830,HRC
7621,220,94,9,8,202,113021,1,98922.6,29902.55,64,22,1500,VOF
7622,207,74,5,4,393,73121,3,27.7,139.8,5,21,200,PVI
7623,211,13,1,1,828,103106,6,4063.25,712.55,28,23,400,KBE
7624,218,74,5,7,471,93015,3,28961.83,27484.39,84,23,600,JRY
7625,213,13,1,4,262,53119,1,-2641.32,23.45,95,22,1730,HHO
7626,213,33,6,3,686,43022,6,986.68,11.51,61,21,1530,XSJ
7627,202,33,6,4,897,13196,2,6956.19,42973.64,12,21,900,OBL
7628,207,54,1,3,282,103113,5,98.71,39.61,97,21,2000,DBL
7629,214,13,1,9,999,113093,6,85173.45,50.69,60,22,1200,PEO
7630,215,54,1,5,964,13100,4,-57418.43,678.8,50,23,1330,FNS
7631,202,95,1,3,586,113097,7,34.4,18503.73,87,21,830,FGM
7632,220,54,1,8,936,113000,9,84.55,47097.48,59,20,1330,CYS
7633,203,95,1,4,221,53196,9,2432.59,-3576.45,46,23,1800,WLD
7634,216,74,6,8,224,13190,9,6447.78,-83.61,75,21,900,NQD
7635,217,74,6,9,577,83191,4,453.87,34982.9,41,21,2030,PUS
7636,214,13,2,6,259,113091,4,4610.14,63867.51,77,21,2230,DZD
7637,212,54,2,4,606,33115,2,68138.67,85.47,74,23,1230,EAV
7638,214,74,7,2,250,43093,5,23911.69,32.66,13,22,1500,WWC
7639,202,95,2,2,268,63020,8,-21.94,-21443.94,65,21,230,PMG
7640,201,95,2,3,332,53195,3,8098.56,-8578.62,9,20,500,UOT
7641,206,95,2,5,357,43004,3,951.3,-59132.43,54,21,1400,NMP
7642,201,33,8,5,393,33122,1,7109.26,552.87,49,23,630,QDP
7643,200,13,3,8,922,123117,9,3898.49,77196.1,53,23,2100,GDD
7644,207,74,8,3,345,33120,9,63535.96,892.11,1,20,900,PXS
7645,207,33,9,1,473,73122,7,-41.55,692.46,43,21,1400,DUH
7646,219,33,9,2,790,123121,4,9296.3,76120.34,65,21,1430,GIU
7647,218,54,4,4,339,73106,6,-8476.39,-545.5,31,23,1730,NIZ
7648,218,54,4,6,388,123193,3,-513.6,-888.55,84,20,1900,VGL
7649,213,13,5,1,735,63007,6,8402.6,190.18,43,23,600,YXC
7650,208,95,4,4,394,73112,4,44.76,77.64,69,22,2030,PUD
7651,218,13,5,3,736,13101,7,913.6,8851.9,68,23,2330,BLL
7652,215,74,9,6,687,93097,4,-663.7,4699.23,78,20,1000,UNU
7653,219,74,9,8,458,103109,9,32.55,-76397.7,24,21,1130,XJM
7654,200,13,5,6,340,22814,9,6052.86,64.8,17,23,1900,UIN
7655,218,13,5,7,281,43005,3,-14030.24,642.71,95,23,1430,BRY
7656,214,54,5,6,756,73196,1,-98.6,-958.74,97,23,2000,KWU
7657,209,13,6,1,465,22890,6,-998.56,9986.85,20,23,1630,GQF
7658,216,13,6,3,206,33110,8,63.7,78.48,35,20,1030,MIC
7659,209,34,1,2,604,103104,3,-46.24,-45114.59,74,20,1430,NDU
7660,210,34,1,1,406,43097,8,8295.41,-5035.87,61,20,300,XTE
7661,210,95,5,5,346,113018,8,302.29,-741.32,41,23,1430,NGD
7662,211,95,5,9,455,93096,4,8151.83,73716.38,84,23,1730,TGG
7663,216,13,6,4,902,103193,4,38.46,610.51,60,22,1600,CMD
7664,204,95,6,1,298,103191,4,4487.82,455.53,24,20,330,XHN
7665,201,54,6,8,745,63098,6,63666.5,672.57,45,23,200,MTM
7666,204,75,1,7,732,73113,5,69776.64,478.85,30,20,1900,YYT
7667,203,13,7,4,326,113098,1,3221.49,-9250.29,51,21,300,AHO
7668,220,95,6,7,109,33111,6,72.64,526.95,41,23,600,RFF
7669,215,13,7,8,725,73199,5,67.91,522.87,17,21,100,DWR
7670,213,95,7,1,789,33104,2,6961.29,-889.25,91,22,1300,MDM
7671,208,54,7,8,401,33119,5,9731.32,90559.46,14,21,400,SFS
7672,201,13,8,2,889,113011,2,14521.73,-221.29,99,23,2130,VPR
7673,218,34,3,1,908,113012,3,961.74,597.37,72,21,1700,SHX
7674,217,54,8,1,363,83195,9,252.78,-32.46,23,20,1430,VHH
7675,220,13,8,3,289,73111,4,19235.65,53728.72,78,22,830,DDC
7676,207,95,7,4,392,22806,5,16.15,-36.33,11,20,1630,FYG
7677,203,34,3,6,698,53109,9,-53812.32,65.87,3,20,1100,UJE
7678,208,54,8,5,641,43006,7,-43.88,96.88,43,23,2000,VIW
7679,212,75,3,4,873,93091,3,7026.3,24.64,95,23,1530,KBK
7680,210,75,2,9,183,63012,2,51784.88,-756.89,89,21,530,LKC
7681,209,34,3,2,307,22810,1,537.91,143.31,29,21,2130,UCH
7682,215,34,4,1,124,83196,4,38006.93,-466.92,22,22,1800,ZAV
7683,204,34,4,3,382,113016,7,-1859.85,-8386.76,36,22,130,QHN
7684,212,13,9,7,645,93010,1,60.67,36.8,11,22,900,PAC
7685,202,75,4,1,874,93093,8,351.88,77279.3,37,20,1930,OMV
7686,216,75,4,2,456,13194,1,-965.59,4459.48,41,21,1730,OHG
7687,200,75,4,4,366,13113,4,-88689.71,-11291.86,50,22,1230,CEQ
7688,220,34,5,1,195,22802,2,4121.89,407.2,94,23,2000,RJT
7689,217,34,5,4,729,63022,3,5454.69,28291.33,31,23,830,VMI
7690,210,75,5,3,402,83114,7,12.96,87.33,16,20,230,EYN
7691,205,14,1,2,867,53117,5,59.73,95.6,31,23,430,ECS
7692,200,75,5,8,289,13121,4,-59479.52,16.31,56,21,1600,NZE
7693,204,34,6,3,446,13107,9,-29825.16,18.49,24,20,800,HSK
7694,201,55,1,4,460,63090,6,98335.4,-3934.99,53,22,2230,CZR
7695,205,75,6,6,721,73194,7,2395.65,11.34,61,20,630,BWY
7696,201,14,2,3,232,123112,6,85.18,-38.14,61,23,530,QAW
7697,200,34,7,1,671,93019,1,52.56,-54.68,99,23,1500,DGB
7698,219,96,1,4,145,83198,1,108.7,8329.7,26,22,430,LOM
7699,202,96,1,8,555,63010,3,49.7,3871.85,54,21,2000,ISV
7700,212,75,7,3,545,73118,9,14330.2,3149.71,74,20,800,KXI
7701,217,96,2,6,671,22801,5,146.16,5101.18,90,23,1030,AJQ
7702,218,75,7,9,930,83117,7,82748.87,-695.81,14,20,1400,ADB
7703,202,14,3,6,704,13103,9,81132.59,5712.46,56,21,930,XXK
7704,214,75,8,1,549,113014,3,3974.26,174.13,29,22,1200,TOH
7705,219,55,3,4,314,53105,9,7356.18,49630.77,87,22,1400,ISH
7706,220,14,3,8,178,43013,6,61273.98,748.4,74,21,400,YYD
7707,212,75,8,5,234,33116,2,-590.73,34231.87,1,20,300,PTE
7708,208,14,4,3,634,83119,4,-129.68,21.98,62,21,430,VRV
7709,219,34,9,3,547,93007,3,25.3,9401.54,32,22,700,BRP
7710,202,75,8,9,573,43014,1,4493.9,27.21,40,23,500,RXO
7711,206,75,9,3,625,63091,8,583.95,-80476.58,33,22,2230,BTX
7712,214,55,4,6,680,63018,1,54.84,42.3,28,20,1830,VUH
7713,208,75,9,4,306,63099,6,3687.42,4376.1,94,22,230,NIY
7714,202,75,9,8,721,63017,7,-85327.67,7023.46,36,23,1130,NTF
7715,215,96,4,9,291,83100,5,91311.61,50911.61,2,22,1730,PMW
7716,216,96,5,2,444,13109,7,38805.32,366.27,8,21,1200,LQA
7717,204,14,6,1,440,73114,5,905.82,-18709.18,37,21,1200,GZN
7718,204,96,5,3,411,33107,3,-29522.14,80.48,36,22,930,QCB
7719,211,55,5,9,895,103103,7,40.47,938.92,19,22,430,MXE
7720,217,14,6,4,770,43003,2,243.66,7430.91,66,21,2000,ANL
7721,203,96,5,7,809,33102,2,90763.26,4658.39,34,21,400,JHH
7722,203,55,6,1,583,83103,5,44632.87,-50.69,1,22,600,MQJ
7723,207,96,5,9,763,113008,3,34410.21,97.12,63,23,1600,VEQ
7724,213,35,1,1,753,123114,2,-84219.76,92.84,83,22,1730,SKF
7725,217,35,1,7,127,83101,3,216.28,6622.26,25,23,1600,FMU
7726,219,96,6,1,555,63006,5,7788.55,58.24,7,20,1030,RBS
7727,203,76,1,3,336,83120,5,3296.99,84865.5,21,22,1330,OXL
7728,205,55,6,7,818,43094,1,69074.56,78309.6,85,20,100,PFY
7729,200,35,2,3,759,43009,7,1964.57,9097.99,41,20,330,HYI
7730,211,96,6,9,915,53115,1,34604.74,9721.57,89,22,1400,TQX
7731,218,55,7,4,372,13110,9,75.82,7198.9,80,23,1400,QWS
7732,213,55,7,5,232,73110,7,-83740.33,-3215.83,60,23,1700,EQM
7733,216,35,2,8,435,113004,9,8723.39,25943.21,22,20,2330,WVC
7734,202,35,2,9,705,33106,9,8962.82,-67.98,68,20,200,DGO
7735,211,76,2,6,862,83109,2,420.17,439.3,85,23,330,EZA
7736,205,35,3,1,731,103101,7,-77290.93,25710.24,38,20,1630,GIG
7737,202,14,8,4,995,73119,8,-5479.36,53.96,27,21,2300,KEP
7738,220,55,8,1,710,123191,2,574.8,84639.37,31,20,2330,VJF
7739,202,76,3,2,837,22818,6,-980.81,11164.83,70,21,500,LOL
7740,207,35,3,7,540,73109,2,25.72,42086.67,92,21,1600,WTZ
7741,206,76,3,8,415,43020,2,19.54,24.83,85,21,230,CJM
7742,212,35,4,3,314,123120,8,-2877.84,-1011.97,64,20,730,OJR
7743,215,55,9,3,336,123106,2,31386.22,434.5,44,20,1500,OEI
7744,217,76,4,1,136,93022,4,341.1,34226.1,87,23,2330,WMC
7745,201,14,9,8,845,43021,8,7946.2,72926.1,76,20,1330,QRD
7746,203,14,9,9,546,13115,8,88.62,963.2,70,21,2030,KYX
7747,217,55,9,9,831,113007,1,5117.98,4524.3,80,22,2000,UUX
7748,210,76,4,8,635,83112,4,675.73,9788.44,56,20,1930,JGK
7749,209,96,9,8,149,123110,7,31.65,71201.59,79,21,2230,NYY
7750,205,76,5,1,738,13195,7,39648.6,15.5,21,23,700,FTC
7751,200,76,5,2,793,113015,3,912.5,719.25,7,23,2330,VBK
7752,203,76,5,4,818,93013,8,771.65,6298.38,48,22,530,CGL
7753,213,35,5,8,833,13198,8,5061.94,367.17,70,22,2330,GYZ
7754,219,15,1,4,998,53193,5,1554.86,73526.75,23,20,630,TIF
7755,207,56,1,2,649,53199,5,440.95,-666.25,40,21,930,EPA
7756,208,76,6,2,880,123196,5,459.12,71963.44,43,20,800,CUT
7757,219,35,6,6,716,73190,1,-94.31,90.71,67,20,1030,GMJ
7758,219,35,6,8,719,113009,8,-38.11,848.4,21,20,1830,MWD
7759,204,15,2,5,824,43092,6,683.14,88.15,44,20,530,VKD
7760,208,56,2,2,987,73117,1,164.3,-811.86,63,23,1530,BMZ
7761,213,15,2,8,959,22996,9,70931.87,-3506.9,64,23,2230,PBY
7762,212,56,2,4,217,13102,2,66076.97,-1558.17,3,22,230,SIA
7763,213,15,3,1,690,93094,1,3724.88,1749.28,3,21,1700,OWV
7764,209,35,7,9,279,43008,3,-64.24,-92.86,17,23,1700,QAR
7765,214,56,2,7,835,103110,7,3214.37,1822.44,4,20,1830,JON
7766,214,97,2,9,391,103115,9,398.59,46927.23,94,20,1130,BWJ
7767,212,56,3,5,470,53102,1,668.57,4543,76,22,2300,CKS
7768,210,76,8,4,690,83106,6,-9414.57,14873.37,96,22,830,LVA
7769,208,76,8,3,342,73116,8,2994.81,66.91,23,23,330,BGQ
7770,209,35,8,7,294,53101,7,-34.8,89859.41,7,22,400,WOE
7771,216,15,4,4,972,13119,4,211.91,-84084.5,47,20,1230,SXP
7772,211,35,9,4,882,113020,5,31.94,7852.4,32,23,1230,MVR
7773,218,15,4,9,708,73192,2,73371.78,91.47,20,20,200,WRE
7774,212,56,4,6,470,103122,2,3184.47,-706.93,29,21,830,ZKX
7775,201,56,4,7,611,13193,9,7520.52,88007.32,69,21,1230,GUZ
7776,210,97,4,4,278,83197,5,-2419.45,4773.19,48,23,200,BUC
7777,214,15,5,5,403,63013,6,53365.93,773.62,93,22,2100,NJI
7778,204,56,5,5,383,22803,7,42.27,9047.75,30,21,230,FEI
7779,207,97,5,2,577,22891,8,-5065.59,-375,72,21,1300,YIQ
7780,206,56,5,7,768,93006,9,31223.38,76477.88,28,21,1600,NJK
7781,210,97,5,4,946,93095,3,4150.76,2725.28,50,23,1630,VIS
7782,220,97,5,5,995,73193,5,9607.9,18418.19,66,20,130,OYX
7783,204,56,5,9,565,113013,7,94.72,79884.11,4,20,700,BAK
7784,210,15,6,5,485,33114,9,13.55,53.75,27,20,630,KXV
7785,214,56,6,5,248,123118,9,-84402.88,48163.24,72,23,130,KKP
7786,219,36,2,1,484,53111,8,703.95,66054.34,33,22,2130,NDT
7787,204,77,1,7,332,63004,1,5964.73,81.55,76,22,1100,OXE
7788,207,36,2,3,490,123122,8,16876.74,8980.62,31,20,800,APE
7789,212,97,6,5,206,53194,6,517.11,20332.25,24,20,2130,MPM
7790,218,97,6,9,549,123104,3,-40148.67,-11956.9,32,22,1430,RRT
7791,213,56,7,4,637,93018,4,9988.27,-665.17,31,20,2330,ZVX
7792,219,15,7,9,679,83122,3,78.53,836.64,23,20,800,WFQ
7793,204,97,7,2,447,93017,1,726.43,73.79,7,21,600,TCE
7794,202,56,7,5,915,63016,2,-70896.57,-14831.65,19,21,800,WDN
7795,208,97,7,4,244,43010,1,736.23,45860.23,73,23,1500,MID
7796,216,15,8,3,505,33117,5,232.36,81238.23,34,23,1630,RBE
7797,212,77,2,3,586,123115,1,92886.74,-47.18,38,20,230,HXZ
7798,205,97,7,7,110,22805,9,710.12,19309.19,52,21,1830,HQV
7799,218,97,7,8,950,43015,5,2162.15,-76.86,11,23,1600,IBP
7800,204,77,3,3,739,103119,2,63.93,45.99,55,22,1230,GMQ
7801,204,97,8,1,365,33105,9,-61.81,-2251.57,7,23,2100,KNF
7802,213,77,3,6,659,93090,4,941.66,98342.26,28,20,1430,PAX
7803,208,97,8,6,360,113092,8,91.56,88.39,81,20,2100,TDT
7804,211,15,9,5,459,103118,8,5859.86,-665.62,65,20,2200,PJN
7805,213,97,8,7,530,93004,8,-75.84,23.74,49,22,600,LBH
7806,207,15,9,8,179,22895,2,237.57,-4337.7,33,23,1430,AYZ
7807,202,36,4,8,386,113005,6,9669.7,-9940.56,75,23,730,CUO
7808,211,77,4,5,509,33109,7,366.6,-43789.4,34,21,900,ACK
7809,209,56,9,7,921,123119,1,-65922.92,20078.52,18,20,1400,XVW
7810,210,97,9,3,544,22992,9,96751.5,-8556.57,4,20,1930,VPG
7811,208,77,4,9,943,63000,9,-223.97,2950.42,41,21,2000,XYO
7812,213,36,5,5,960,53198,2,5576.4,-82714.6,25,23,130,WNT
7813,201,77,5,2,148,123192,6,-1605.38,-478.64,44,20,2330,JLN
7814,201,77,5,3,673,63094,9,50959.47,91151.89,62,20,1430,TCF
7815,202,77,5,6,742,93020,4,88687.5,76.68,83,22,2030,OYP
7816,210,77,6,1,391,73104,5,73.75,14322.1,5,20,1630,OBB
7817,214,98,1,3,858,13192,2,7702.99,57158.88,40,21,1730,TPU
7818,215,77,6,8,822,13120,5,7963.22,61593.78,40,21,100,SFY
7819,220,98,1,7,112,53122,6,49705.82,-96.9,4,21,2200,EOZ
7820,208,57,2,4,215,13112,7,6946.3,78.46,69,22,1430,VVK
7821,213,77,7,3,426,103111,4,51.46,37827.35,80,20,1530,XKN
7822,211,77,7,4,170,53120,2,67439.48,809.37,27,21,900,RWL
7823,217,16,2,9,263,53197,1,-72.98,5986.4,75,22,2200,AXA
7824,202,77,7,6,156,113096,5,-62.84,431.97,80,23,800,FIZ
7825,216,98,2,2,186,93011,2,89.2,47564.78,4,23,1800,QHX
7826,203,36,8,2,163,123105,1,7334.9,695.51,64,22,1800,XTB
7827,219,77,7,8,937,43018,5,35.13,-3623.35,65,21,400,YXO
7828,200,36,8,5,536,33103,1,35.57,79.64,57,22,2200,IQC
7829,212,36,8,6,539,103102,8,30167.78,13259.18,32,20,500,RED
7830,204,57,3,7,182,103107,9,58290.94,92.54,24,22,630,AFC
7831,213,57,3,8,382,53110,5,-64417.85,94526.94,41,21,130,QMZ
7832,211,36,9,3,741,53107,2,8251.89,100.13,57,22,430,XRU
7833,216,16,4,6,837,103121,6,96439.27,543.3,83,21,1030,JZL
7834,210,57,4,3,896,93005,8,30825.2,554.1,55,21,1000,NTN
7835,204,16,4,8,352,13197,2,-61.12,607.61,71,21,530,OKH
7836,205,98,4,2,677,73115,4,90.81,33.33,85,23,1730,GNV
7837,208,16,5,1,750,33198,2,83423.73,61127.18,52,20,1330,BFD
7838,205,77,9,6,527,73198,9,-9658.8,798.46,21,20,600,MLX
7839,218,16,5,3,671,22897,2,96888.17,8522.41,37,23,500,JPL
7840,202,57,4,7,196,22904,5,3420.93,61.73,79,20,1000,YTH
7841,200,57,5,1,428,22819,8,-7696.73,71053.63,41,21,630,PNB
7842,217,16,6,3,269,93008,9,81.26,66536.82,44,23,630,RSR
7843,207,37,1,1,896,113019,9,-3070.9,97046.75,12,22,430,DCW
7844,216,16,6,5,446,93099,1,2543.7,83.62,76,23,1700,VJR
7845,209,98,5,9,860,63003,2,38415.3,873.92,3,22,2230,BNG
7846,219,57,6,4,164,123116,6,93279.22,47675.34,52,21,1100,VRY
7847,205,98,6,1,133,103120,7,-36.65,67.4,77,23,100,DWC
7848,220,16,6,9,979,53103,8,-809.82,86.72,68,21,200,TOB
7849,208,78,1,5,116,123194,2,70589.11,6595.5,86,21,600,YHY
7850,208,37,1,9,387,123111,1,5632.3,-353.54,6,21,1530,VOH
7851,201,37,1,5,914,73105,4,42.17,4970.4,72,22,1130,SQD
7852,205,57,6,3,434,83192,1,96264.9,242.39,22,23,830,MFA
7853,209,78,1,2,477,33196,2,874.48,85.73,66,22,1200,JKH
7854,217,78,2,2,164,43019,4,14437.87,-5853.38,69,20,200,MUS
7855,200,37,2,7,783,22912,1,52627.4,62779.56,15,23,1430,YEC
7856,217,98,7,4,206,73100,4,-68.81,-1401.5,14,20,1330,GFM
7857,201,16,8,5,914,43002,6,78648.55,470.87,34,21,1600,LXR
7858,202,16,8,6,723,123108,5,-754.54,-423.64,48,23,530,JUW
7859,200,57,8,5,229,73102,2,382.2,729.85,72,23,2330,ZVV
7860,214,37,3,7,560,33195,6,800.12,9597.85,99,22,600,ELH
7861,218,98,8,4,688,53108,3,596.54,-24.26,79,23,2030,EER
7862,201,16,9,5,377,123116,8,519.4,1521.3,24,20,500,KKB
7863,219,98,8,7,756,103120,7,59496.82,743.53,94,23,100,GYW
7864,200,78,4,1,455,53103,1,-4748.84,61.29,98,20,130,XGS
7865,207,57,9,3,374,123194,1,79406.74,13.86,24,20,730,FGL
7866,219,57,9,5,457,123111,4,827.86,87.44,87,20,930,JKY
7867,217,37,4,7,607,73105,6,79221.13,631.83,78,20,1700,MDK
7868,212,37,4,5,232,83192,1,632.6,56879.89,75,23,830,IKS
7869,216,78,4,6,429,33196,8,-715.41,92.4,76,23,900,DFN
7870,219,78,4,9,224,43019,4,608.89,13465.87,75,20,600,PKK
7871,205,37,5,6,698,22912,4,26914.68,-361.56,20,23,1500,RDK
7872,217,78,5,4,620,33121,3,35.93,437.44,68,22,430,WLD
7873,200,37,6,1,693,33193,4,45448.69,72.84,43,23,1630,HET
7874,209,17,1,5,612,93014,8,7573.31,76.13,21,20,2030,UQL
7875,208,17,1,6,480,123102,5,3907.64,-95.85,64,23,1500,OYW
7876,206,78,6,5,293,53116,2,-52.7,31358.3,64,22,200,ODV
7877,213,99,1,4,298,63021,4,-53406.72,56431.78,40,23,2330,GKX
7878,214,78,6,8,679,63014,1,38.88,57735.78,70,20,1100,CBU
7879,213,58,2,2,844,93009,1,44216.45,92.32,35,23,900,SYQ
7880,209,17,2,7,145,103116,3,-4302.44,656.7,23,20,200,ULJ
7881,202,17,2,6,911,43007,1,89171.43,-265.38,38,21,230,SOU
7882,206,78,7,3,437,22811,8,-21097.36,60.78,56,22,2300,JDE
7883,210,99,2,1,326,83115,3,32107.39,136.57,12,23,1000,KWX
7884,213,99,2,7,846,123101,7,77.28,2077.85,97,22,530,UER
7885,218,99,2,8,127,83118,3,5888.91,-8096.89,50,22,2330,OEF
7886,216,99,2,9,825,113099,7,737.32,35941.86,81,21,830,RXE
7887,217,37,8,6,437,103100,8,57.15,-49.17,31,21,530,JMH
7888,210,78,8,3,979,103196,6,1415.17,19978.17,41,21,1000,IXO
7889,210,17,3,9,231,33100,5,53.5,-17949.37,27,21,430,HPF
7890,205,37,8,9,897,93003,7,-31371.19,191.52,5,21,530,ABL
7891,210,58,3,8,331,63096,6,30997.42,-8620.46,9,22,1300,FRD
7892,215,17,3,6,492,73191,5,244.92,-234.95,84,20,1900,WHE
7893,205,37,9,2,922,63095,3,-6359.59,162.13,36,22,900,AJV
7894,219,78,8,8,238,33192,8,-56.31,51.61,81,23,730,WWV
7895,206,17,4,3,405,53112,6,941.37,-50624.39,87,21,1000,NWC
7896,212,78,8,9,288,123100,4,6837.65,-91.15,4,23,1200,SHH
7897,208,17,4,8,247,63011,6,86.53,85.53,28,20,1630,UNT
7898,219,17,4,1,798,123198,1,292.36,40.81,5,21,1330,XFV
7899,205,78,9,4,496,93092,8,659.9,55.89,49,20,1900,LQO
7900,214,37,9,9,576,63092,9,-14.55,543.63,65,22,1630,BGQ
7901,217,37,9,6,518,53121,2,482.81,11370.9,7,23,830,KVK
7902,200,17,5,3,366,103192,9,278.95,93846.47,53,21,1330,IFO
7903,206,17,5,6,942,53104,2,56.7,817.5,27,22,730,IYF
7904,206,99,5,3,883,123103,2,60.84,768.9,11,20,300,BRR
7905,217,58,5,7,408,13114,3,771.43,4687.79,39,21,830,LLC
7906,218,58,5,9,611,22893,3,8592.65,-22750.76,73,23,1130,GTZ
7907,214,38,1,3,239,22900,1,3763.77,-67.3,29,22,1930,ULC
7908,217,99,6,2,575,33190,8,368.2,15.72,91,20,1600,QLN
7909,208,38,1,8,938,63097,8,36370.6,-75.81,23,22,2100,KIB
7910,210,58,6,6,773,103105,8,521.48,-741,57,23,1830,WOY
7911,201,38,2,2,850,93016,7,9708.92,44.14,18,23,330,AJP
7912,201,99,7,1,855,22809,9,901.3,552.2,94,22,1230,VOU
7913,219,99,7,4,485,63008,4,-285.8,172.58,90,21,930,RAG
7914,215,58,8,1,159,33191,5,164,65.73,95,21,1500,IBR
7915,208,17,8,6,689,83199,1,2583.7,-66628.72,30,23,1700,DUK
7916,202,58,8,3,485,113095,4,828.51,89.24,25,23,1230,LYS
7917,212,58,8,4,663,103199,6,-93498.61,11.63,82,22,1330,WGN
7918,216,79,3,4,970,22899,7,47.87,-6639.85,2,21,2000,NWV
7919,202,17,9,2,914,73103,2,23445.42,765.1,63,20,1600,QBM
7920,209,38,4,2,753,103198,4,63.94,19027.94,72,21,130,EKU
7921,210,79,3,9,487,113022,2,23367.91,84.18,98,20,1230,FXM
7922,205,58,9,2,994,63093,9,93.57,46343.46,22,20,1530,HXH
7923,202,38,4,5,933,43091,1,12.78,386.27,33,22,600,AEB
7924,213,79,4,1,499,13104,5,60.72,20.75,57,23,700,JIB
7925,211,58,9,4,848,22916,7,96667.61,-16790.66,2,22,2300,VXJ
7926,218,99,9,3,636,13111,5,-5686.43,3563.48,10,20,530,WLN
7927,217,58,9,8,230,63005,5,49943.88,32.8,45,20,1530,WPZ
7928,215,99,9,5,344,22920,2,7926.22,834.4,9,22,200,EBP
7929,213,38,5,6,576,83108,4,44426.65,17556.81,92,21,1230,JOB
7930,202,38,5,9,573,33112,1,-908.68,-1855.76,64,23,700,EOU
7931,209,18,1,2,397,63009,9,4830.59,68685.42,97,21,300,YDD
7932,218,18,1,3,236,53118,9,-1195.51,72.78,57,23,100,WTQ
7933,217,79,5,7,529,53190,9,52.28,854.26,48,20,1100,WLJ
7934,220,59,1,3,160,53106,6,117.36,687.9,69,20,1500,SYV
7935,215,38,6,9,716,13108,5,-10.91,-76.4,67,23,1900,EWO
7936,218,38,7,2,467,83110,6,-729.68,-73504.98,14,20,1300,HCG
7937,220,79,6,8,787,83193,5,63.2,-897.94,59,22,230,RUZ
7938,207,59,2,2,971,13105,7,1916.28,-39.88,29,22,1830,BFN
7939,220,59,2,5,667,93002,9,-24086.88,-858.52,60,23,1130,KYV
7940,202,38,7,7,194,33101,2,24103.82,-1669.24,42,20,800,NBA
7941,211,79,7,6,381,33197,6,594.86,12047.9,29,21,1930,SUJ
7942,219,59,3,2,627,113094,6,71.45,276.78,44,21,2100,WVM
7943,216,18,3,7,689,83121,8,31.45,852.59,5,20,1030,MHF
7944,216,38,8,9,481,73101,8,26.56,36.58,80,20,300,EYW
7945,205,59,3,8,774,13116,8,-13.3,-1817.11,43,21,1200,TZB
7946,203,59,3,9,690,73107,8,33.55,7199.16,20,22,800,YMS
7947,206,59,3,7,834,73120,6,1847.5,9090.9,3,23,1930,IJC
7948,203,79,9,1,750,103117,9,-27.5,6212.22,47,23,1030,PEN
7949,217,38,9,6,422,63019,7,89.59,-45.91,17,23,930,RXU
7950,206,18,5,2,144,43000,2,939.62,54.67,37,20,1230,IUJ
7951,211,79,9,9,186,43090,4,-57.6,-85.8,75,23,400,QPU
7952,217,59,5,4,799,103194,5,66.92,-15359.41,66,22,1400,KAQ
7953,210,18,6,1,633,43099,1,3830.14,2174.5,53,21,2030,QPC
7954,216,18,6,3,507,83107,9,56313.53,-630.99,90,22,2230,GON
7955,208,39,1,1,813,113017,8,9821.5,-6890.87,59,22,1030,EES
7956,205,18,6,8,798,83116,5,52561.43,50.9,57,20,500,IRP
7957,214,59,7,1,163,33118,8,501.65,7573.94,6,21,730,AKJ
7958,214,18,7,6,511,43011,7,-728.34,-15464.11,39,20,930,YAZ
7959,214,18,7,9,965,93098,1,94919.2,24.42,51,23,2230,OVD
7960,202,18,8,4,830,93021,8,73.8,99.6,70,20,200,TGH
7961,208,39,3,5,255,83190,5,66416.76,50.19,84,20,2100,QIY
7962,209,18,8,8,619,123113,7,3661.73,14.77,28,21,1830,EYU
7963,212,39,3,6,293,13106,6,-286.76,78692.7,99,20,530,IDH
7964,213,59,8,9,976,103195,5,16.47,8604.61,45,20,1030,KXX
7965,211,39,4,5,947,53100,1,9033.88,70.34,22,22,2130,JMJ
7966,215,19,1,2,935,103197,2,19.99,-45.68,93,23,1300,VNE
7967,220,39,6,3,539,113002,5,-14.35,82483.35,40,20,1430,AAI
7968,210,19,1,6,932,113006,2,987.12,41614.3,62,20,900,EHK
7969,206,56,7,3,840,83104,2,17938.72,42,28,20,800,GXQ
7970,211,39,7,4,269,123199,2,-5206.19,-59885.48,52,22,830,HVD
7971,212,39,8,4,680,123109,2,70360.17,409.26,38,20,1830,LJE
7972,201,39,8,8,467,73108,8,46.35,90.44,32,22,1730,HOH
7973,203,19,4,7,491,43017,3,23833.61,60.63,77,21,100,FSB
7974,202,19,4,9,339,22817,4,66455.22,6416.75,35,21,1430,NUI
7975,206,19,5,1,923,93000,8,18.72,-495.44,47,20,130,VTJ
7976,202,39,9,9,497,83113,4,12341.19,-18.8,17,22,2200,LIZ
7977,209,19,5,3,182,43012,4,-37080.72,-26.56,3,20,730,MUI
7978,207,19,5,6,912,33108,9,-6584.42,97.24,86,23,130,ZCV
7979,204,19,5,8,988,22898,8,-10.57,-17421.43,88,23,1530,CDL
7980,203,19,6,4,550,113090,9,-2253.68,1415.53,84,21,2300,FZQ
7981,209,19,6,7,526,73197,8,-935.12,46.63,5,23,230,UWR
7982,217,81,1,5,484,53192,1,67345.76,6556.29,51,20,1300,JCD
7983,214,81,1,9,398,123197,4,54419.3,20.12,62,21,1330,PBQ
7984,212,19,7,6,741,43098,5,65.65,-73380.85,30,22,130,GCV
7985,215,19,9,1,261,63001,5,45746.3,-305.82,57,21,1330,ASM
7986,210,81,3,6,310,63002,3,97962.66,822.6,30,22,1400,OFQ
7987,205,81,3,7,651,123195,1,32.4,409.59,70,20,2230,SHN
7988,208,19,9,6,865,113010,7,79.64,3451.21,78,21,1730,RBY
7989,213,81,6,5,732,22894,9,221.85,9262.9,59,20,1230,BRD
7990,210,81,6,9,119,13117,3,-70.51,-22.3,8,21,100,NHQ
7991,204,61,2,3,485,33194,3,32.38,53695.24,80,20,2300,KOZ
7992,215,61,2,4,790,63015,6,-9023.63,770.6,11,23,2200,VLC
7993,205,81,7,2,737,13199,6,-56.51,9153.69,32,23,2200,SJA
7994,203,61,2,7,763,103108,3,943.98,4371.89,89,22,430,LBA
7995,201,61,2,8,727,53113,5,392.63,76367.91,26,21,800,AGN
7996,214,81,7,6,233,13191,8,940.34,7725.6,24,23,1930,KAD
7997,202,81,8,5,257,33113,5,7906.87,28.7,82,23,730,HVG
7998,210,61,3,9,120,13118,1,69985.83,97874.58,34,22,1300,VUD
7999,213,81,9,1,283,53114,7,60.3,94455.5,26,22,230,RRW