FY,ENTY-CDE,BLK-NBR-5,SBSDRY-ACCT-HASH-TTL,ACCT-NBRS-HASH-TTL,MINOR-CDE-HASH-TTL,DR-AMT-INDIV-GL-ACCTS,CR-AMT-INDIV-GL-ACCTS,USER-INITS
40,96,15298,-6789,707294,306,98330.92,59.32,QKV
81,93,23725,-28,-7240,39,13117.2,450.37,BVI
81,97,52259,3773,694621,499,2227.34,-3713.28,SGH
41,4,69556,-8469,-58,186,-6627.51,38344.94,OPM
61,53,38732,12,17705,60,16.97,-94.77,ULX
20,59,38966,7810,839,64,3865.98,472.19,CQS
41,11,66076,-41676,30,52001,4561.9,358.99,QMT
61,66,16541,50,55941,29,-6476.61,24501.91,BLD
82,16,19597,-179,-35608,-82521,68.7,37663.72,KDZ
20,75,86907,6376,-33512,3692,62210.96,-514.97,UYT
41,24,3386,936,10,3990,6994.23,563.47,BKS
41,26,75552,-79700,369957,5554,825.45,-522.58,SPF
41,27,19098,64,-167,7107,-72.94,-667.18,SQJ
61,76,8389,68,-240,121,-47.17,591.97,GTK
41,36,77001,6331,9946,23443,85.12,6573.85,NCD
82,33,78781,3637,-83683,66286,15016.1,14.95,DFK
41,39,51738,70438,84233,30974,88.25,51567.72,FYV
82,36,60560,39,4630,4469,37810.51,12396.83,MGJ
41,43,17844,9102,-78494,-3697,30.44,253.7,PXU
20,96,57247,-77662,-132,496,-80.75,7841.1,RUV
82,42,61116,20,232,4622,-2351.87,25.75,CQM
82,44,34397,69256,168541,34416,66653.72,-71403.46,KCF
21,0,2308,80788,85848,-264,-30.44,78855.75,LRT
62,1,75291,3188,64422,396,-811.33,36,QGB
62,2,61876,6157,300,27,8182.2,590.38,NZN
41,55,26284,-32586,9025,-797,46.96,58540.44,PSQ
21,9,39369,45177,35973,7041,7414.23,97469.82,ULA
82,56,6697,-65,236314,-831,588.85,6648.44,PIU
82,57,17296,82,21737,-62204,65.42,-82305.21,KJW
62,10,9380,37,833,-2638,4564.7,67689.24,SGP
41,63,67775,67254,74321,-12,68848.38,46.44,BNF
21,20,46972,42,1583,-61,49214.3,276.55,BIE
62,16,51161,10981,76,1120,-253.75,323.36,DOK
41,70,98378,5989,1436,5487,976.34,26549.68,VGV
82,67,68814,42,71,90774,5693.61,-3231.3,GEE
82,64,87748,-55,785668,3533,69.25,8103.47,UMN
62,27,12744,82804,66,21521,69155.82,6740.51,HHL
41,79,36297,2607,-388104,25,8737.25,247.77,IKS
82,77,37806,5166,-738,82186,-38.9,-82900.79,SFS
62,30,39821,-3178,24624,682,806.9,-64370.21,CEE
21,36,56180,-1696,45,814,67507.74,465.84,OOO
41,86,70402,804,29,-7531,10.83,10805.52,NXT
41,87,18121,89,59749,-8404,-65914.63,-8040.32,YPE
62,34,71812,10993,355,-50857,3357.88,985.88,NCR
62,37,45621,9211,-536,82,95731.74,84.49,QUO
82,89,4128,62,671,48,-15.27,1781.19,HXN
21,52,21298,36,-372,28,60119.92,18679.16,LTW
62,48,75446,44798,949522,562,73.68,85.99,ADF
21,56,19147,50036,56,-8973,610.83,1867.83,RUZ
42,6,7358,44162,26,6466,714.19,1748.85,LKV
83,5,66987,748,57008,421,90286.84,6501.99,TVR
21,66,6541,-552,454,521,302.55,92.52,LPT
42,15,7742,19,-99184,-8060,91249.65,2318.81,ASA
83,12,46188,51161,-14,51,15.58,72508.21,PJZ
42,16,53400,215,-576,44,760.95,1827.83,JRN
21,71,23064,-2292,9997,-35,884.64,85.39,JKJ
42,21,46967,-332,7652,-53,7294.81,94.27,BSY
62,70,68296,6760,942,500,-733.38,-16228.2,GSG
42,24,95548,971,7590,313,47090.56,206.29,ZHL
21,81,73478,98,83704,-36540,-492.14,-32.68,VYD
62,78,42337,43670,-3494,-63248,-7941.23,3195.94,XRM
21,86,14498,-49360,649,-40,3399.29,2721.11,QOU
83,32,10910,609,-292704,485,819.56,8814.48,NWT
83,35,17025,3740,789098,7763,65.78,69.27,WZE
21,91,87731,880,437453,95056,12.82,687.65,ZFW
62,89,91751,-88538,5736,592,5819.5,75.57,CUN
42,43,93302,970,395,-68836,94905.21,976.74,NQG
22,2,83622,1602,11449,-8779,-9663.62,-522.15,GLR
83,47,5025,162,-56,580,85.5,-6370.99,CMG
62,99,2645,3601,-845591,654,2721.6,-555.66,JIF
61,37,45222,2970,912211,75,-915.42,-989.25,GMY
22,9,12444,27,-323,69,-327.96,65628.78,TRX
42,59,7308,-43,85,6001,153.95,5813.44,QSY
42,61,99789,-626,99,-34,49402.46,14239.1,OJX
63,12,72595,334,836924,74,17246.35,-81620.18,UZB
22,16,52523,33008,-964287,9081,87715.2,88003.3,SNX
63,14,36219,64,4972,49228,95.11,-4478.2,SQC
42,67,36585,11862,972661,6405,-364.29,-37007.1,EXC
83,66,23928,32,9827,67,-18.26,969.4,FSY
63,19,788,-3480,100757,3777,-944.19,89.76,KVT
83,67,27178,-13,12125,-11,3618.94,51097.1,LOR
22,25,36857,42,1868,380,912.6,-45656.4,TNP
63,25,41849,71351,18,-344,2806.7,11136.4,OFE
63,26,12380,29,2632,395,14569.3,37.35,MAD
42,78,14045,558,13871,774,-781,-87413.53,HRI
22,37,74649,893,47,1100,-22.46,529.87,XGM
42,85,63086,588,811274,-9645,175.51,7071.67,WBN
42,91,86192,173,88301,88,-588.15,-33370.87,YXZ
83,91,88303,414,11782,-3268,2356.66,1532.3,NYP
83,93,16248,24013,-68,299,60.43,-10911.31,WMG
22,50,27285,-4901,72,-6976,-643.23,-67.39,VLP
63,52,60181,887,1503,-43093,4944.47,69476.24,QTM
63,55,43140,571,112,51,868.45,75.15,NIN
43,8,73719,-1387,17890,-76,89.32,71024.99,EAX
84,5,51134,6583,-29011,257,5107.57,74371.18,ZHB
63,63,89185,595,822,-19,179.2,84.5,WYB
63,64,18023,3448,5097,22,44.96,-34820.14,NPH
63,73,16619,5398,18706,-5383,34103.97,450.23,UBY
63,75,73030,-41584,-9559,-55,80.15,-8079.58,IWE
63,79,66244,16230,3467,5832,992.62,-22.51,DTZ
63,82,24969,-388,64429,-57774,74.41,9250.8,EEQ
22,88,4736,-39,-151,-1632,-46.76,9306.67,GTQ
22,91,75336,61243,8101,-77,-67324.72,461.5,UUX
84,36,54417,371,943051,78,-45.73,-688.58,WEY
84,38,91833,95,-349,79,-5004.8,10.22,CRZ
22,94,86315,-316,27,-7423,32.55,96522.5,PUD
43,45,77771,-62,-78,-82,-93865.48,18.82,NAB
84,43,24372,826,9767,50,69703.6,45.22,WPD
43,52,71863,-945,6570,-817,-668.28,71495.93,CUV
23,7,33246,5011,-59,58084,-53528.43,45.26,VBZ
84,54,96792,56522,458,2903,93.5,37.53,OEX
43,59,79313,586,285195,82963,355.43,98305.57,IHN
84,55,23781,70,386084,21791,422.25,704.3,VLN
64,9,44795,-40,-531,581,70.88,728.72,UGA
64,10,73764,466,-35093,82,49312.3,94.16,TNI
23,15,89537,34,732758,257,118.81,5360.94,DRM
64,12,96723,65352,32,76,-84.66,202.3,KMH
23,17,96350,653,64274,39973,652.39,85.68,DGN
64,14,55236,81067,376746,83314,926.77,66.83,YME
84,63,4918,3357,830,8881,3878.48,4873.13,RXB
43,68,34828,97522,-102464,9615,7525.79,74316.81,QIK
64,17,68209,838,-90,48333,4966.59,40.85,FSH
64,19,34060,-105,62054,5999,443.59,351.24,ROQ
23,26,18549,-80162,77,73,25048.44,269.1,JKP
43,79,29314,762,407,98352,-31688.24,421.4,ELZ
23,35,15270,854,694,-693,409.94,49214.94,ADJ
23,36,35754,-5793,96623,95,-182.56,73.64,GPS
84,97,27890,-99,297,-93,323.61,162.93,CLH
84,98,35617,9277,-3844,1325,-8022.36,940.18,KDR
23,58,39835,38,9008,24,-253.43,14445.85,FOU
64,58,80530,291,725364,2740,84.13,82186.4,SOD
85,7,16801,81,312,-4542,-35.67,1074.3,HHD
23,64,62013,278,96203,8611,820.27,93519.86,KMH
44,16,60822,93,80719,83078,900.62,27264.25,DRF
64,64,61602,-31747,575,733,49.56,730.98,ZOT
64,72,70664,-58,-67,8302,74649.14,-38165.38,JYF
85,22,55232,-39,190,-450,69788.83,293.67,CUA
85,24,40584,310,-58,5419,73.96,-36510.74,ZTZ
44,29,54978,-83,-69,-48325,195.45,33686.43,RDO
85,26,79529,-8746,653673,71009,-531.52,75.49,XEL
85,28,50146,11329,46,1382,9596.95,-55732.23,YTV
23,85,3162,-792,-83,-40691,-981.11,72867.89,HXD
85,31,89803,53,74842,1379,520.6,-52.8,UYA
23,88,58421,699,574,722,74618.4,9022.14,FMV
44,37,11247,823,-72,-892,69551.2,68673.34,HHX
64,90,850,843,5149,-6568,736.2,7296.78,KQJ
23,99,27847,76,912654,-2633,21.73,73.54,CPK
85,43,57009,-92,6209,-18,23.86,75748.1,ZDP
44,53,12407,66367,3707,8444,-230.24,9482.4,HIK
65,2,70526,21770,2416,8974,61417.53,79195.87,VDT
24,8,51504,-545,441518,71801,-2441.88,-54724.4,EAD
44,59,25274,18421,44,71672,-5651.47,-91134.73,WQX
65,8,14720,41,354,95,423.23,-4270.41,PDT
85,58,87668,921,-977,53885,4745.17,900.98,ALU
65,11,31004,55,48155,-76771,76.88,340.19,TEV
24,17,1579,20,-364,10,1500,-99043.91,ZCE
85,62,20590,57,-73,93541,-24899.6,-274.89,DHU
65,15,55624,-67,874360,49747,461.53,39.2,LYG
85,64,89853,6725,51,95034,145.13,932.4,IOD
24,19,53922,76,713657,24,760.5,7771.83,XHW
24,29,82,658,263,-6561,252.37,665.23,LFZ
85,76,33163,93246,37,48119,68836.39,180.15,XKD
85,88,60257,51,411352,51,344.1,559.11,SNK
65,41,68963,34670,30404,5212,40976.14,326.85,RWR
24,46,63190,507,8146,84992,48331.23,42361.65,GSK
85,89,48895,-7027,-645890,62517,-451.78,25.72,JYL
85,93,11919,9545,8067,-46585,-48.23,-11061,UVR
24,53,42968,70,570622,461,28.24,530.41,XGG
85,97,82614,440,5428,46958,90368.66,75556.3,ZSK
45,4,35381,-51,243,71,47735.6,-2828.7,XPC
86,0,65578,-71108,63,2776,2648.58,975.6,UVB
65,58,78270,-9877,6422,-78601,66.38,-3188.3,TXG
45,18,59297,3251,81,-2006,45.86,742.2,LAH
65,70,82245,8535,162,-45,90438.66,37.34,HMN
86,19,82645,3676,363817,597,99390.27,-31420.14,EWO
45,25,49421,-57,31,790,57019.56,83.99,NDI
45,26,50903,99,88931,919,5837.9,65156.54,AED
45,29,46819,-425,35761,682,-64044.72,76971.37,GZQ
24,86,84389,-73,879008,97,-16785.24,90.76,ZMV
65,83,67868,-27,-7704,76885,65.47,624.82,GBG
86,32,93390,964,677124,915,-23.41,86730.27,FSS
24,87,60838,91732,535943,-63548,-18345.83,-52651.3,GZR
86,34,37197,31,8957,-588,55.37,-8779.56,IAK
24,91,70149,6513,3801,92949,1909.75,8216.3,LQB
65,84,84876,577,35691,-9025,76.12,-35.59,NKB
86,38,17889,64,66,-6756,5462.3,99137.64,JWU
66,0,89258,5306,446162,672,-84.83,49.34,XYQ
45,53,80927,362,2797,12004,5498.12,198.43,BUC
86,50,16736,4048,4873,91,-85.28,165.34,WXH
66,7,30773,453,4829,83764,741.27,-3094.63,TRX
25,24,33728,-8728,764,-71,17559.83,745.88,EAH
25,25,62288,990,2202,385,75.19,-5612.8,MCU
86,72,64474,55,-3181,-2576,87.63,-8210.66,RJD
86,73,39981,19,-81,858,80.94,194.36,THX
45,79,54856,-53,85652,88,51.53,7324,ACV
86,76,88062,-4559,727,250,-84012.19,984.6,HFC
66,30,25636,-62073,349,811,115.23,2728.15,HWE
45,82,89801,-92813,-704451,47,96598.29,-4120.57,WML
66,32,91375,987,67,977,63734.98,20.6,QVZ
86,82,96395,-382,235451,-4187,45493,-3836.24,TNG
45,90,27649,543,482,998,6844.76,30.55,JZE
45,94,33547,80,102503,2410,56113.52,816.83,MYN
25,47,58541,809,700,1839,193.83,8129.19,COE
45,96,66978,5213,-75092,6613,3786.95,44443.15,NIS
25,52,3462,-58,81,-70,380.9,700.34,FBK
46,6,23327,850,583430,45204,98958.19,-149.9,MDQ
87,6,81084,-75,-215666,13884,3641.6,226.82,QQX
66,60,80266,3820,-95,82,80.22,1538.11,TVX
46,13,55273,-2392,135,244,28.56,3371.43,CNI
66,63,64383,-1815,647,73820,-76247.29,-83.86,ZXM
25,67,35194,-861,-79,51215,529.87,-56.3,JZS
87,13,28887,-9415,40638,57213,4355.56,690.1,ZPF
25,68,45671,601,705733,426,-219.31,-74.58,BZP
25,71,80263,3870,510,26523,805.97,24.58,HXW
66,69,46214,5379,91220,76,196.35,30258.56,LXK
25,74,72680,9424,600776,-540,34.8,8975.17,QPF
25,75,9104,92849,80,99373,6922.25,644.98,MQS
46,29,57826,23,-495684,1740,67.88,-36725.18,AIL
66,78,60634,852,-317560,18139,-8432.73,-545.2,LSC
87,27,31881,5672,2291,-6788,-21414.4,-60804.41,SVS
46,33,67329,14,171897,58,9678.2,4673.72,KXQ
25,87,99560,55,55,-93,-97952.57,-8616.39,IMU
66,84,61452,3256,270671,-40830,192.63,9651.82,OLP
25,88,24638,77522,24,-558,4044.95,37.81,LYQ
66,86,20939,9149,963,57,88.31,3530.67,MLI
87,37,79505,256,-493907,62,1781.57,337.42,OUB
66,91,37361,94,37164,75445,78,9480.9,HNM
66,93,489,8929,277267,21,17366.71,8609.54,NEE
66,94,96643,27501,63503,49324,1179.6,20.81,SWG
66,96,65092,79473,5600,-593,-971.3,29798.12,ZUW
87,45,49122,5200,4089,68,-4544.8,64.27,NZS
87,48,18773,71824,318,34493,6470.89,32210.8,TSK
87,49,92780,36191,-158,-5064,58984.45,235.42,ZHS
26,8,78231,48,122720,387,4468.13,46648.59,NXC
87,52,44338,56195,97971,82087,49821.32,606.38,AJH
67,4,19806,-30,399245,-46196,-3358.28,-99403.6,EIC
46,60,79050,1680,-351506,71,46.88,-97057.86,JVX
26,12,20964,77,52,68,1755.85,5970.37,VBL
67,14,94210,24132,743174,-28691,65.87,105.1,VCU
26,21,33221,92,31422,6471,7934.7,-92990.1,TPI
67,18,96306,-397,2416,14015,-24632.41,-242.16,IPB
46,70,32596,-60,-74567,67,15.78,55997.3,QBL
87,67,25283,93663,4285,-8833,483.75,69.52,WQY
67,21,26385,535,20107,33646,91.46,8495.9,QHZ
26,24,59056,-347,-24263,994,96.1,26.46,QSD
87,69,29413,-614,60,17,6256.63,-97.41,NIQ
26,28,32573,9742,-91,962,781.12,2840.48,NDR
26,29,40807,11,685,6447,8842.57,883.71,URH
87,75,32146,80,454274,57404,-9937.86,62.57,QHZ
46,80,82170,-903,47972,36777,-29.53,4297.65,ZDT
26,34,24781,62,211606,803,74814.73,-3246.74,FGK
67,36,28581,331,-68979,45419,8947.95,11.18,GXT
87,88,49310,2214,-96,79,-929.84,6634.96,BOT
26,45,50598,61589,569,-91848,23.22,27.12,DKB
26,54,87671,-5872,1496,229,-86285.18,3543.14,CKT
87,99,90491,85,2091,60898,-15717.88,23630.35,YGX
47,2,77586,2860,5339,47,89207.89,-10.29,DUD
67,50,68749,-18381,593,41,389.11,4655.29,HIL
26,60,32029,20,-47,7673,-8318.52,-360.5,KXN
47,11,54796,-668,-793476,-3726,16778.32,79661.99,VZQ
67,62,75568,-18079,44,71,64352.29,18.91,UPD
47,14,33109,88139,46409,57299,-163.11,4525.44,MBI
67,64,93892,-3561,6087,72996,-161.56,36146.9,SHE
88,21,20315,-54475,6025,6948,280.9,-92.64,ABV
67,80,23340,21357,2644,4942,7023.83,3725.67,EKY
67,81,93227,34,76932,23,63274.9,7861.64,SVF
88,33,58781,87,-18162,93704,83028.39,914.4,MNZ
88,36,36243,35,94772,-6053,829.2,42134.31,IVB
88,40,72994,983,47,94,785.98,98.37,PPF
26,99,34834,763,-5086,-26,30.46,92044.14,XQC
27,4,13163,40709,-41,70,99.9,9129.27,INI
47,53,2854,-4628,-97402,965,-31569.73,49891.11,ECE
88,48,40888,46293,4603,8739,967.21,408.57,MFM
27,7,69452,992,-6877,-96423,77.4,-74722.12,EMA
68,1,79516,406,27253,41802,614.67,10.49,ZCW
27,15,63636,67,-3423,11,6730.7,2491.11,ENT
88,59,4709,33608,-8415,679,234.84,-664.64,AHV
47,65,29220,48,-65,11,4131.96,5568.79,VOB
68,18,28920,-2147,-808476,423,70428.77,-762.65,CZR
88,77,26910,99851,11459,38870,71940.81,982.65,DRA
68,29,37692,19,-521463,76,-865.66,73.3,DPU
27,38,31183,2498,1220,24,13.1,-57.9,DZJ
68,36,4854,732,-12205,4850,-419.53,-43033.17,QVT
88,84,5580,59599,72611,-482,27326.8,96.16,AFK
88,87,25980,1676,965453,7761,-10.39,-640.72,FTX
68,44,8889,98,7900,-85,3972.45,2698.38,HPQ
47,96,54537,68,26830,90,57.91,29893.23,ERF
48,2,86731,9066,329,7960,71.33,7786.1,UGI
27,54,60524,92444,-38,1970,20.29,-372.61,WOG
68,50,68006,5414,19,-99,59363.88,711.59,XAF
27,56,61477,-559,724,66,-99313.86,156.26,QCW
27,58,84803,20,727838,594,-669.64,-52423.22,BCD
68,58,7712,10,743,70,-44613.31,88.76,RQM
48,12,6041,211,19,75,549.52,23689.95,LBC
27,65,17628,-24767,-28,21038,304.52,38385.78,LXK
48,14,7530,468,577863,26016,46265.2,-9599.12,RDO
48,15,62075,76,-1122,52,955.36,-2991.28,XSH
68,64,43390,326,949,61031,-54.71,71268.45,FWQ
27,64,26200,29,-46338,213,79.85,3997.68,EAJ
89,11,82148,526,582241,39,-76861.48,-245.75,CZB
89,15,91533,77,649375,-93,-1449.47,6575.65,CDW
68,67,64030,415,435,9701,-7481.7,-65.35,IAA
27,75,57852,-69266,97,37,11974.18,-25.91,MWT
27,77,85398,-4056,40,20,9776.52,6164.26,LFY
89,23,98472,7753,563,1821,11381.6,8407.37,CIA
89,26,19335,40,693,22577,30.38,275.97,BUK
68,78,9380,8530,80,66400,-32859.53,13.48,DSF
89,33,78381,99517,-11,59364,63062.92,9678.13,LQR
89,34,31319,810,7046,21,5756.77,373.61,JFE
68,87,9848,47,93072,-48,-121.71,26.4,FDJ
27,93,35825,-15736,8232,-1357,52.41,327.29,WND
89,38,28797,45666,3916,519,53.97,486.16,YSC
89,37,60980,-7766,-3686,-16,96540.17,82.25,AFQ
48,41,87575,-40,8067,694,219.46,8051.3,EWU
69,7,34443,-30981,80,14591,-10786.6,-141,QAQ
69,13,17742,55436,919876,42021,40693.95,33.55,LKI
48,65,84421,138,608916,16,1776.9,923.33,EVH
28,28,24894,-5038,5322,3641,-4883.32,12.74,TLR
28,33,9865,974,-98,15479,286.8,90199.69,NGG
48,83,54405,250,148795,42079,4861.91,3701.73,FLL
89,80,91838,802,68046,-21,648.53,49.9,BKQ
89,81,76460,58,68,-157,4962.36,5755.49,TGH
48,86,17742,8870,2320,310,-617.87,61575.41,THL
89,90,54841,54613,742,-37,626.15,401.8,PFS
28,50,26531,617,93,77842,714.42,85400.1,OQS
69,47,1583,16,-22,9054,-559.79,-5285.32,UNM
48,99,96855,31657,3405,44806,-6162.3,-71.7,CFR
49,1,43645,-8553,930,-33603,5534.37,4477.97,NGK
69,52,25733,-9657,146234,-3971,22.72,-73635.84,CGJ
28,57,73310,35881,-998027,-3313,18.1,839.43,LJQ
90,1,38502,617,52,-283,92414.14,74367,WND
49,6,27773,-220,5345,-88349,-649.7,-22660.9,SEF
49,10,95854,69441,-83,25,65.76,87.13,JPZ
28,64,94619,44011,89265,-1203,665.5,-2859.2,CHI
69,64,68667,4026,9307,98,58.37,29048.64,RLC
28,69,77968,754,-89,-8113,-618.59,56.26,CWH
28,70,24194,8096,632786,69421,76305.34,25.37,VZI
69,65,84190,-23,480133,-93,-4376.24,-27.5,RIZ
90,15,30999,-1583,251,988,-8584.24,9629.64,ICJ
69,69,26267,7269,584153,121,41928.23,-42131.83,BEB
28,73,13342,78,299996,64544,47758.14,77.72,EYD
28,75,28096,90,236,51,36314.76,2675.56,QIV
69,72,76770,2915,6993,36962,6630.98,952.3,YGD
90,20,33541,-94636,-83,93751,184.74,99.31,UFP
69,73,71031,73,3079,797,6985.65,55.24,KND
49,29,78552,487,6556,73503,4826.68,96.13,YWW
90,28,49780,78272,92620,44475,6406.55,54.33,LLA
69,84,3862,92,17535,-2417,817.64,-496.97,SOE
49,37,22703,19180,73,1498,75.14,-67966.77,HYC
28,91,21789,39,72730,-6024,45168.42,84.6,VST
90,37,82609,129,15,6201,8835.14,72321.3,SBM
69,91,27790,87,-6583,8449,22.39,863.31,BVH
49,47,16736,-2018,2357,152,-9021.56,256.52,CNB
29,1,60699,8434,198493,140,47.44,80551.23,KMK
49,49,84185,-5007,-86,5517,-74.1,755.67,JJM
90,47,89058,26642,284,73752,36086.63,2363.9,WOQ
49,52,66833,506,88605,533,67.48,55225.9,KIU
29,7,31688,71,3758,583,-94.3,-45.2,REL
70,4,34623,-85,5313,908,96.19,951.27,JIQ
70,5,23552,-295,7916,79971,92148.4,-9936.24,UHD
29,10,72324,33,74915,83716,3029.86,320.25,IQY
29,9,16734,28111,27319,-30223,7826.9,950.77,RLA
70,11,77359,20490,-92,-69264,8721.18,50519.25,HUU
29,19,29730,4559,45254,37,-614.66,821.51,KWI
49,70,72513,-6417,8775,5736,5204.3,-845.71,EZR
49,71,3134,-95,-17911,8633,465.38,2965.88,MZZ
70,22,21903,93,-835,6389,173.35,-4432.34,OXV
90,72,27446,-756,62,-19911,-32429.65,82737.57,EED
90,73,46144,765,-360105,-299,-73.84,37947.21,GGP
29,32,15052,30107,141,8630,-795.74,482.85,NKF
90,78,66881,35920,351,22,7198.1,-8631.97,PUI
90,80,2892,66,663721,31296,-4877.87,44219.99,BLK
90,81,36858,-34608,47,683,912.21,-69898.92,JRW
90,90,75514,168,2286,869,24119.19,72164.26,MCH
49,96,53123,52372,419,532,3564.18,515.6,IYK
90,94,51186,15,63474,8443,-97000.46,-57978.29,LJD
70,49,82376,5621,390641,-10007,68342.42,-967.34,TAV
50,4,17808,5568,667022,22,2034.95,1628.4,TFC
29,59,74483,73645,13,-7188,443.84,100.5,BHT
91,4,13920,98,704650,-70011,-75628.52,-44,VHD
50,9,23425,53269,23,-525,-548.5,304.61,CNK
70,56,2882,26466,622,55722,331.16,76.88,SRD
50,7,7818,-409,-8108,46,10.79,870.57,FQR
50,14,69184,-80397,99,6255,1087.74,31.85,VDX
50,17,49204,25,18,74315,-30213.46,91.7,BQA
29,71,3575,-96,60430,68046,-837.68,42049.37,LSN
29,73,25682,470,91,-1604,-7151.9,53.92,SVG
91,21,21757,853,71,-356,6234,66613.6,DDL
29,77,31413,4434,85,-89,401.66,922.67,OJR
50,30,84812,84946,21113,144,3523.1,56.43,LWN
91,27,59064,7272,-383271,22989,20.56,34651.99,SUB
91,28,91325,209,59528,-762,3177.95,-7887.62,YKB
29,85,90091,12600,18494,51,11605.24,89.11,TLW
50,40,38990,42,70,83622,-43.14,369,JAA
91,43,19081,605,7410,-5380,1729.92,872.7,VCG
91,47,83007,65586,-25515,68,-1762.68,6030.37,NSM
71,0,72,6841,531907,-50,148.4,8573.6,DFW
30,4,33149,-74508,998332,9722,6869.67,5451.7,ZWP
30,10,78747,42859,-880759,7520,13384.53,46868.7,CBW
50,60,31709,84992,505,41447,-1278.4,-80120.4,PJP
71,9,48988,-32529,690,20,-64.11,-696.18,HWM
91,61,61178,-767,98,-1739,74.35,30601.69,CRE
50,66,66935,58290,-62347,37,799.66,27.8,WLR
50,67,48205,-55335,2362,869,-825.7,63.72,RTL
50,68,63566,1249,516917,-27,-94215,51726.43,AKA
50,69,73158,-32,-176650,334,-41.34,3320.18,KQB
71,18,26397,-22,11080,4899,-390.8,8482.78,QMC
71,17,79529,-6988,61151,64867,85311.61,-5746.77,TDE
91,65,68291,997,2337,320,4595.87,-60.2,QTQ
91,69,29719,78,3699,37,810.44,-6465.45,YUC
91,71,13289,1473,919,43,48957.8,858.56,WZJ
30,29,87734,-91,10,44277,-3821.83,947.8,XCB
30,31,60779,517,7145,918,-7732.84,7293.13,CQL
30,32,62025,203,5135,48112,3357.52,894.89,XFN
91,76,4934,-59627,487,58684,25851.37,2241.63,UXC
30,35,35113,-16,186793,8061,58476.79,-24.27,NCY
30,36,52120,81,48,16495,721.49,261.85,FML
91,80,19499,-2088,605562,1871,54638.3,78.5,FRX
50,85,17748,4625,-65650,97,82.82,11.75,JOD
91,83,38725,53,-42883,4690,7714.21,110.1,WAS
91,84,30612,14,144612,9340,-92741.88,-20.29,DBR
30,44,12744,200,2638,94276,3483.3,-17388.7,OSL
71,42,29159,5151,27,-10478,8441.45,918.98,WZP
91,91,34361,-5710,619,18,909.35,487.17,TQJ
50,96,40928,614,18741,35,4939.13,5220.58,GGD
71,43,45985,4780,164440,1257,497.71,-39.65,JOI
30,50,14298,-28,5625,1314,-9293,4801.3,GEU
10,4,49242,-6911,501,14616,42.79,-73.67,NEQ
10,5,64838,2299,-254136,6636,-6309.79,387.74,WLD
91,99,52659,18,67008,186,69534.68,21.86,JKW
30,59,66012,72,42952,77787,374.9,85023.3,UVV
92,4,62031,-75243,1096,-17,19.65,51739.9,GAT
30,64,54330,1795,-51,59,-96967.77,57.13,KST
30,65,98267,56591,-684,-96,-559.54,1767.15,PUK
71,61,14026,76,-129223,45,-41.27,28.9,NLN
92,9,55861,961,18457,548,52.75,25.61,VZC
30,67,95650,424,66040,97,7265.75,11.51,VRE
10,23,18548,94,17,7465,4187.15,92.35,JIV
92,16,12588,62676,-16,66995,614.16,49.33,ZMO
51,21,98557,12062,5946,615,-1236.6,91331.43,PTV
92,18,43748,1159,7848,5464,-89337.7,25539.21,OYS
71,71,77141,-457,-888789,752,1410.56,2482.48,JHX
30,80,90739,948,453,847,-2424.54,81505.26,SYJ
71,77,21863,16,-542,-27411,78517.83,943.71,AEJ
92,24,48053,8690,41765,55,71065.99,264.58,EYN
10,38,47589,8066,872334,6401,71425.16,2952.25,ZVW
51,34,50141,93,8017,18209,341.39,-2099.18,JTT
10,41,59092,1479,46,74,226.26,53.66,ZNZ
71,85,84176,11,210566,148,5482.75,88853.15,JUQ
10,45,46380,41378,67,87088,3530.29,4316.17,DBB
71,89,59191,4550,85836,239,4325,-201.33,FNZ
51,52,76835,51,30,-97,17260.81,20512.98,IIM
92,49,80917,96,756,7351,94.11,-9282,QJH
10,58,74923,20878,9895,3573,11.87,860.24,UNN
72,3,59557,5647,529,96636,53393.54,649.5,VIN
72,5,23795,215,739056,58656,49659.89,6784.5,CVR
51,59,90456,89029,-62810,42,70595.58,4949.3,KQX
31,11,94864,29371,31,32092,22608.98,5405.14,MKD
72,7,93331,77,777404,3338,10.5,424.65,NNK
92,59,12347,43,185,37852,3853.37,-90.42,MXN
72,13,86424,854,17,819,82836.49,30351.67,ZYP
31,18,41910,772,-688360,25640,43.2,39.91,QRE
92,63,35641,1329,2366,564,52404.91,56.33,SQS
72,18,55112,30,-40173,-13174,77.88,411.86,PRP
31,23,17273,52,775129,116,-434.64,71173.44,WLN
31,24,25304,360,80,831,-33558.19,19.6,ZAN
31,22,60648,-5687,268,23062,8886.3,14023.16,QPQ
92,70,70955,73,21598,-89958,-1178.41,5547.27,IMC
10,79,69009,-80620,-28316,3540,86581.12,11.17,OHD
92,72,5004,30327,48235,655,47.94,-661.58,GGX
51,77,51223,20,4478,40,-940.45,914.51,PKG
10,82,76859,5239,-237642,455,1849.52,38.28,NYK
10,74,85904,43,-28025,1088,17.86,38500.72,NYL
92,71,55606,-503,13143,-8836,75.13,-98384.45,ICI
72,30,31946,66612,82075,1758,49659.7,-35857.5,JAO
10,87,2027,96923,-84,5739,21900.43,2589.5,MKL
31,36,51211,-44830,8190,94338,343.73,-22108.66,TPW
31,37,28179,74945,-8858,-17,354.46,16.89,LDR
92,81,67104,-562,-519,52043,-6807.86,55098.32,IYT
92,83,31778,3073,49220,-64,831.78,250.11,HNS
72,32,77551,-93777,41776,42,2943.56,670.62,BUL
31,35,74104,3763,8633,-178,-1388.1,23.47,WDB
72,38,35386,6015,-89,643,5903.16,14.96,XNR
92,88,6812,9534,458499,23160,59958.79,44184.95,SRA
51,93,4280,7887,-770885,565,53438.14,93.54,YQE
51,92,90091,9543,79563,56,366.83,-136.25,BDN
92,91,64425,-75,-279920,1713,142.76,84697.15,RYD
11,0,4555,2738,8365,7815,-7650.55,30.8,KRF
31,49,99947,430,14443,-81,63.85,3310.49,KAT
31,50,32658,54416,583,59,54.84,-76.52,VPV
11,3,32236,2274,834968,49,1586.37,20627.83,MYE
31,52,51215,-36148,-857,99,-57.16,-54168.19,WKX
72,48,61803,-10,34,889,891.64,7139.67,JAM
31,54,18674,76,37,4601,6879.12,28.45,UIS
92,99,7632,6804,-600868,17,5936.84,-6176.51,PRO
31,56,68361,18797,-4372,55755,88433.9,61.61,XQQ
11,4,63145,5610,422293,-490,9676.6,-86437.55,XPZ
72,54,35331,8407,3596,35898,-537.81,7343.75,UTS
52,8,13957,28,28,404,-59.37,734.21,IRM
31,61,21068,-26857,-395,3285,-419.4,55.97,LEM
31,60,28452,19,1854,-80171,37.7,5772.11,EUC
52,11,62914,-644,-756349,40,-84.1,1622.44,EGB
93,9,5378,-2581,1234,371,-753.42,95.99,MWW
72,62,20766,73429,8989,2092,61.89,-81242.76,TKN
72,65,41716,43922,-840549,497,91.56,598.48,BAF
11,25,7270,1025,-98,-36366,408.6,719.2,JQA
31,74,57403,57,31639,-57915,6564,-373.15,OTX
31,75,23943,-11,408656,-50026,104.39,9117.21,XQE
72,72,74321,-35,-870,-46,259.1,95487.6,FKA
72,70,77369,-708,954982,-4366,-48.16,70.78,ESZ
11,30,15985,115,4272,55,3099.73,6328.88,JZK
93,23,34818,527,81,-539,-41.63,38064.7,GVT
52,23,55954,49999,-4025,-2570,51.2,8084.48,LFI
31,80,29564,967,40,-5807,-29759.59,34778.47,BNA
31,76,95852,836,9254,-2491,78342.56,3814.16,SLG
11,36,6352,-93,-299,107,-400.4,-81.21,FCV
93,29,34518,54363,-601,-22723,56635.69,20.49,FWK
93,30,49701,64310,721,81653,826.51,34818.14,XWA
93,28,54028,70,-52,51,3118.99,-35157.57,PMY
11,40,90777,41,635,2591,-3883.52,99927.65,ITA
52,39,58205,-974,-139047,7264,-44641.48,87182.48,TVK
72,87,78301,70237,4962,569,80.23,-7475.67,JSF
31,93,72215,-939,52951,40,21.16,678.64,YEZ
93,38,76140,134,4716,1084,8768.4,39.51,GKQ
31,95,26766,524,998049,-44,-6191.17,8645.69,WMA
11,44,44971,9936,653,76,-93.54,-2464.7,XSR
93,41,98990,9273,1138,941,73364.67,-387.9,NCB
31,91,24417,40,8338,-36,-42.64,20.66,ZWP
11,51,91208,-85,44,1381,6313.13,37749.14,FPP
72,88,67035,2669,113154,40157,19.57,32.79,EMP
72,99,1384,10,-883,713,487.57,34.32,WNS
32,3,48949,796,-11,-45929,524.57,3367.15,GZV
73,0,3928,-97,88576,482,5745.7,-208.2,UNE
52,54,12243,20544,79,9070,14.87,-159.3,NXF
73,4,27563,926,172,90,-31387.25,35.89,DXY
73,5,59596,7838,8532,15507,66.65,635.76,IUR
73,7,99838,45,310,-97707,46.86,-21155.58,PIK
73,8,38967,-59688,19,-31078,473.27,81465.63,BWU
93,56,65961,159,73907,86,838.58,84.62,LZQ
32,14,7810,377,-860,-5144,28.14,2206.18,HYM
93,60,74483,-30495,-98115,-1891,311.69,9543.16,CFG
93,61,69073,7142,438802,-723,51.29,40.23,QSU
52,66,37982,94724,621,-759,2412.44,59.12,LKO
32,18,772,-8902,-1521,911,114.58,73773.57,YIQ
32,16,55668,24,83,68810,92151.72,78.1,KPS
93,67,68577,11875,-234,645,-9908.1,782.5,GFK
11,76,41577,5810,964,351,-53.4,5669.71,UIB
93,71,44522,32,3726,31,54.51,29838.54,QCG
11,80,74810,1610,1282,-2792,-442.73,-65.59,KPF
11,81,26326,477,45782,4341,41929.5,75.62,WSO
93,75,72020,5329,369,353,50001.22,3017.75,NED
52,79,86440,-32939,72026,83152,3298.26,2611.54,JES
52,81,65194,50,491814,-34,-84.97,961.16,IXW
73,29,34705,11251,-2756,-63945,-89369.35,6494.96,YPM
73,30,66691,67897,-502,40,851.42,-667.94,PWR
32,37,97552,19972,333216,5954,57684.99,6645.33,XKA
11,90,1939,3075,-312,-30,98.31,8168.77,FQR
32,38,95331,-327,68,56966,30894.24,586.33,IOL
52,89,45196,-927,-77,81000,463.69,110.53,DWV
32,42,97000,48727,-7380,-55,639.66,81.55,JLC
52,91,69296,9544,4361,904,683.9,93.81,DSX
11,96,1103,781,123,87,24139.64,-678.64,DRV
11,97,69499,92930,97799,37,-93815.56,17497.15,CNO
11,98,59320,68,399782,8392,58930.91,-18.2,QPD
73,43,56590,40,80,884,-81.29,469.59,ALE
11,95,67418,1668,659266,1693,55318.9,655.91,WFY
73,41,59364,405,392,-714,6172.3,63649.56,SZS
73,46,40928,-170,533,-62,83716.79,10.82,WFL
93,94,39948,34,391941,2680,-483.34,9222.49,DID
52,98,19391,96,175,36,-3101.83,-29580.13,SGU
52,92,49312,-90,571,208,2461.69,-85827.73,DYL
12,6,93533,960,2133,46,30888.45,79.8,ZDY
73,51,6005,93,434346,-69,92943.23,-758.75,KIL
53,9,96060,67,71423,39,96918.89,-16.18,JTH
12,15,45157,-6685,65575,179,24862.13,6817.79,WNY
12,16,43158,73667,489,-6349,80390.63,-75306.42,WXS
12,17,32298,591,876022,9878,264.36,19164.71,GBS
53,12,23752,169,69014,-40898,-83.7,605.85,RZP
94,10,12122,28231,178,364,104.99,168.9,REG
32,66,54558,25,63326,1695,39.1,-77.43,PEJ
94,15,51238,95315,9969,62,98.73,-9226.81,RJV
32,74,61824,4711,423190,-630,-55103.43,7529.26,UTT
12,30,3421,-98,52385,39,7445.58,55923.41,NQQ
53,30,16431,-50,93,603,62.5,-651.6,KRA
32,85,21715,-62757,554,809,41227.46,10.48,LCW
53,34,39238,7570,2239,83649,-46.36,654.71,QMZ
12,37,52447,-31,47363,82082,51.77,51433.61,WOB
94,31,61245,750,87075,-2259,23993.68,382.41,DQU
94,39,23160,-689,29,70,1870.62,3103.4,RRM
73,92,6968,64629,-96,97818,71102.32,279.23,YZQ
94,41,21893,50,846,3968,41824,999.26,XAU
32,99,36705,98,145247,-978,13534.83,1354.44,JLV
12,52,71354,62309,-201442,7254,-536.79,-704.24,CVQ
33,1,47029,68872,3748,-300,15127.95,341.63,LLF
12,55,34873,-6013,37,-9832,36.79,-690.22,OHW
33,4,84442,9438,83433,6474,193.41,43998.62,XQR
74,5,52321,4881,97,86,990.13,8207.74,GCV
94,54,85641,307,-74,-912,4707.37,958.9,FYW
12,68,76475,10,78709,51,-207.73,-6456.58,MPZ
53,65,73542,-65369,324,81,58517,-35.43,MRE
74,13,4260,62,99876,-941,56656.25,280.3,TJJ
33,18,33239,3503,5948,1442,90583.71,64224.89,KBS
33,17,20674,-23683,120,85433,735.9,-320.13,XHG
94,66,76159,-7084,29271,45,-14487.24,26957.7,LWG
33,24,35296,93,803901,7798,731.29,2592.8,OKZ
74,21,3468,5612,13231,63964,11.77,-6825.3,RLX
74,22,15889,26623,766,43368,46165.83,842.42,SEY
33,27,18458,59,58,-8077,70325.89,8214.27,QTC
33,28,69899,-8644,920,-372,634.67,24644.79,CEW
33,29,77813,-7422,-426,1894,6682.29,27681.7,ZOS
12,82,96205,1468,81588,88314,91.5,818.9,UQK
74,27,77822,317,18,66392,9113.24,38.92,RPX
53,77,17248,-43,52,-90312,-9252.5,-675.59,NEP
74,25,73654,45341,942024,4507,-773.48,43785.37,IKZ
33,35,8931,60474,-93919,186,69515.6,7493.14,OYC
53,84,56646,-15,-6993,-72315,77848.99,8590.63,YZB
12,87,34334,-76352,-78750,619,6250.44,51.19,TFI
94,83,20119,4468,51,-21476,4987.6,92199.5,GNH
53,87,55156,-80,-609961,-38,722.77,-28936.71,AGC
74,38,71955,68,83575,440,355.62,9048.46,UOH
94,88,98917,36,663,57440,91395.47,3759.72,HRC
74,44,83672,794,11583,-4140,98922.6,29902.55,VOF
94,94,78780,-8422,88158,8843,27.7,139.8,PVI
94,97,26886,87387,-354631,844,4063.25,712.55,KBE
95,1,98509,58,382,37541,28961.83,27484.39,JRY
33,57,37590,7414,13,2187,-2641.32,23.45,HHO
33,62,6030,90478,38208,72,986.68,11.51,XSJ
33,63,57438,15986,-9987,460,6956.19,42973.64,OBL
74,61,17657,-69,-53,60102,98.71,39.61,DBL
13,18,97123,823,385,37495,85173.45,50.69,PEO
74,63,58961,91,473925,71411,-57418.43,678.8,FNS
95,12,21660,47,865,1963,34.4,18503.73,FGM
95,10,13804,1786,-45871,43558,84.55,47097.48,CYS
33,68,64133,344,39024,5443,2432.59,-3576.45,WLD
33,65,52129,291,-26,-850,6447.78,-83.61,NQD
54,20,35152,7640,489,683,453.87,34982.9,PUS
33,72,37595,-82324,422,78,4610.14,63867.51,DZD
13,24,12267,5807,475,32620,68138.67,85.47,EAV
13,27,32282,87,111828,-4986,23911.69,32.66,WWC
95,11,16245,382,78677,10,-21.94,-21443.94,PMG
33,80,5448,225,99183,58776,8098.56,-8578.62,UOT
13,36,66069,36547,652947,316,951.3,-59132.43,NMP
13,37,5935,-2814,767160,44420,7109.26,552.87,QDP
33,85,29575,77,393,4210,3898.49,77196.1,GDD
54,35,81876,748,182,463,63535.96,892.11,PXS
74,84,54187,7220,-952,981,-41.55,692.46,DUH
95,29,46640,6014,-875,89,9296.3,76120.34,GIU
33,90,49440,56646,201973,984,-8476.39,-545.5,NIZ
54,38,44936,9604,-25490,-4377,-513.6,-888.55,VGL
74,88,36433,44742,47,91127,8402.6,190.18,YXC
33,93,41758,8026,29,-16490,44.76,77.64,PUD
74,89,12923,65036,775,72732,913.6,8851.9,BLL
95,38,99150,26,-3692,139,-663.7,4699.23,UNU
54,47,93373,788,61,256,32.55,-76397.7,XJM
13,51,79706,7388,48361,38,6052.86,64.8,UIN
74,96,28760,721,-798,-538,-14030.24,642.71,BRY
95,47,63912,70362,2468,527,-98.6,-958.74,KWU
75,0,17429,1764,69946,11136,-998.56,9986.85,GQF
75,1,63117,449,16527,909,63.7,78.48,MIC
95,50,29486,85076,6536,-391,-46.24,-45114.59,NDU
95,53,59059,29403,62,328,8295.41,-5035.87,XTE
13,61,73533,937,412,-82,302.29,-741.32,NGD
75,7,28343,89713,618972,-3823,8151.83,73716.38,TGG
95,58,83027,937,63693,27,38.46,610.51,CMD
13,67,90734,83,-4482,-85777,4487.82,455.53,XHN
95,60,92785,-83892,573,77,63666.5,672.57,MTM
13,69,83967,892,365,98,69776.64,478.85,YYT
54,65,95711,35,8730,137,3221.49,-9250.29,AHO
34,21,97270,-396,988452,826,72.64,526.95,RFF
13,74,73571,-29441,-8512,5523,67.91,522.87,DWR
34,23,47688,89513,-19275,205,6961.29,-889.25,MDM
95,68,31005,2653,860544,768,9731.32,90559.46,SFS
75,21,36714,-64285,92,55096,14521.73,-221.29,VPR
13,78,83239,504,-13712,984,961.74,597.37,SHX
75,24,37716,93,-13024,5737,252.78,-32.46,VHH
95,74,93554,2647,96,4067,19235.65,53728.72,DDC
13,86,94234,-34794,689829,917,16.15,-36.33,FYG
54,83,54710,-91955,-825,82,-53812.32,65.87,UJE
23,11,21261,7172,65665,449,-43.88,96.88,VIW
95,81,85378,8876,39104,36,7026.3,24.64,KBK
95,84,21654,6075,15,-773,51784.88,-756.89,LKC
75,40,87492,82,8851,8893,537.91,143.31,UCH
54,92,27543,-67,617,-33088,38006.93,-466.92,ZAV
75,42,83314,2855,46,63,-1859.85,-8386.76,QHN
95,90,91188,-3139,3257,12,60.67,36.8,PAC
14,0,95652,-83,5872,335,351.88,77279.3,OMV
34,49,97424,78668,26067,6989,-965.59,4459.48,OHG
14,2,41244,885,325772,-75,-88689.71,-11291.86,CEQ
14,1,80264,843,797682,697,4121.89,407.2,RJT
75,48,55101,57,386154,61117,5454.69,28291.33,VMI
95,97,21101,454,-592,-4140,12.96,87.33,EYN
96,0,40255,5683,630,286,59.73,95.6,ECS
55,11,19367,18,-897,8165,-59479.52,16.31,NZE
14,16,2761,6382,9003,502,-29825.16,18.49,HSK
34,63,53189,4451,-31,5124,98335.4,-3934.99,CZR
14,18,8008,-52186,884,49,2395.65,11.34,BWY
96,11,51528,45,919328,729,85.18,-38.14,QAW
14,20,82288,60830,331105,48,52.56,-54.68,DGB
34,70,273,82,-179,61265,108.7,8329.7,LOM
55,18,72284,3089,-78561,266,49.7,3871.85,ISV
96,16,91516,-7050,525,-79,14330.2,3149.71,KXI
34,73,8008,96302,232,-190,146.16,5101.18,AJQ
96,19,46658,9381,471,73,82748.87,-695.81,ADB
14,30,42695,849,4042,9999,81132.59,5712.46,XXK
34,78,7075,-59,-10414,-61,3974.26,174.13,TOH
96,23,5759,69,42,-398,7356.18,49630.77,ISH
14,32,46331,54,-75302,18468,61273.98,748.4,YYD
55,27,82496,3559,934,-48,-590.73,34231.87,PTE
75,80,37424,3215,6322,1317,-129.68,21.98,VRV
75,81,76933,-3253,46585,61959,25.3,9401.54,BRP
14,38,35572,449,360,-62512,4493.9,27.21,RXO
55,35,62037,971,868779,921,583.95,-80476.58,BTX
75,84,60536,21235,335438,64,54.84,42.3,VUH
55,37,40592,89,58194,47,3687.42,4376.1,NIY
75,88,19094,82658,-292,3683,-85327.67,7023.46,NTF
14,46,12364,72,99,17,91311.61,50911.61,PMW
96,43,73666,69,6040,488,38805.32,366.27,LQA
75,96,25796,52,995488,44641,905.82,-18709.18,GZN
35,1,61274,-894,-955006,8118,-29522.14,80.48,QCB
55,49,19476,74992,5300,3674,40.47,938.92,MXE
96,45,95669,97,9668,63,243.66,7430.91,ANL
14,53,97408,8963,2352,69,90763.26,4658.39,JHH
55,51,40245,-56765,-430244,98446,44632.87,-50.69,MQJ
76,2,26752,274,9211,26,34410.21,97.12,VEQ
76,3,59292,955,-9301,72,-84219.76,92.84,SKF
35,8,58429,-7541,24005,52,216.28,6622.26,FMU
55,55,87228,87,-23,48,7788.55,58.24,RBS
35,9,74667,-98,121,98721,3296.99,84865.5,OXL
55,59,80486,17089,73,31537,69074.56,78309.6,PFY
14,63,87766,91,88524,96,1964.57,9097.99,HYI
14,59,34227,93,687408,12514,34604.74,9721.57,TQX
76,10,12324,-25333,-27891,32977,75.82,7198.9,QWS
96,54,46648,644,-838775,-88592,-83740.33,-3215.83,EQM
14,67,33150,494,228,89,8723.39,25943.21,WVC
76,14,81088,-78723,936,-555,8962.82,-67.98,DGO
35,23,70202,822,-119962,511,420.17,439.3,EZA
14,79,2912,-9876,-65,10,-77290.93,25710.24,GIG
96,72,67774,385,-193,28176,-5479.36,53.96,KEP
35,30,75857,-4891,991,73371,574.8,84639.37,VJF
55,79,42886,583,8348,67,-980.81,11164.83,LOL
35,32,9505,15,-741,17531,25.72,42086.67,WTZ
35,33,68075,513,655,-68626,19.54,24.83,CJM
14,85,37577,31054,624,957,-2877.84,-1011.97,OJR
55,83,81003,951,829,43,31386.22,434.5,OEI
35,36,79266,66,-847132,4526,341.1,34226.1,WMC
14,84,36297,-4233,12,27527,7946.2,72926.1,QRD
35,39,97885,366,7111,28,88.62,963.2,KYX
96,84,18313,73,-37812,17471,5117.98,4524.3,UUX
96,88,70172,-51,311110,1611,675.73,9788.44,JGK
96,89,81025,284,-6042,-45,31.65,71201.59,NYY
96,91,23682,835,41,-48,39648.6,15.5,FTC
55,96,67989,-91048,51341,7732,912.5,719.25,VBK
15,2,14322,50,646,83777,771.65,6298.38,CGL
96,94,62497,-548,593641,75784,5061.94,367.17,GYZ
96,96,22369,405,-9083,9047,1554.86,73526.75,TIF
56,0,51530,51718,34972,33799,440.95,-666.25,EPA
76,47,92204,-25,4020,98071,459.12,71963.44,CUT
15,3,88960,5696,3668,15,-94.31,90.71,GMJ
56,4,25551,-37,338,39792,-38.11,848.4,MWD
15,11,41483,643,5931,94,683.14,88.15,VKD
35,61,2840,46662,69617,-9709,164.3,-811.86,BMZ
97,11,17163,27421,-261605,474,70931.87,-3506.9,PBY
35,67,11776,78,502,-4187,66076.97,-1558.17,SIA
15,22,57226,47,-79,-5733,3724.88,1749.28,OWV
56,20,19954,2923,43705,289,-64.24,-92.86,QAR
35,72,86359,312,-65,620,3214.37,1822.44,JON
97,18,12196,-7977,35,702,398.59,46927.23,BWJ
76,71,34817,-78310,3582,-48,668.57,4543,CKS
76,75,54546,696,895581,106,-9414.57,14873.37,LVA
97,23,93609,486,-914196,156,2994.81,66.91,BGQ
15,33,92249,698,7392,11,-34.8,89859.41,WOE
76,77,1277,-110,85867,-474,211.91,-84084.5,SXP
35,82,74165,39,-365127,-158,31.94,7852.4,MVR
56,31,43307,938,837954,13,73371.78,91.47,WRE
97,29,33949,1441,913,845,3184.47,-706.93,ZKX
76,76,76859,-46380,15,23644,7520.52,88007.32,GUZ
15,40,98809,2120,-399874,1333,-2419.45,4773.19,BUC
35,91,15350,3493,709,26971,53365.93,773.62,NJI
15,44,52401,-6590,2780,53,42.27,9047.75,FEI
35,96,5096,13,878889,36498,-5065.59,-375,YIQ
97,42,51288,-1054,300630,9433,31223.38,76477.88,NJK
76,98,64934,574,-439,751,4150.76,2725.28,VIS
77,1,46637,191,517,647,9607.9,18418.19,OYX
77,2,32465,66907,1971,1783,94.72,79884.11,BAK
56,53,37893,7234,740002,-23761,13.55,53.75,KXV
51,94,61604,30,894,-49476,-84402.88,48163.24,KKP
15,66,23160,39,886,6980,703.95,66054.34,NDT
97,59,95767,37449,828204,-44908,5964.73,81.55,OXE
97,64,38414,41,12,35062,16876.74,8980.62,APE
36,20,48609,475,5816,-746,517.11,20332.25,MPM
56,70,3337,71,95983,153,-40148.67,-11956.9,RRT
97,66,38859,872,9938,965,9988.27,-665.17,ZVX
97,69,26336,-41,5771,85,78.53,836.64,WFQ
77,24,9889,9412,7680,9323,726.43,73.79,TCE
77,25,10599,53798,-18588,70794,-70896.57,-14831.65,WDN
77,26,80052,-352,10,81,736.23,45860.23,MID
36,34,31185,14,1855,-56,232.36,81238.23,RBE
56,82,68652,61,-752,251,92886.74,-47.18,HXZ
36,37,33559,-37,385232,96,710.12,19309.19,HQV
36,39,61926,37,47,21770,2162.15,-76.86,IBP
97,83,51868,803,45782,9113,63.93,45.99,GMQ
77,36,64432,16,305640,33,-61.81,-2251.57,KNF
56,92,59219,665,199724,-24353,941.66,98342.26,PAX
77,43,15099,32239,882,96,91.56,88.39,TDT
36,47,24580,65,150852,-7470,5859.86,-665.62,PJN
56,98,97622,71,64,-56619,-75.84,23.74,LBH
16,3,39017,9508,11271,54892,237.57,-4337.7,AYZ
16,5,40934,5914,671340,1564,9669.7,-9940.56,CUO
77,55,65341,4603,21,4024,366.6,-43789.4,ACK
77,61,47624,61,-99319,688,-65922.92,20078.52,XVW
16,17,29572,61,88,54,96751.5,-8556.57,VPG
16,19,72476,82082,762462,-659,-223.97,2950.42,XYO
77,64,34444,-74596,84,1809,5576.4,-82714.6,WNT
57,19,30256,-160,192,922,-1605.38,-478.64,JLN
16,23,22808,82812,889352,-8754,50959.47,91151.89,TCF
16,29,77075,840,234738,32,88687.5,76.68,OYP
36,78,28978,816,1241,47,73.75,14322.1,OBB
98,22,11072,59,-934035,387,7702.99,57158.88,TPU
36,80,92280,66,-520641,97002,7963.22,61593.78,SFY
57,29,26678,48,813090,807,49705.82,-96.9,EOZ
16,34,1647,4450,-223549,925,6946.3,78.46,VVK
98,23,45918,-38,2791,21,51.46,37827.35,XKN
16,38,72722,93,70,-85,67439.48,809.37,RWL
16,42,16425,59,-302,96,-72.98,5986.4,AXA
36,96,75688,735,-380,947,-62.84,431.97,FIZ
16,51,99244,86,-794,23,89.2,47564.78,QHX
37,0,87805,8810,-90,33,7334.9,695.51,XTB
57,48,25275,1301,827647,-493,35.13,-3623.35,YXO
98,46,36818,17,339176,8259,35.57,79.64,IQC
37,5,74440,-813,6525,6392,30167.78,13259.18,RED
57,55,58567,4245,-292,44491,58290.94,92.54,AFC
16,59,77347,42595,1070,92108,-64417.85,94526.94,QMZ
57,59,92767,-19,6001,39908,8251.89,100.13,XRU
78,7,55422,-20982,2473,-892,96439.27,543.3,JZL
37,13,3115,20,-6205,7971,30825.2,554.1,NTN
98,58,70184,34,93,-944,-61.12,607.61,OKH
57,69,91545,-83688,8065,75,90.81,33.33,GNV
98,68,45328,48043,-33455,786,83423.73,61127.18,BFD
16,77,78480,90,80,8666,-9658.8,798.46,MLX
98,69,91640,-5485,143,97,96888.17,8522.41,JPL
78,23,6779,52739,60,7057,3420.93,61.73,YTH
37,26,48783,588,918,998,-7696.73,71053.63,PNB
98,77,37019,8148,68369,8416,81.26,66536.82,RSR
78,37,284,-3608,81,798,-3070.9,97046.75,DCW
78,38,19199,7309,15409,256,2543.7,83.62,VJR
98,88,8435,53774,-906111,3147,38415.3,873.92,BNG
16,96,15962,1949,9749,93297,93279.22,47675.34,VRY
78,40,90797,98,473243,72,-36.65,67.4,DWC
57,96,3171,-25647,440,6942,-809.82,86.72,TOB
17,4,52638,91071,-12873,66896,70589.11,6595.5,YHY
58,3,85635,-64934,83269,8733,5632.3,-353.54,VOH
99,5,56305,9890,13,-66576,42.17,4970.4,SQD
58,10,32513,-604,26884,9599,96264.9,242.39,MFA
78,59,14590,9864,411410,-47353,874.48,85.73,JKH
99,13,54634,9277,824,658,14437.87,-5853.38,MUS
78,68,38086,592,85213,849,52627.4,62779.56,YEC
17,25,6967,619,947296,82630,-68.81,-1401.5,GFM
17,26,98169,763,62839,53,78648.55,470.87,LXR
58,22,58258,643,61,-702,-754.54,-423.64,JUW
78,73,82941,206,161,4612,382.2,729.85,ZVV
58,27,35690,25,5428,6352,800.12,9597.85,ELH
99,26,75653,165,85625,11540,596.54,-24.26,EER
17,36,72514,714,-77602,29730,519.4,1521.3,KKB
58,33,35528,956,-339,-615,59496.82,743.53,GYW
78,82,98084,4924,-308,423,-4748.84,61.29,XGS
58,37,76184,4726,1098,-48,79406.74,13.86,FGL
37,90,9870,8170,32,956,827.86,87.44,JKY
37,91,64611,502,-30326,40,79221.13,631.83,MDK
78,87,98086,6804,-865661,4761,632.6,56879.89,IKS
78,88,19063,1655,-72,-5787,-715.41,92.4,DFN
17,45,2004,-968,13,81,608.89,13465.87,PKK
99,40,3306,565,307,855,26914.68,-361.56,RDK
58,45,68426,77,50,91,35.93,437.44,WLD
17,49,56425,2077,-88808,140,45448.69,72.84,HET
99,41,67837,69947,658,4948,7573.31,76.13,UQL
58,48,36342,28821,644,-538,3907.64,-95.85,OYW
78,97,91985,98224,222751,468,-52.7,31358.3,ODV
99,46,62551,350,783195,6134,-53406.72,56431.78,GKX
99,47,40984,61,-679885,932,38.88,57735.78,CBU
17,55,95110,218,483833,61885,44216.45,92.32,SYQ
99,49,52274,17396,451,29725,-4302.44,656.7,ULJ
38,5,82341,99,914904,459,89171.43,-265.38,SOU
17,56,40484,87,38123,324,-21097.36,60.78,JDE
38,10,18420,56,577803,34,32107.39,136.57,KWX
58,59,97076,-26179,576,66589,77.28,2077.85,UER
38,11,57631,29,-82,91,5888.91,-8096.89,OEF
58,60,38652,41,-439968,78,737.32,35941.86,RXE
17,66,64106,93,-24510,-75,57.15,-49.17,JMH
38,14,64162,-8133,90796,-4894,1415.17,19978.17,IXO
79,11,8692,3927,119933,94,53.5,-17949.37,HPF
38,17,88498,61,35792,52,-31371.19,191.52,ABL
79,14,8056,926,65032,23,30997.42,-8620.46,FRD
38,18,70422,561,648,-4728,244.92,-234.95,WHE
99,64,14416,464,-29,-74,-6359.59,162.13,AJV
38,21,38052,3057,6445,66711,-56.31,51.61,WWV
99,72,98101,66,13871,-323,941.37,-50624.39,NWC
99,74,24887,870,82019,159,6837.65,-91.15,SHH
58,79,34219,737,425911,66,86.53,85.53,UNT
58,80,74490,11004,95759,-73,292.36,40.81,XFV
99,75,29803,671,87,-99894,659.9,55.89,LQO
58,82,12537,821,445488,62,-14.55,543.63,BGQ
58,83,66418,186,313963,72,482.81,11370.9,KVK
99,82,67255,76,5172,299,278.95,93846.47,IFO
38,40,28300,9735,644,2956,56.7,817.5,IYF
38,41,5983,72,-88,40547,60.84,768.9,BRR
58,94,87332,787,-3180,-3414,771.43,4687.79,LLC
99,90,93211,-35621,74,33,8592.65,-22750.76,GTZ
38,46,64959,49431,90,78003,3763.77,-67.3,ULC
58,97,18354,70,14583,-34458,368.2,15.72,QLN
38,51,85697,661,-992,45574,36370.6,-75.81,KIB
59,0,16089,-308,582323,17,521.48,-741,WOY
18,9,99458,3616,-39,-877,9708.92,44.14,AJP
79,54,67285,35925,-4701,-163,901.3,552.2,VOU
59,11,46476,8740,22783,14208,-285.8,172.58,RAG
38,64,78855,-5094,-67,48853,164,65.73,IBR
79,60,25752,35,-759735,7779,2583.7,-66628.72,DUK
18,15,85187,51593,98695,4570,828.51,89.24,LYS
79,63,79877,139,37191,9975,-93498.61,11.63,WGN
38,68,3407,261,66740,3483,47.87,-6639.85,NWV
18,23,17474,498,91,46866,23445.42,765.1,QBM
38,73,92621,182,3570,14,63.94,19027.94,EKU
18,31,8386,82,-44647,-54799,23367.91,84.18,FXM
38,80,90816,91,-532072,10708,93.57,46343.46,HXH
79,77,14195,72,9032,-1267,12.78,386.27,AEB
38,81,14242,65775,52,37869,60.72,20.75,JIB
18,33,70941,5780,-87,-366,96667.61,-16790.66,VXJ
38,84,43047,3527,3867,10,-5686.43,3563.48,WLN
18,35,27878,-319,730,4810,49943.88,32.8,WPZ
79,88,58598,94,24,861,7926.22,834.4,EBP
18,52,13530,-75,71,-97988,44426.65,17556.81,JOB
59,58,35427,28906,-349938,-1279,-908.68,-1855.76,EOU
39,11,39257,3199,990053,4734,4830.59,68685.42,YDD
39,12,73400,871,41085,46,-1195.51,72.78,WTQ
39,10,76360,99,-40073,-73225,52.28,854.26,WLJ
18,66,42527,238,-311,-63,117.36,687.9,SYV
39,17,73889,3975,67,-9967,-10.91,-76.4,EWO
80,15,10195,25,-268895,47839,-729.68,-73504.98,HCG
80,20,17103,-861,-1917,53647,63.2,-897.94,RUZ
18,80,87552,60,119,70055,1916.28,-39.88,BFN
59,76,29330,65897,18,6187,-24086.88,-858.52,KYV
59,78,84357,88,451832,28,24103.82,-1669.24,NBA
18,83,36968,3888,-66,92169,594.86,12047.9,SUJ
59,82,81830,2646,25,52,71.45,276.78,WVM
59,92,11368,73185,7246,6157,31.45,852.59,MHF
59,93,93980,-195,187,809,26.56,36.58,EYW
80,42,91133,10,-271180,94,-13.3,-1817.11,TZB
59,95,78421,37847,42274,64915,33.55,7199.16,YMS
39,60,22047,7555,-66680,9836,1847.5,9090.9,IJC
19,13,29298,-40,47,5458,-27.5,6212.22,PEN
19,19,98088,38,92642,7108,89.59,-45.91,RXU
19,22,49937,450,-81,8248,939.62,54.67,IUJ
19,23,60961,83,-2515,467,-57.6,-85.8,QPU
39,77,25950,-37,182953,18447,66.92,-15359.41,KAQ
60,26,77515,-24722,388866,7316,3830.14,2174.5,QPC
80,77,29686,91404,27,45552,56313.53,-630.99,GON
39,81,38391,3238,-178,91,9821.5,-6890.87,EES
80,79,24431,559,413,303,52561.43,50.9,IRP
39,84,85600,47,-652,-730,501.65,7573.94,AKJ
60,44,71149,-12621,-2707,-1470,-728.34,-15464.11,YAZ
19,51,4836,3539,308,59832,94919.2,24.42,OVD
40,0,21759,23,68,278,73.8,99.6,TGH
80,96,39882,26507,35,-290,66416.76,50.19,QIY
19,56,66816,824,95547,-72,3661.73,14.77,EYU
81,1,48227,9651,116157,127,-286.76,78692.7,IDH
81,2,25492,-495,-832,6828,16.47,8604.61,KXX
60,59,96622,35,510872,468,9033.88,70.34,JMJ
19,69,98311,5066,29755,-453,19.99,-45.68,VNE
40,20,14571,58,63250,8411,-14.35,82483.35,AAI
19,74,51794,-85160,89,3321,987.12,41614.3,EHK
19,78,10792,-64538,131,-87,17938.72,42,GXQ
40,27,36306,66092,614,847,-5206.19,-59885.48,HVD
40,30,31549,693,-221,99339,70360.17,409.26,LJE
60,78,40926,1334,8285,-27,46.35,90.44,HOH
19,83,94451,9052,-3576,-367,23833.61,60.63,FSB
19,89,94058,68,985826,756,66455.22,6416.75,NUI
60,87,16928,386,8727,-967,18.72,-495.44,VTJ
40,39,78759,6988,75424,3961,12341.19,-18.8,LIZ
40,40,12748,9032,37073,1391,-37080.72,-26.56,MUI
40,42,53288,120,67,-25800,-6584.42,97.24,ZCV
81,39,17541,-41,55216,636,-10.57,-17421.43,CDL
81,40,80666,4665,-208,-8860,-2253.68,1415.53,FZQ
81,41,52132,341,-26,3375,-935.12,46.63,UWR
81,44,5430,17121,23562,84514,67345.76,6556.29,JCD
81,45,73884,654,8681,-55,54419.3,20.12,PBQ
40,48,46713,47,5869,-73380,65.65,-73380.85,GCV
40,54,23420,-9871,-685,16,45746.3,-305.82,ASM
20,7,58176,-48295,4498,73857,97962.66,822.6,OFQ
40,58,90079,-48824,777,34,32.4,409.59,SHN
40,61,76900,81,-8572,-524,79.64,3451.21,RBY
81,58,20708,70579,-851757,8891,221.85,9262.9,BRD
20,20,84316,41448,84,19,-70.51,-22.3,NHQ
20,21,86192,757,201285,786,32.38,53695.24,KOZ
81,68,34580,44073,39,546,-9023.63,770.6,VLC
40,74,83348,29,-1580,6578,-56.51,9153.69,SJA
81,77,5120,371,329192,2626,943.98,4371.89,LBA
40,83,99236,-997,8692,14186,392.63,76367.91,AGN
40,84,66963,8201,244662,-3473,940.34,7725.6,KAD
61,32,37684,3754,62,61737,7906.87,28.7,HVG
40,87,74821,355,-78,9949,69985.83,97874.58,VUD
81,85,71127,23,-39,17,60.3,94455.5,RRW